method,time,pump_id,observation_id,pumping_drawdown,stream_recovery,water_level_change
ADF,1,pump_1,obs_near,0,0,0
ADF,2,pump_1,obs_near,4.01703046310806e-13,0,-4.01703046310806e-13
ADF,3,pump_1,obs_near,1.12515724721258e-07,6.4346224923687e-32,-1.12515724721258e-07
ADF,4,pump_1,obs_near,8.58391282227081e-06,3.66299341481804e-25,-8.58391282227081e-06
ADF,5,pump_1,obs_near,8.04937275976078e-05,2.53648049605927e-20,-8.04937275976078e-05
ADF,6,pump_1,obs_near,0.000321047524993751,1.1777566837211e-17,-0.000321047524993739
ADF,7,pump_1,obs_near,0.000828579854912565,1.62345972323263e-15,-0.000828579854910941
ADF,8,pump_1,obs_near,0.00166031016082901,6.20079092441646e-14,-0.001660310160767
ADF,9,pump_1,obs_near,0.00283271345879894,1.09213204514185e-12,-0.0028327134577068
ADF,10,pump_1,obs_near,0.00433419117572054,1.11497671255585e-11,-0.00433419116457078
ADF,11,pump_1,obs_near,0.00613742460292201,7.60610055485947e-11,-0.006137424526861
ADF,12,pump_1,obs_near,0.0082081123659685,3.81617979895397e-10,-0.00820811198435052
ADF,13,pump_1,obs_near,0.0105103261535675,1.50643903369194e-09,-0.0105103246471285
ADF,14,pump_1,obs_near,0.0130094773577533,4.91396565513713e-09,-0.0130094724437876
ADF,15,pump_1,obs_near,0.0156737793114013,1.37400776383711e-08,-0.0156737655713237
ADF,16,pump_1,obs_near,0.018474823937984,3.38664851630659e-08,-0.0184747900714989
ADF,17,pump_1,obs_near,0.0213876655491444,7.51971157078062e-08,-0.0213875903520287
ADF,18,pump_1,obs_near,0.0243906484374169,1.53003311382812e-07,-0.0243904954341055
ADF,19,pump_1,obs_near,0.0274651158352361,2.89187630216131e-07,-0.0274648266476059
ADF,20,pump_1,obs_near,0.0305950775539978,5.1333322965525e-07,-0.0305945642207682
ADF,21,pump_1,obs_near,0.0337668779157328,8.6344450084223e-07,-0.0337660144712319
ADF,22,pump_1,obs_near,0.0369688848665335,1.3863311318074e-06,-0.0369674985354017
ADF,23,pump_1,obs_near,0.0401912093870422,2.13763125264593e-06,-0.0401890717557895
ADF,24,pump_1,obs_near,0.0434254578157673,3.18150339949029e-06,-0.0434222763123678
ADF,25,pump_1,obs_near,0.0466645162725014,4.59003946531659e-06,-0.046659926233036
ADF,26,pump_1,obs_near,0.0499023647039329,6.44246215916679e-06,-0.0498959222417737
ADF,27,pump_1,obs_near,0.0531339174010128,8.82417286506485e-06,-0.0531250932281477
ADF,28,pump_1,obs_near,0.0563548867067935,1.1825711777221e-05,-0.0563430609950163
ADF,29,pump_1,obs_near,0.0595616667828235,1.55416842606019e-05,-0.0595461250985629
ADF,30,pump_1,obs_near,0.0627512345822374,2.00696975747891e-05,-0.0627311648846626
ADF,31,pump_1,obs_near,0.06592106550477,2.55093418954357e-05,-0.0658955561628746
ADF,32,pump_1,obs_near,0.0690690615379381,3.196123995557e-05,-0.0690371002979825
ADF,33,pump_1,obs_near,0.0721934899967793,3.95261811749361e-05,-0.0721539638156044
ADF,34,pump_1,obs_near,0.0752929312517546,4.83043491039363e-05,-0.0752446269026507
ADF,35,pump_1,obs_near,0.0783662340777185,5.83946454201443e-05,-0.0783078394322984
ADF,36,pump_1,obs_near,0.081412477467015,6.98941094873013e-05,-0.0813425833575277
ADF,37,pump_1,obs_near,0.0844309379293688,8.28974294543864e-05,-0.0843480404999144
ADF,38,pump_1,obs_near,0.0874210614536884,9.74965388413108e-05,-0.0873235649148471
ADF,39,pump_1,obs_near,0.090382439435676,0.000113780291331582,-0.0902686591443445
ADF,40,pump_1,obs_near,0.093314787983619,0.000131834205888917,-0.0931829537777301
ADF,41,pump_1,obs_near,0.0962179301059518,0.000151740274175081,-0.0960661898317767
ADF,42,pump_1,obs_near,0.0990917803608122,0.000173576822436948,-0.0989182035383752
ADF,43,pump_1,obs_near,0.101936331612193,0.000197418420444169,-0.101738913191749
ADF,44,pump_1,obs_near,0.10475164359138,0.000223335830610712,-0.104528307760769
ADF,45,pump_1,obs_near,0.107537833007855,0.000251395991059937,-0.107286437016795
ADF,46,pump_1,obs_near,0.110295064992123,0.000281662027046838,-0.110013402965076
ADF,47,pump_1,obs_near,0.113023545685181,0.000314193285799539,-0.112709352399382
ADF,48,pump_1,obs_near,0.115723515816564,0.000349045390462589,-0.115374470426101
ADF,49,pump_1,obs_near,0.118395245135905,0.00038627030940311,-0.118008974826502
ADF,50,pump_1,obs_near,0.121039027582421,0.000425916437669481,-0.120613111144752
ADF,51,pump_1,obs_near,0.123655177093201,0.000468028687867694,-0.123187148405334
ADF,52,pump_1,obs_near,0.126244023965229,0.000512648588142462,-0.125731375377087
ADF,53,pump_1,obs_near,0.128805911697946,0.000559814385320702,-0.128246097312625
ADF,54,pump_1,obs_near,0.131341194253321,0.000609561151597192,-0.130731633101724
ADF,55,pump_1,obs_near,0.133850233679065,0.000661920893420169,-0.133188312785645
ADF,56,pump_1,obs_near,0.136333398047991,0.000716922661472745,-0.135616475386518
ADF,57,pump_1,obs_near,0.138791059672904,0.000774592660848551,-0.138016467012056
ADF,58,pump_1,obs_near,0.141223593561797,0.000834954360691491,-0.140388639201106
ADF,59,pump_1,obs_near,0.1436313760828,0.000898028602713688,-0.142733347480086
ADF,60,pump_1,obs_near,0.146014783812368,0.000963833708126479,-0.145050950104242
ADF,61,pump_1,obs_near,0.148374192543454,0.00103238558262,-0.147341806960834
ADF,62,pump_1,obs_near,0.150709931428409,0.00110369781911036,-0.149606233609298
ADF,63,pump_1,obs_near,0.153019073714618,0.00117778179804237,-0.151841291916576
ADF,64,pump_1,obs_near,0.155279956395982,0.00125464678509254,-0.15402530961089
ADF,65,pump_1,obs_near,0.157450862540972,0.00133430002616334,-0.156116562514808
ADF,66,pump_1,obs_near,0.159492819664509,0.00141674683959709,-0.158076072824912
ADF,67,pump_1,obs_near,0.161383296990748,0.00150199070554862,-0.159881306285199
ADF,68,pump_1,obs_near,0.163116056870708,0.00159003335222422,-0.161526023518483
ADF,69,pump_1,obs_near,0.164696086191358,0.0016808748370907,-0.163015211354267
ADF,70,pump_1,obs_near,0.166134654786829,0.00177451361554097,-0.164360141171288
ADF,71,pump_1,obs_near,0.167445820285337,0.00187094657814917,-0.165574873707188
ADF,72,pump_1,obs_near,0.168644285689343,0.00197016902492289,-0.16667411666442
ADF,73,pump_1,obs_near,0.1697442126234,0.00207217454121222,-0.167672038082187
ADF,74,pump_1,obs_near,0.170758636371143,0.00217695475273825,-0.168581681618405
ADF,75,pump_1,obs_near,0.171699235171837,0.00228449896373678,-0.1694147362081
ADF,76,pump_1,obs_near,0.172576296679051,0.00239479371139275,-0.170181502967658
ADF,77,pump_1,obs_near,0.173398786919725,0.0025078222903035,-0.170890964629422
ADF,78,pump_1,obs_near,0.174174466722689,0.00262356430711948,-0.17155090241557
ADF,79,pump_1,obs_near,0.17491002468894,0.00274199531863759,-0.172168029370303
ADF,80,pump_1,obs_near,0.175611210056733,0.00286308659114659,-0.172748123465587
ADF,81,pump_1,obs_near,0.176282957104132,0.00298680500022006,-0.173296152103912
ADF,82,pump_1,obs_near,0.176929497441397,0.00311311307276175,-0.173816384368635
ADF,83,pump_1,obs_near,0.177554459145584,0.00324196915947421,-0.17431248998611
ADF,84,pump_1,obs_near,0.17816095306129,0.00337332771694808,-0.174787625344341
ADF,85,pump_1,obs_near,0.178751647257671,0.00350713967402689,-0.175244507583644
ADF,86,pump_1,obs_near,0.179328830901027,0.00364335285615334,-0.175685478044874
ADF,87,pump_1,obs_near,0.179894468854654,0.00378191244300771,-0.176112556411646
ADF,88,pump_1,obs_near,0.180450248258043,0.00392276143791839,-0.176527486820125
ADF,89,pump_1,obs_near,0.180997618225562,0.00406584113144821,-0.176931777094114
ADF,90,pump_1,obs_near,0.181537823673979,0.00421109154563982,-0.177326732128339
ADF,91,pump_1,obs_near,0.182071934156676,0.00435845184924718,-0.177713482307429
ADF,92,pump_1,obs_near,0.182600868458929,0.00450786073766006,-0.178093007721269
ADF,93,pump_1,obs_near,0.183125348090313,0.00465925677404418,-0.178466091316269
ADF,94,pump_1,obs_near,0.183641102434053,0.00481257869045312,-0.1788285237436
ADF,95,pump_1,obs_near,0.184115664523403,0.0049677656493585,-0.179147898874045
ADF,96,pump_1,obs_near,0.184486408496918,0.00512475746725592,-0.179361651029662
ADF,97,pump_1,obs_near,0.184694759130744,0.00528349480281482,-0.17941126432793
ADF,98,pump_1,obs_near,0.184706748012157,0.00544391931249942,-0.179262828699658
ADF,99,pump_1,obs_near,0.18451279949862,0.00560597377644386,-0.178906825722176
ADF,100,pump_1,obs_near,0.184120135427483,0.00576960219498353,-0.1783505332325
ADF,101,pump_1,obs_near,0.183545369270489,0.00593474984771739,-0.177610619422772
ADF,102,pump_1,obs_near,0.182809269034615,0.00610136328976092,-0.176707905744854
ADF,103,pump_1,obs_near,0.181933548483968,0.00626939024052422,-0.175664158243444
ADF,104,pump_1,obs_near,0.18093909119371,0.0064387793144653,-0.174500311879244
ADF,105,pump_1,obs_near,0.179845076711327,0.00660947956220112,-0.173235597149126
ADF,106,pump_1,obs_near,0.178668637610394,0.00678143982989266,-0.171887197780501
ADF,107,pump_1,obs_near,0.177424811858663,0.00695460798833472,-0.170470203870328
ADF,108,pump_1,obs_near,0.176126648566108,0.00712893011379064,-0.168997718452317
ADF,109,pump_1,obs_near,0.174785384616441,0.00730434971201231,-0.167481034904428
ADF,110,pump_1,obs_near,0.173410645833499,0.00748080706638407,-0.165929838767115
ADF,111,pump_1,obs_near,0.172010647748988,0.00765823876774497,-0.164352408981243
ADF,112,pump_1,obs_near,0.17059238346737,0.00783657745538874,-0.162755806011982
ADF,113,pump_1,obs_near,0.169161793183952,0.00801575177252625,-0.161146041411426
ADF,114,pump_1,obs_near,0.16772391380845,0.00819568651893255,-0.159528227289517
ADF,115,pump_1,obs_near,0.166283009200493,0.00837630296994593,-0.157906706230547
ADF,116,pump_1,obs_near,0.164842682520072,0.00855751932409198,-0.15628516319598
ADF,117,pump_1,obs_near,0.163405972597303,0.00873925124011485,-0.154666721357188
ADF,118,pump_1,obs_near,0.161975436302515,0.00892141242654759,-0.153054023875967
ADF,119,pump_1,obs_near,0.160553218806455,0.00910391525166124,-0.151449303554794
ADF,120,pump_1,obs_near,0.15914111345097,0.0092866713474777,-0.149854442103493
ADF,121,pump_1,obs_near,0.157740612753101,0.00946959218761944,-0.148271020565482
ADF,122,pump_1,obs_near,0.156352951867078,0.00965258962450804,-0.14670036224257
ADF,123,pump_1,obs_near,0.154979145642921,0.00983557637647233,-0.145143569266449
ADF,124,pump_1,obs_near,0.153620020253255,0.010018466459533,-0.143601553793722
ADF,125,pump_1,obs_near,0.152276240213305,0.0102011755619672,-0.142075064651337
ADF,126,pump_1,obs_near,0.150948331492342,0.0103836213622816,-0.140564710130061
ADF,127,pump_1,obs_near,0.14963670130661,0.0105657237930297,-0.139070977513581
ADF,128,pump_1,obs_near,0.148341655091814,0.0107474052541207,-0.137594249837693
ADF,129,pump_1,obs_near,0.147063411075634,0.0109285907799954,-0.136134820295639
ADF,130,pump_1,obs_near,0.145802112805295,0.0111092081654008,-0.134692904639894
ADF,131,pump_1,obs_near,0.144557839930172,0.0112891880545749,-0.133268651875597
ADF,132,pump_1,obs_near,0.14333061749323,0.0114684639985348,-0.131862153494696
ADF,133,pump_1,obs_near,0.142120423946186,0.0116469724849109,-0.130473451461275
ADF,134,pump_1,obs_near,0.140927198070664,0.0118246529444355,-0.129102545126229
ADF,135,pump_1,obs_near,0.139750844960149,0.0120014477378185,-0.12774939722233
ADF,136,pump_1,obs_near,0.138591241194399,0.0121773021263472,-0.126413939068051
ADF,137,pump_1,obs_near,0.137448239318516,0.0123521642291573,-0.125096075089359
ADF,138,pump_1,obs_near,0.136321671722408,0.0125259849697519,-0.123795686752656
ADF,139,pump_1,obs_near,0.135211354002469,0.0126987180139931,-0.122512635988476
ADF,140,pump_1,obs_near,0.134117087875547,0.0128703197014774,-0.121246768174069
ADF,141,pump_1,obs_near,0.133038663705284,0.0130407489719183,-0.119997914733366
ADF,142,pump_1,obs_near,0.131975862692427,0.013209967287907,-0.11876589540452
ADF,143,pump_1,obs_near,0.130928458773507,0.0133779385551993,-0.117550520218307
ADF,144,pump_1,obs_near,0.129896220266145,0.0135446290414847,-0.11635159122466
ADF,145,pump_1,obs_near,0.128878911293984,0.0137100072944246,-0.115168903999559
ADF,146,pump_1,obs_near,0.127876293019773,0.0138740440596076,-0.114002248960165
ADF,147,pump_1,obs_near,0.126888124711291,0.0140367121989438,-0.112851412512347
ADF,148,pump_1,obs_near,0.125914164661493,0.0141979866099219,-0.111716178051571
ADF,149,pump_1,obs_near,0.124954170981453,0.0143578441460642,-0.110596326835389
ADF,150,pump_1,obs_near,0.124007902282217,0.0145162635388412,-0.109491638743376
ADF,151,pump_1,obs_near,0.12307511825961,0.0146732253212514,-0.108401892938359
ADF,152,pump_1,obs_near,0.122155580194204,0.0148287117532181,-0.107326868440986
ADF,153,pump_1,obs_near,0.121249051377108,0.0149827067489158,-0.106266344628192
ADF,154,pump_1,obs_near,0.120355297470884,0.0151351958061052,-0.105220101664779
ADF,155,pump_1,obs_near,0.119474086813705,0.0152861659375271,-0.104187920876178
ADF,156,pump_1,obs_near,0.118605190673873,0.0154356056043854,-0.103169585069488
ADF,157,pump_1,obs_near,0.11774838346091,0.0155835046519273,-0.102164878808983
ADF,158,pump_1,obs_near,0.116903442898684,0.0157298542471202,-0.101173588651564
ADF,159,pump_1,obs_near,0.116070150165344,0.0158746468184063,-0.100195503346938
ADF,160,pump_1,obs_near,0.115248290004258,0.0160178759975134,-0.0992304140067442
ADF,161,pump_1,obs_near,0.114437650809642,0.0161595365632886,-0.0982781142463532
ADF,162,pump_1,obs_near,0.113638024690121,0.0162996243875173,-0.097338400302604
ADF,163,pump_1,obs_near,0.112849207513058,0.016438136382688,-0.0964110711303696
ADF,164,pump_1,obs_near,0.112070998932156,0.0165750704516566,-0.0954959284804997
ADF,165,pump_1,obs_near,0.111303202400554,0.016710425439164,-0.0945927769613898
ADF,166,pump_1,obs_near,0.110545625171323,0.0168442010851599,-0.0937014240861635
ADF,167,pump_1,obs_near,0.109798078287106,0.0169763979798815,-0.0928216803072249
ADF,168,pump_1,obs_near,0.109060376560375,0.0171070175206394,-0.0919533590397359
ADF,169,pump_1,obs_near,0.108332338545652,0.0172360618702603,-0.091096276675392
ADF,170,pump_1,obs_near,0.107613786504847,0.0173635339171358,-0.0902502525877114
ADF,171,pump_1,obs_near,0.106904546366748,0.0174894372368297,-0.0894151091299182
ADF,172,pump_1,obs_near,0.106204447681563,0.0176137760551945,-0.0885906716263686
ADF,173,pump_1,obs_near,0.105513323571317,0.017736555212948,-0.0877767683583691
ADF,174,pump_1,obs_near,0.104831010676797,0.0178577801316649,-0.0869732305451318
ADF,175,pump_1,obs_near,0.104157349101666,0.0179774567811353,-0.0861798923205306
ADF,176,pump_1,obs_near,0.103492182354293,0.0180955916480457,-0.0853965907062476
ADF,177,pump_1,obs_near,0.102835357287763,0.0182121917059378,-0.0846231655818251
ADF,178,pump_1,obs_near,0.102186724038493,0.0183272643864024,-0.0838594596520904
ADF,179,pump_1,obs_near,0.10154613596382,0.018440817551465,-0.0831053184123548
ADF,180,pump_1,obs_near,0.100913449578877,0.0185528594671227,-0.0823605901117543
ADF,181,pump_1,obs_near,0.100288524493039,0.0186633987779928,-0.0816251257150465
ADF,182,pump_1,obs_near,0.0996712233461818,0.0187724444830324,-0.0808987788631493
ADF,183,pump_1,obs_near,0.0990614117449643,0.0188800059122926,-0.0801814058326717
ADF,184,pump_1,obs_near,0.098458958199324,0.0189860927046695,-0.0794728654946546
ADF,185,pump_1,obs_near,0.0978637340593355,0.0190907147866163,-0.0787730192727192
ADF,186,pump_1,obs_near,0.0972756134525754,0.0191938823517818,-0.0780817311007936
ADF,187,pump_1,obs_near,0.0966944732221088,0.0192956058415411,-0.0773988673805677
ADF,188,pump_1,obs_near,0.0961201928651975,0.019395895926386,-0.0767242969388114
ADF,189,pump_1,obs_near,0.0955526544728133,0.019494763488143,-0.0760578909846703
ADF,190,pump_1,obs_near,0.0949917426700301,0.0195922196029882,-0.0753995230670419
ADF,191,pump_1,obs_near,0.0944373445573523,0.0196882755252291,-0.0747490690321231
ADF,192,pump_1,obs_near,0.093889349653027,0.0197829426718244,-0.0741064069812026
ADF,193,pump_1,obs_near,0.0933476498363824,0.0198762326076131,-0.0734714172287693
ADF,194,pump_1,obs_near,0.0928121392922206,0.0199681570312274,-0.0728439822609932
ADF,195,pump_1,obs_near,0.0922827144562911,0.0200587277616606,-0.0722239866946305
ADF,196,pump_1,obs_near,0.0917592739618588,0.0201479567254669,-0.0716113172363919
ADF,197,pump_1,obs_near,0.0912417185873838,0.0202358559445669,-0.071005862642817
ADF,198,pump_1,obs_near,0.0907299512053155,0.0203224375246362,-0.0704075136806793
ADF,199,pump_1,obs_near,0.0902238767320045,0.0204077136440532,-0.0698161630879513
ADF,200,pump_1,obs_near,0.0897234020787353,0.0204916965433841,-0.0692317055353512
ADF,201,pump_1,obs_near,0.089228436103868,0.0205743985153842,-0.0686540375884838
ADF,202,pump_1,obs_near,0.0887388895660922,0.0206558318954943,-0.0680830576705979
ADF,203,pump_1,obs_near,0.0882546750787722,0.0207360090528118,-0.0675186660259604
ADF,204,pump_1,obs_near,0.0877757070653831,0.0208149423815187,-0.0669607646838644
ADF,205,pump_1,obs_near,0.0873019017160148,0.0208926442927462,-0.0664092574232686
ADF,206,pump_1,obs_near,0.0868331769449376,0.0209691272068586,-0.065864049738079
ADF,207,pump_1,obs_near,0.0863694523492065,0.0210444035461401,-0.0653250488030664
ADF,208,pump_1,obs_near,0.085910649168292,0.0211184857278663,-0.0647921634404257
ADF,209,pump_1,obs_near,0.0854566902447162,0.0211913861577453,-0.064265304086971
ADF,210,pump_1,obs_near,0.0850074999856778,0.0212631172237126,-0.0637443827619652
ADF,211,pump_1,obs_near,0.0845630043256453,0.0213336912900655,-0.0632293130355798
ADF,212,pump_1,obs_near,0.0841231306899,0.0214031206919215,-0.0627200099979784
ADF,213,pump_1,obs_near,0.0836878079590073,0.0214714177299877,-0.0622163902290196
ADF,214,pump_1,obs_near,0.0832569664341987,0.0215385946656281,-0.0617183717685706
ADF,215,pump_1,obs_near,0.0828305378036403,0.0216046637162152,-0.0612258740874251
ADF,216,pump_1,obs_near,0.0824084551095725,0.0216696370507545,-0.060738818058818
ADF,217,pump_1,obs_near,0.0819906527162961,0.0217335267857689,-0.0602571259305272
ADF,218,pump_1,obs_near,0.0815770662789875,0.0217963449814334,-0.0597807212975542
ADF,219,pump_1,obs_near,0.0811676327133218,0.0218581036379469,-0.0593095290753749
ADF,220,pump_1,obs_near,0.0807622901658835,0.0219188146921328,-0.0588434754737507
ADF,221,pump_1,obs_near,0.0803609779853465,0.0219784900142565,-0.0583824879710901
ADF,222,pump_1,obs_near,0.0799636366944038,0.0220371414050512,-0.0579264952893526
ADF,223,pump_1,obs_near,0.0795702079624253,0.0220947805929428,-0.0574754273694825
ADF,224,pump_1,obs_near,0.0791806345788283,0.0221514192314633,-0.0570292153473651
ADF,225,pump_1,obs_near,0.078794860427141,0.0222070688968463,-0.0565877915302947
ADF,226,pump_1,obs_near,0.0784128304597389,0.0222617410857952,-0.0561510893739437
ADF,227,pump_1,obs_near,0.0780344906732399,0.0223154472134156,-0.0557190434598243
ADF,228,pump_1,obs_near,0.0776597880845367,0.0223681986113059,-0.0552915894732308
ADF,229,pump_1,obs_near,0.0772886707074527,0.0224200065257972,-0.0548686641816556
ADF,230,pump_1,obs_near,0.0769210875300031,0.0224708821163363,-0.0544502054136668
ADF,231,pump_1,obs_near,0.0765569884922442,0.0225208364540056,-0.0540361520382386
ADF,232,pump_1,obs_near,0.0761963244646969,0.0225698805201715,-0.0536264439445254
ADF,233,pump_1,obs_near,0.0758390472273268,0.0226180252052581,-0.0532210220220687
ADF,234,pump_1,obs_near,0.0754851094490669,0.022665281307637,-0.05281982814143
ADF,235,pump_1,obs_near,0.075134464667868,0.0227116595326303,-0.0524228051352377
ADF,236,pump_1,obs_near,0.074787067271261,0.0227571704916197,-0.0520298967796413
ADF,237,pump_1,obs_near,0.0744428724774197,0.022801824701257,-0.0516410477761627
ADF,238,pump_1,obs_near,0.0741018363167067,0.022845632582771,-0.0512562037339358
ADF,239,pump_1,obs_near,0.0737639156136925,0.022888604461366,-0.0508753111523264
ADF,240,pump_1,obs_near,0.0734290679696322,0.0229307505657076,-0.0504983174039246
ADF,241,pump_1,obs_near,0.0730972517453894,0.0229720810274904,-0.050125170717899
ADF,242,pump_1,obs_near,0.0727684260447927,0.0230126058810848,-0.0497558201637079
ADF,243,pump_1,obs_near,0.0724425506984137,0.0230523350632578,-0.0493902156351559
ADF,244,pump_1,obs_near,0.0721195862477561,0.0230912784129646,-0.0490283078347915
ADF,245,pump_1,obs_near,0.0717994939298427,0.0231294456712066,-0.0486700482586361
ADF,246,pump_1,obs_near,0.0714822356621894,0.0231668464809533,-0.0483153891812362
ADF,247,pump_1,obs_near,0.0711677740281579,0.0232034903871236,-0.0479642836410343
ADF,248,pump_1,obs_near,0.0708560722626725,0.0232393868366241,-0.0476166854260484
ADF,249,pump_1,obs_near,0.0705470942382955,0.0232745451784408,-0.0472725490598547
ADF,250,pump_1,obs_near,0.0702408044516473,0.0233089746637815,-0.0469318297878658
ADF,251,pump_1,obs_near,0.0699371680101648,0.0233426844462665,-0.0465944835638983
ADF,252,pump_1,obs_near,0.0696361506191865,0.0233756835821634,-0.0462604670370231
ADF,253,pump_1,obs_near,0.069337718569357,0.0234079810306655,-0.0459297375386915
ADF,254,pump_1,obs_near,0.0690418387243405,0.0234395856542095,-0.045602253070131
ADF,255,pump_1,obs_near,0.068748478508837,0.0234705062188315,-0.0452779722900055
ADF,256,pump_1,obs_near,0.0684576058968905,0.0235007513945578,-0.0449568545023327
ADF,257,pump_1,obs_near,0.0681691894004825,0.0235303297558298,-0.0446388596446527
ADF,258,pump_1,obs_near,0.0678831980584035,0.0235592497819594,-0.0443239482764441
ADF,259,pump_1,obs_near,0.0675996014253938,0.0235875198576142,-0.0440120815677796
ADF,260,pump_1,obs_near,0.0673183695615465,0.0236151482733299,-0.0437032212882165
ADF,261,pump_1,obs_near,0.0670394730219663,0.0236421432260483,-0.0433973297959181
ADF,262,pump_1,obs_near,0.0667628828466771,0.0236685128196792,-0.0430943700269979
ADF,263,pump_1,obs_near,0.0664885705507692,0.0236942650656849,-0.0427943054850843
ADF,264,pump_1,obs_near,0.066216508114785,0.0237194078836852,-0.0424971002310998
ADF,265,pump_1,obs_near,0.0659466679753304,0.0237439491020814,-0.042202718873249
ADF,266,pump_1,obs_near,0.0656790230159105,0.0237678964586988,-0.0419111265572117
ADF,267,pump_1,obs_near,0.0654135465579821,0.0237912576014449,-0.0416222889565372
ADF,268,pump_1,obs_near,0.065150212352216,0.0238140400889837,-0.0413361722632323
ADF,269,pump_1,obs_near,0.0648889945699661,0.0238362513914233,-0.0410527431785428
ADF,270,pump_1,obs_near,0.0646298677949368,0.0238578988910167,-0.0407719689039201
ADF,271,pump_1,obs_near,0.0643728070150457,0.023878989882874,-0.0404938171321717
ADF,272,pump_1,obs_near,0.0641177876144763,0.0238995315756861,-0.0402182560387902
ADF,273,pump_1,obs_near,0.0638647853659132,0.0239195310924567,-0.0399452542734565
ADF,274,pump_1,obs_near,0.0636137764229592,0.0239389954712444,-0.0396747809517147
ADF,275,pump_1,obs_near,0.0633647373127251,0.0239579316659119,-0.0394068056468131
ADF,276,pump_1,obs_near,0.0631176449285906,0.0239763465468821,-0.0391412983817085
ADF,277,pump_1,obs_near,0.0628724765231315,0.0239942469019007,-0.0388782296212307
ADF,278,pump_1,obs_near,0.0626292097012069,0.0240116394368039,-0.038617570264403
ADF,279,pump_1,obs_near,0.0623878224132052,0.0240285307762909,-0.0383592916369144
ADF,280,pump_1,obs_near,0.0621482929484419,0.0240449274646999,-0.038103365483742
ADF,281,pump_1,obs_near,0.0619105999287078,0.0240608359667881,-0.0378497639619197
ADF,282,pump_1,obs_near,0.0616747223019612,0.0240762626685136,-0.0375984596334476
ADF,283,pump_1,obs_near,0.0614406393361636,0.0240912138778196,-0.0373494254583439
ADF,284,pump_1,obs_near,0.0612083306132506,0.0241056958254202,-0.0371026347878304
ADF,285,pump_1,obs_near,0.0609777760232406,0.0241197146655869,-0.0368580613576538
ADF,286,pump_1,obs_near,0.0607489557584715,0.0241332764769354,-0.0366156792815361
ADF,287,pump_1,obs_near,0.0605218503079668,0.0241463872632128,-0.036375463044754
ADF,288,pump_1,obs_near,0.0602964404519263,0.024159052954084,-0.0361373874978423
ADF,289,pump_1,obs_near,0.0600727072563361,0.0241712794059168,-0.0359014278504192
ADF,290,pump_1,obs_near,0.0598506320676997,0.0241830724025663,-0.0356675596651334
ADF,291,pump_1,obs_near,0.0596301965078822,0.0241944376561571,-0.0354357588517251
ADF,292,pump_1,obs_near,0.0594113824690673,0.0242053808078634,-0.0352060016612039
ADF,293,pump_1,obs_near,0.059194172108825,0.0242159074286873,-0.0349782646801377
ADF,294,pump_1,obs_near,0.0589785478452842,0.0242260230202332,-0.034752524825051
ADF,295,pump_1,obs_near,0.0587644923524116,0.02423573301548,-0.0345287593369316
ADF,296,pump_1,obs_near,0.0585519885553905,0.0242450427795501,-0.0343069457758404
ADF,297,pump_1,obs_near,0.0583410196260994,0.0242539576104738,-0.0340870620156257
ADF,298,pump_1,obs_near,0.0581315689786877,0.0242624827399509,-0.0338690862387368
ADF,299,pump_1,obs_near,0.0579236202652442,0.0242706233341078,-0.0336529969311364
ADF,300,pump_1,obs_near,0.0577171573715594,0.0242783844942499,-0.0334387728773095
ADF,301,pump_1,obs_near,0.0575121644129766,0.0242857712576103,-0.0332263931553663
ADF,302,pump_1,obs_near,0.0573086257303296,0.0242927885980931,-0.0330158371322365
ADF,303,pump_1,obs_near,0.057106525885968,0.0242994414270123,-0.0328070844589557
ADF,304,pump_1,obs_near,0.0569058496598639,0.0243057345938252,-0.0326001150660387
ADF,305,pump_1,obs_near,0.0567065820458011,0.0243116728868612,-0.0323949091589399
ADF,306,pump_1,obs_near,0.0565087082476425,0.0243172610340448,-0.0321914472135977
ADF,307,pump_1,obs_near,0.0563122136756768,0.0243225037036132,-0.0319897099720635
ADF,308,pump_1,obs_near,0.0561170839430388,0.0243274055048288,-0.03178967843821
ADF,309,pump_1,obs_near,0.055923304862205,0.024331970988685,-0.03159133387352
ADF,310,pump_1,obs_near,0.05573086244156,0.0243362046486075,-0.0313946577929525
ADF,311,pump_1,obs_near,0.0555397428820352,0.0243401109211488,-0.0311996319608864
ADF,312,pump_1,obs_near,0.0553499325738135,0.0243436941866771,-0.0310062383871364
ADF,313,pump_1,obs_near,0.0551614180931034,0.0243469587700588,-0.0308144593230446
ADF,314,pump_1,obs_near,0.0549741861989783,0.0243499089413359,-0.0306242772576424
ADF,315,pump_1,obs_near,0.0547882238302772,0.0243525489163957,-0.0304356749138816
ADF,316,pump_1,obs_near,0.0546035181025719,0.0243548828576356,-0.0302486352449363
ADF,317,pump_1,obs_near,0.0544200563051926,0.0243569148746212,-0.0300631414305714
ADF,318,pump_1,obs_near,0.0542378258983125,0.024358649024738,-0.0298791768735745
ADF,319,pump_1,obs_near,0.0540568145100939,0.0243600893138367,-0.0296967251962572
ADF,320,pump_1,obs_near,0.0538770099338871,0.0243612396968725,-0.0295157702370147
ADF,321,pump_1,obs_near,0.0536984001254883,0.0243621040785376,-0.0293362960469508
ADF,322,pump_1,obs_near,0.0535209732004498,0.0243626863138878,-0.029158286886562
ADF,323,pump_1,obs_near,0.0533447174314433,0.0243629902089621,-0.0289817272224812
ADF,324,pump_1,obs_near,0.0531696212456762,0.0243630195213964,-0.0288066017242798
ADF,325,pump_1,obs_near,0.0529956732223583,0.0243627779610304,-0.0286328952613279
ADF,326,pump_1,obs_near,0.0528228620902164,0.0243622691905081,-0.0284605928997083
ADF,327,pump_1,obs_near,0.0526511767250595,0.0243614968258725,-0.028289679899187
ADF,328,pump_1,obs_near,0.0524806061473905,0.0243604644371528,-0.0281201417102377
ADF,329,pump_1,obs_near,0.0523111395200631,0.0243591755489462,-0.027951963971117
ADF,330,pump_1,obs_near,0.0521427661459858,0.0243576336409925,-0.0277851325049933
ADF,331,pump_1,obs_near,0.0519754754658685,0.0243558421487431,-0.0276196333171254
ADF,332,pump_1,obs_near,0.0518092570560128,0.0243538044639231,-0.0274554525920897
ADF,333,pump_1,obs_near,0.0516441006261455,0.0243515239350873,-0.0272925766910582
ADF,334,pump_1,obs_near,0.0514799960172918,0.0243490038681695,-0.0271309921491224
ADF,335,pump_1,obs_near,0.0513169331996905,0.0243462475270262,-0.0269706856726643
ADF,336,pump_1,obs_near,0.051154902270747,0.0243432581339736,-0.0268116441367734
ADF,337,pump_1,obs_near,0.0509938934530267,0.0243400388703186,-0.0266538545827082
ADF,338,pump_1,obs_near,0.0508338970922854,0.0243365928768829,-0.0264973042154026
ADF,339,pump_1,obs_near,0.0506749036555364,0.0243329232545223,-0.0263419804010141
ADF,340,pump_1,obs_near,0.050516903729154,0.0243290330646387,-0.0261878706645153
ADF,341,pump_1,obs_near,0.0503598880170131,0.0243249253296865,-0.0260349626873266
ADF,342,pump_1,obs_near,0.0502038473386623,0.0243206030336729,-0.0258832443049894
ADF,343,pump_1,obs_near,0.0500487726275313,0.0243160691226522,-0.0257327035048791
ADF,344,pump_1,obs_near,0.0498946549291726,0.0243113265052144,-0.0255833284239582
ADF,345,pump_1,obs_near,0.049741485399533,0.0243063780529674,-0.0254351073465657
ADF,346,pump_1,obs_near,0.0495892553032603,0.0243012266010134,-0.0252880287022468
ADF,347,pump_1,obs_near,0.0494379560120376,0.0242958749484204,-0.0251420810636172
ADF,348,pump_1,obs_near,0.049287579002951,0.0242903258586866,-0.0249972531442645
ADF,349,pump_1,obs_near,0.0491381158568845,0.0242845820601996,-0.024853533796685
ADF,350,pump_1,obs_near,0.0489895582569468,0.0242786462466907,-0.0247109120102561
ADF,351,pump_1,obs_near,0.0488418979869235,0.0242725210776822,-0.0245693769092413
ADF,352,pump_1,obs_near,0.0486951269297604,0.0242662091789304,-0.02442891775083
ADF,353,pump_1,obs_near,0.0485492370660713,0.024259713142862,-0.0242895239232093
ADF,354,pump_1,obs_near,0.048404220472675,0.0242530355290057,-0.0241511849436693
ADF,355,pump_1,obs_near,0.0482600693211563,0.0242461788644186,-0.0240138904567377
ADF,356,pump_1,obs_near,0.048116775876455,0.0242391456441063,-0.0238776302323487
ADF,357,pump_1,obs_near,0.0479743324954773,0.0242319383314384,-0.0237423941640389
ADF,358,pump_1,obs_near,0.047832731625735,0.0242245593585589,-0.0236081722671761
ADF,359,pump_1,obs_near,0.0476919658040059,0.0242170111267905,-0.0234749546772154
ADF,360,pump_1,obs_near,0.0475520276550195,0.0242092960070348,-0.0233427316479847
ADF,361,pump_1,obs_near,0.0474129098901659,0.0242014163401665,-0.0232114935499994
ADF,362,pump_1,obs_near,0.047274605306226,0.0241933744374234,-0.0230812308688026
ADF,363,pump_1,obs_near,0.0471371067841251,0.0241851725807904,-0.0229519342033347
ADF,364,pump_1,obs_near,0.0470004072877085,0.0241768130233796,-0.022823594264329
ADF,365,pump_1,obs_near,0.0468644998625373,0.0241682979898046,-0.0226962018727327
ADF,366,pump_1,obs_near,0.0467293776347052,0.0241596296765507,-0.0225697479581544
ADF,1,pump_1,obs_downstream,0,0,0
ADF,2,pump_1,obs_downstream,1.37080991056311e-91,0,-1.37080991056311e-91
ADF,3,pump_1,obs_downstream,2.36441077184128e-47,7.3683402499829e-39,7.36834022633879e-39
ADF,4,pump_1,obs_downstream,1.56200337942226e-32,1.0773394547889e-24,1.07733943916887e-24
ADF,5,pump_1,obs_downstream,4.36061115227212e-25,2.74401229364227e-20,2.74396868753075e-20
ADF,6,pump_1,obs_downstream,1.34345597345767e-20,2.68693705585526e-17,2.6855935998818e-17
ADF,7,pump_1,obs_downstream,1.36333643086697e-17,2.55529550611867e-15,2.54166214181e-15
ADF,8,pump_1,obs_downstream,1.95822523190346e-15,8.99230783149127e-14,8.79648530830093e-14
ADF,9,pump_1,obs_downstream,8.26271057359595e-14,1.51995050664904e-12,1.43732340091309e-12
ADF,10,pump_1,obs_downstream,1.53763677295913e-12,1.50519071362517e-11,1.35142703632926e-11
ADF,11,pump_1,obs_downstream,1.61106761972605e-11,1.00513696371569e-10,8.44030201743086e-11
ADF,12,pump_1,obs_downstream,1.11046412748778e-10,4.97489035617597e-10,3.8644262286882e-10
ADF,13,pump_1,obs_downstream,5.58685866424807e-10,1.94943598442238e-09,1.39075011799757e-09
ADF,14,pump_1,obs_downstream,2.20498680312408e-09,6.34373305518854e-09,4.13874625206446e-09
ADF,15,pump_1,obs_downstream,7.18811218131081e-09,1.776429057572e-08,1.05761783944092e-08
ADF,16,pump_1,obs_downstream,2.01022218908692e-08,4.39832965024824e-08,2.38810746116132e-08
ADF,17,pump_1,obs_downstream,4.96193284181667e-08,9.83296002778935e-08,4.87102718597268e-08
ADF,18,pump_1,obs_downstream,1.10484188429085e-07,2.01793880374496e-07,9.1309691945411e-08
ADF,19,pump_1,obs_downstream,2.25717441688293e-07,3.85185710573191e-07,1.59468268884898e-07
ADF,20,pump_1,obs_downstream,4.28821127683106e-07,6.91150488006473e-07,2.62329360323368e-07
ADF,21,pump_1,obs_downstream,7.65781684088191e-07,1.17587869368246e-06,4.10097009594269e-07
ADF,22,pump_1,obs_downstream,1.29669952723635e-06,1.91038427920986e-06,6.13684751973511e-07
ADF,23,pump_1,obs_downstream,2.09692715462337e-06,2.98128086772907e-06,8.84353713105695e-07
ADF,24,pump_1,obs_downstream,3.25765578723788e-06,4.49103427732673e-06,1.23337849008885e-06
ADF,25,pump_1,obs_downstream,4.88594383087755e-06,6.55771156231458e-06,1.67176773143704e-06
ADF,26,pump_1,obs_downstream,7.10422308414892e-06,9.31427756879476e-06,2.21005448464584e-06
ADF,27,pump_1,obs_downstream,1.00493485083799e-05,1.29075096266639e-05,2.858161118284e-06
ADF,28,pump_1,obs_downstream,1.38712748975821e-05,1.74966106905597e-05,3.62533579297764e-06
ADF,29,pump_1,obs_downstream,1.87314507927584e-05,2.32516029800227e-05,4.52015218726432e-06
ADF,30,pump_1,obs_downstream,2.48010189180329e-05,3.03515801208527e-05,5.55056120281986e-06
ADF,31,pump_1,obs_downstream,3.22589057474306e-05,3.89828879637167e-05,6.72398221628606e-06
ADF,32,pump_1,obs_downstream,4.12898727196397e-05,4.93372943314214e-05,8.04742161178165e-06
ADF,33,pump_1,obs_downstream,5.20825898528625e-05,6.16101972174835e-05,9.52760736462107e-06
ADF,34,pump_1,obs_downstream,6.48277803707254e-05,7.59989103514093e-05,1.11711299806839e-05
ADF,35,pump_1,obs_downstream,7.97164733225618e-05,9.27010551685099e-05,1.29845818459481e-05
ADF,36,pump_1,obs_downstream,9.6938390619684e-05,0.000111913079428868,1.49746888091835e-05
ADF,37,pump_1,obs_downstream,0.000116680485706715,0.000133828915186282,1.71484294795673e-05
ADF,38,pump_1,obs_downstream,0.000139125643349347,0.000158638782545175,1.95131391958289e-05
ADF,39,pump_1,obs_downstream,0.000164451543725607,0.000186528140605229,2.2076596879622e-05
ADF,40,pump_1,obs_downstream,0.000192829689055742,0.000217676783071205,2.48470940154632e-05
ADF,41,pump_1,obs_downstream,0.000224424587250945,0.000252258073063474,2.78334858125291e-05
ADF,42,pump_1,obs_downstream,0.000259393084339133,0.000290438309558991,3.10452252198572e-05
ADF,43,pump_1,obs_downstream,0.000297883835570429,0.000332376216481611,3.44923809111824e-05
ADF,44,pump_1,obs_downstream,0.000340036903958223,0.000378222544613653,3.81856406554302e-05
ADF,45,pump_1,obs_downstream,0.000385983474430581,0.000428119776100407,4.21363016698255e-05
ADF,46,pump_1,obs_downstream,0.000435845671625641,0.000482201921264345,4.63562496387048e-05
ADF,47,pump_1,obs_downstream,0.000489736469556325,0.000540594397650078,5.08579280937537e-05
ADF,48,pump_1,obs_downstream,0.00054775968180439,0.000603413981613316,5.56542998089265e-05
ADF,49,pump_1,obs_downstream,0.000610010021508108,0.000670768823289254,6.07588017811452e-05
ADF,50,pump_1,obs_downstream,0.000676573221122742,0.000742758516381449,6.61852952587064e-05
ADF,51,pump_1,obs_downstream,0.000747526202711813,0.000819474214865115,7.1948012153302e-05
ADF,52,pump_1,obs_downstream,0.000822937290334114,0.000900998789370806,7.80614990366915e-05
ADF,53,pump_1,obs_downstream,0.000902866456899274,0.00098740701668476,8.45405597854855e-05
ADF,54,pump_1,obs_downstream,0.000987365598653478,0.00107876579645529,9.14001978018157e-05
ADF,55,pump_1,obs_downstream,0.00107647883121268,0.00117513438981987,9.86555586071911e-05
ADF,56,pump_1,obs_downstream,0.00117024280177368,0.00127656467525752,0.000106321873483833
ADF,57,pump_1,obs_downstream,0.00126868701279804,0.00138310141752179,0.000114414404723753
ADF,58,pump_1,obs_downstream,0.00137183415307647,0.00149478254601808,0.000122948392941611
ADF,59,pump_1,obs_downstream,0.00147970043264208,0.00161163943945535,0.00013193900681327
ADF,60,pump_1,obs_downstream,0.00159229591850833,0.00173369721402632,0.000141401295517985
ADF,61,pump_1,obs_downstream,0.00170962486866599,0.00186097501275401,0.000151350144088027
ADF,62,pump_1,obs_downstream,0.00183168606218238,0.00199348629398712,0.000161800231804748
ADF,63,pump_1,obs_downstream,0.00195847312361126,0.00213123911733533,0.000172765993724067
ADF,64,pump_1,obs_downstream,0.00208997484024387,0.00227423642561034,0.00018426158536647
ADF,65,pump_1,obs_downstream,0.00222617547101578,0.00242247632158188,0.000196300850566101
ADF,66,pump_1,obs_downstream,0.00236705504613284,0.00257595233857162,0.000208897292438785
ADF,67,pump_1,obs_downstream,0.00251258965669517,0.00273465370406884,0.00022206404737367
ADF,68,pump_1,obs_downstream,0.00266275173375917,0.00289856559536858,0.000235813861609411
ADF,69,pump_1,obs_downstream,0.00281751031606663,0.00306766938426935,0.000250159068202722
ADF,70,pump_1,obs_downstream,0.00297683130340302,0.00324194286087284,0.000265111557469821
ADF,71,pump_1,obs_downstream,0.00314067768437541,0.00342136041228895,0.000280682727913541
ADF,72,pump_1,obs_downstream,0.00330900971110773,0.00360589311516883,0.000296883404061105
ADF,73,pump_1,obs_downstream,0.00348178497516927,0.003795508692994,0.000313723717824735
ADF,74,pump_1,obs_downstream,0.00365895833241791,0.00399017129946043,0.000331212967042519
ADF,75,pump_1,obs_downstream,0.00384048163889907,0.00418984111738033,0.000349359478481258
ADF,76,pump_1,obs_downstream,0.00402630329289822,0.00439447379819845,0.000368170505300229
ADF,77,pump_1,obs_downstream,0.00421636761743661,0.00460401979820204,0.00038765218076543
ADF,78,pump_1,obs_downstream,0.00441061414943322,0.00481842368554827,0.000407809536115053
ADF,79,pump_1,obs_downstream,0.00460897691820993,0.00503762349511982,0.000428646576909893
ADF,80,pump_1,obs_downstream,0.00481138379564347,0.00526155019843702,0.000450166402793552
ADF,81,pump_1,obs_downstream,0.00501775598667965,0.0054901273381418,0.000472371351462152
ADF,82,pump_1,obs_downstream,0.00522800770779602,0.00572327085582295,0.000495263148026929
ADF,83,pump_1,obs_downstream,0.00544204607777069,0.00596088912203306,0.000518843044262367
ADF,84,pump_1,obs_downstream,0.00565977122380979,0.00620288316067771,0.000543111936867917
ADF,85,pump_1,obs_downstream,0.00588107658902406,0.00644914704764086,0.0005680704586168
ADF,86,pump_1,obs_downstream,0.00610584941528477,0.00669956845566059,0.000593719040375821
ADF,87,pump_1,obs_downstream,0.00633397136847315,0.0069540293135926,0.000620057945119452
ADF,88,pump_1,obs_downstream,0.00656531927032714,0.00721240654750147,0.000647087277174331
ADF,89,pump_1,obs_downstream,0.00679976590150644,0.00747457287263526,0.000674806971128817
ADF,90,pump_1,obs_downstream,0.00703718084315452,0.00774039760846506,0.000703216765310539
ADF,91,pump_1,obs_downstream,0.00727743132826188,0.00800974749293523,0.000732316164673355
ADF,92,pump_1,obs_downstream,0.00752038307882995,0.0082824874763557,0.000762104397525751
ADF,93,pump_1,obs_downstream,0.00776590110967999,0.00855848147960383,0.000792580369923832
ADF,94,pump_1,obs_downstream,0.00801385048439086,0.00883759310524747,0.000823742620856613
ADF,95,pump_1,obs_downstream,0.00826409701306246,0.00911968629371074,0.000855589280648283
ADF,96,pump_1,obs_downstream,0.0085165078852713,0.00940462591961405,0.000888118034342748
ADF,97,pump_1,obs_downstream,0.00877095223466812,0.00969227832591608,0.000921326091247969
ADF,98,pump_1,obs_downstream,0.00902730163417267,0.00998251179545091,0.000955210161278241
ADF,99,pump_1,obs_downstream,0.00928543052265058,0.0102751969604921,0.000989766437841553
ADF,100,pump_1,obs_downstream,0.00954521656488939,0.0105702071489842,0.00102499058409477
ADF,101,pump_1,obs_downstream,0.0098065409441611,0.0108674186562357,0.00106087771207464
ADF,102,pump_1,obs_downstream,0.0100692885749558,0.0111667109099076,0.00109742233495173
ADF,103,pump_1,obs_downstream,0.0103333481993321,0.0114679664709975,0.00113461827166535
ADF,104,pump_1,obs_downstream,0.010598612303154,0.0117710708015689,0.00117245849841493
ADF,105,pump_1,obs_downstream,0.0108649767784759,0.0120759117454985,0.00121093496702262
ADF,106,pump_1,obs_downstream,0.0111323402798568,0.0123823787104717,0.00125003843061492
ADF,107,pump_1,obs_downstream,0.0114006032715655,0.0126903615927304,0.00128975832116486
ADF,108,pump_1,obs_downstream,0.011669666821125,0.0129997495322773,0.00133008271115231
ADF,109,pump_1,obs_downstream,0.0119394312422044,0.0133104296130116,0.00137099837080715
ADF,110,pump_1,obs_downstream,0.0122097947141983,0.0136222856262928,0.0014124909120945
ADF,111,pump_1,obs_downstream,0.0124806520049188,0.0139351970014551,0.0014545449965363
ADF,112,pump_1,obs_downstream,0.0127518934020982,0.0142490379799212,0.00149714457782302
ADF,113,pump_1,obs_downstream,0.0130234039273746,0.0145636770781673,0.00154027315079267
ADF,114,pump_1,obs_downstream,0.0132950628712786,0.0148789768546401,0.00158391398336147
ADF,115,pump_1,obs_downstream,0.0135667436554895,0.0151947939704748,0.00162805031498524
ADF,116,pump_1,obs_downstream,0.0138383140027723,0.015510979515158,0.00167266551238573
ADF,117,pump_1,obs_downstream,0.0141096363768207,0.0158273795562959,0.00171774317947518
ADF,118,pump_1,obs_downstream,0.0143805686434921,0.016143835866643,0.00176326722315082
ADF,119,pump_1,obs_downstream,0.0146509649005053,0.0164601867803307,0.00180922187982538
ADF,120,pump_1,obs_downstream,0.0149206764231281,0.0167762681325079,0.00185559170937974
ADF,121,pump_1,obs_downstream,0.0151895526772127,0.0170919142411563,0.00190236156394365
ADF,122,pump_1,obs_downstream,0.0154574423568432,0.0174069588956769,0.00194951653883376
ADF,123,pump_1,obs_downstream,0.0157241944107855,0.0177212363231611,0.00199704191237566
ADF,124,pump_1,obs_downstream,0.0159896590290987,0.0180345821095312,0.0020449230804325
ADF,125,pump_1,obs_downstream,0.0162536885681386,0.0183468340585659,0.00209314549042729
ADF,126,pump_1,obs_downstream,0.0165161383984349,0.0186578329770299,0.002141694578595
ADF,127,pump_1,obs_downstream,0.0167768676653637,0.0189674233785796,0.00219055571321593
ADF,128,pump_1,obs_downstream,0.0170357399571144,0.0192754541028173,0.00223971414570295
ADF,129,pump_1,obs_downstream,0.0172926238781681,0.0195817788488359,0.00228915497066788
ADF,130,pump_1,obs_downstream,0.0175473935294262,0.0198862566249046,0.00233886309547836
ADF,131,pump_1,obs_downstream,0.0177999288983387,0.0201887521176706,0.00238882321933182
ADF,132,pump_1,obs_downstream,0.0180501161639791,0.0204891359854841,0.00243901982150499
ADF,133,pump_1,obs_downstream,0.018297847923097,0.0207872850812687,0.00248943715817174
ADF,134,pump_1,obs_downstream,0.018543023343843,0.0210830826108453,0.00254005926700223
ADF,135,pump_1,obs_downstream,0.0187855482541877,0.0213764182328349,0.0025908699786472
ADF,136,pump_1,obs_downstream,0.0190253351721252,0.021667188106284,0.00264185293415871
ADF,137,pump_1,obs_downstream,0.0192623032846263,0.0219552948920159,0.00269299160738955
ADF,138,pump_1,obs_downstream,0.0194963783820294,0.0222406477134667,0.00274426933143727
ADF,139,pump_1,obs_downstream,0.0197274927541945,0.0225231620824404,0.00279566932824594
ADF,140,pump_1,obs_downstream,0.0199555850543044,0.0228027597948469,0.00284717474054254
ADF,141,pump_1,obs_downstream,0.0201806001357307,0.023079368801088,0.00289876866535729
ADF,142,pump_1,obs_downstream,0.0204024888668942,0.0233529230553507,0.0029504341884565
ADF,143,pump_1,obs_downstream,0.0206212079285623,0.0236233623476587,0.00300215441909635
ADF,144,pump_1,obs_downstream,0.0208367195975567,0.0238906321221413,0.00305391252458457
ADF,145,pump_1,obs_downstream,0.0210489915203879,0.0241546832846011,0.00310569176421314
ADF,146,pump_1,obs_downstream,0.0212579964799104,0.0244154720021071,0.00315747552219666
ADF,147,pump_1,obs_downstream,0.0214637121576942,0.0246729594970104,0.00320924733931624
ADF,148,pump_1,obs_downstream,0.0216661208944448,0.0249271118374748,0.00326099094302996
ADF,149,pump_1,obs_downstream,0.0218652094504705,0.0251778997263345,0.00331269027586408
ADF,150,pump_1,obs_downstream,0.0220609687678927,0.0254252982898413,0.00336432952194863
ADF,151,pump_1,obs_downstream,0.022253393736029,0.025669286867631,0.00341589313160202
ADF,152,pump_1,obs_downstream,0.022442482961131,0.0259098488050381,0.0034673658439071
ADF,153,pump_1,obs_downstream,0.0226282385414484,0.026146971248701,0.00351873270725265
ADF,154,pump_1,obs_downstream,0.0228106658483999,0.0263806449462407,0.00356997909784083
ADF,155,pump_1,obs_downstream,0.0229897733144664,0.0266108640506504,0.003621090736184
ADF,156,pump_1,obs_downstream,0.0231655722282737,0.0268376259299069,0.00367205370163321
ADF,157,pump_1,obs_downstream,0.0233380765372116,0.0270609309822065,0.00372285444499485
ADF,158,pump_1,obs_downstream,0.0235073026578216,0.027280782457127,0.00377347979930542
ADF,159,pump_1,obs_downstream,0.0236732692940972,0.0274971862829395,0.00382391698884237
ADF,160,pump_1,obs_downstream,0.0238359972637585,0.0277101509002152,0.00387415363645674
ADF,161,pump_1,obs_downstream,0.0239955093324976,0.0279196871018152,0.00392417776931766
ADF,162,pump_1,obs_downstream,0.0241518300561331,0.0281258078792956,0.00397397782316251
ADF,163,pump_1,obs_downstream,0.0243049856305684,0.0283285282757157,0.00402354264514733
ADF,164,pump_1,obs_downstream,0.024455003749406,0.0285278652447992,0.0040728614953932
ADF,165,pump_1,obs_downstream,0.024601913469044,0.0287238375163672,0.00412192404732315
ADF,166,pump_1,obs_downstream,0.0247457450810517,0.0289164654679344,0.00417072038688276
ADF,167,pump_1,obs_downstream,0.0248865299916041,0.0291057710023395,0.00421924101073543
ADF,168,pump_1,obs_downstream,0.0250243006077427,0.0292917774312629,0.00426747682352017
ADF,169,pump_1,obs_downstream,0.0251590902302146,0.0294745093644717,0.00431541913425708
ADF,170,pump_1,obs_downstream,0.0252909329526402,0.0296539926046217,0.00436305965198157
ADF,171,pump_1,obs_downstream,0.0254198635667524,0.0298302540474375,0.00441039048068505
ADF,172,pump_1,obs_downstream,0.0255459174734512,0.0300033215870867,0.00445740411363543
ADF,173,pump_1,obs_downstream,0.025669130599415,0.0301732240265622,0.0045040934271472
ADF,174,pump_1,obs_downstream,0.0257895393190164,0.0303399909928831,0.00455045167386666
ADF,175,pump_1,obs_downstream,0.0259071803812911,0.0305036528569244,0.00459647247563333
ADF,176,pump_1,obs_downstream,0.0260220908417134,0.0306642406576893,0.00464214981597585
ADF,177,pump_1,obs_downstream,0.0261343079985408,0.0308217860308358,0.00468747803229497
ADF,178,pump_1,obs_downstream,0.0262438693334922,0.0309763211412767,0.00473245180778455
ADF,179,pump_1,obs_downstream,0.0263508124565355,0.031127878619671,0.00477706616313557
ADF,180,pump_1,obs_downstream,0.0264551750545658,0.0312764915026326,0.00482131644806676
ADF,181,pump_1,obs_downstream,0.0265569948437638,0.0314221931764842,0.00486519833272046
ADF,182,pump_1,obs_downstream,0.0266563095254312,0.0315650173243914,0.00490870779896021
ADF,183,pump_1,obs_downstream,0.0267531567451111,0.0317049978767135,0.00495184113160242
ADF,184,pump_1,obs_downstream,0.0268475740548047,0.0318421689644176,0.00499459490961291
ADF,185,pump_1,obs_downstream,0.0269395988781084,0.0319765648754037,0.00503696599729526
ADF,186,pump_1,obs_downstream,0.0270292684781009,0.0321082200135966,0.00507895153549572
ADF,187,pump_1,obs_downstream,0.0271166199278177,0.032237168860665,0.00512054893284728
ADF,188,pump_1,obs_downstream,0.0272016900831601,0.0323634459402329,0.00516175585707287
ADF,189,pump_1,obs_downstream,0.0272845155580909,0.0324870857844566,0.00520257022636566
ADF,190,pump_1,obs_downstream,0.0273651327019784,0.0326081229028411,0.00524299020086268
ADF,191,pump_1,obs_downstream,0.0274435775789559,0.0327265917531814,0.00528301417422557
ADF,192,pump_1,obs_downstream,0.0275198859491709,0.0328425267145127,0.00532264076534179
ADF,193,pump_1,obs_downstream,0.0275940932518074,0.0329559620619634,0.00536186881015602
ADF,194,pump_1,obs_downstream,0.0276662345897657,0.0330669319434084,0.00540069735364274
ADF,195,pump_1,obs_downstream,0.0277363447158959,0.0331754703578226,0.00543912564192665
ADF,196,pump_1,obs_downstream,0.0278044580206835,0.0332816111352427,0.00547715311455915
ADF,197,pump_1,obs_downstream,0.0278706085212922,0.0333853879182482,0.00551477939695602
ADF,198,pump_1,obs_downstream,0.0279348298518744,0.0334868341448754,0.00555200429300102
ADF,199,pump_1,obs_downstream,0.0279971552550652,0.0335859830328851,0.00558882777781992
ADF,200,pump_1,obs_downstream,0.0280576175745792,0.0336828675653063,0.00562524999072713
ADF,201,pump_1,obs_downstream,0.0281162492488357,0.0337775204771835,0.00566127122834777
ADF,202,pump_1,obs_downstream,0.0281730823055418,0.0338699742434581,0.00569689193791631
ADF,203,pump_1,obs_downstream,0.0282281483571658,0.0339602610679187,0.00573211271075292
ADF,204,pump_1,obs_downstream,0.0282814785972385,0.0340484128731561,0.00576693427591754
ADF,205,pump_1,obs_downstream,0.0283331037974245,0.0341344612914662,0.00580135749404165
ADF,206,pump_1,obs_downstream,0.0283830543053061,0.034218437656643,0.00583538335133683
ADF,207,pump_1,obs_downstream,0.0284313600428291,0.0343003729966085,0.00586901295377943
ADF,208,pump_1,obs_downstream,0.0284780505053612,0.0343802980268303,0.00590224752146903
ADF,209,pump_1,obs_downstream,0.0285231547613173,0.0344582431444771,0.00593508838315984
ADF,210,pump_1,obs_downstream,0.0285667014523068,0.0345342384232691,0.00596753697096226
ADF,211,pump_1,obs_downstream,0.0286087187937658,0.0346083136089783,0.00599959481521254
ADF,212,pump_1,obs_downstream,0.0286492345760322,0.0346804981155399,0.00603126353950766
ADF,213,pump_1,obs_downstream,0.0286882761658318,0.0347508210217348,0.00606254485590301
ADF,214,pump_1,obs_downstream,0.0287258705081388,0.0348193110684089,0.00609344056027004
ADF,215,pump_1,obs_downstream,0.0287620441283825,0.0348859966561924,0.00612395252780985
ADF,216,pump_1,obs_downstream,0.0287968231349679,0.034950905843689,0.00615408270872102
ADF,217,pump_1,obs_downstream,0.0288302332220856,0.0350140663461025,0.00618383312401694
ADF,218,pump_1,obs_downstream,0.0288622996727829,0.0350755055342733,0.00621320586149048
ADF,219,pump_1,obs_downstream,0.0288930473622744,0.035135250434096,0.00624220307182163
ADF,220,pump_1,obs_downstream,0.0289225007614681,0.0351933277262932,0.00627082696482519
ADF,221,pump_1,obs_downstream,0.028950683940686,0.0352497637465212,0.00629907980583513
ADF,222,pump_1,obs_downstream,0.0289776205735618,0.0353045844857833,0.00632696391222149
ADF,223,pump_1,obs_downstream,0.0290033339410938,0.0353578155911309,0.00635448165003701
ADF,224,pump_1,obs_downstream,0.0290278469358401,0.0354094823666298,0.00638163543078968
ADF,225,pump_1,obs_downstream,0.0290511820662365,0.035459609774574,0.00640842770833749
ADF,226,pump_1,obs_downstream,0.0290733614610253,0.0355082224369278,0.00643486097590248
ADF,227,pump_1,obs_downstream,0.0290944068737794,0.0355553446369794,0.00646093776320005
ADF,228,pump_1,obs_downstream,0.0291143396875088,0.0356010003211895,0.00648666063368078
ADF,229,pump_1,obs_downstream,0.0291331809193395,0.0356452131012202,0.00651203218188077
ADF,230,pump_1,obs_downstream,0.0291509512252513,0.035688006256129,0.00653705503087766
ADF,231,pump_1,obs_downstream,0.0291676709048662,0.0357294027347149,0.00656173182984874
ADF,232,pump_1,obs_downstream,0.0291833599062757,0.0357694251580041,0.0065860652517284
ADF,233,pump_1,obs_downstream,0.0291980378309008,0.0358080958218622,0.00661005799096132
ADF,234,pump_1,obs_downstream,0.0292117239383747,0.0358454366997232,0.00663371276134852
ADF,235,pump_1,obs_downstream,0.0292244371514401,0.0358814694454232,0.00665703229398314
ADF,236,pump_1,obs_downstream,0.0292361960608563,0.0359162153961299,0.00668001933527357
ADF,237,pump_1,obs_downstream,0.0292470189303074,0.0359496955753575,0.00670267664505006
ADF,238,pump_1,obs_downstream,0.0292569237013072,0.0359819306960598,0.00672500699475263
ADF,239,pump_1,obs_downstream,0.0292659279980934,0.0360129411637913,0.00674701316569786
ADF,240,pump_1,obs_downstream,0.0292740491325092,0.03604274707993,0.00676869794742078
ADF,241,pump_1,obs_downstream,0.0292813041088636,0.0360713682449539,0.00679006413609028
ADF,242,pump_1,obs_downstream,0.0292877096287698,0.0360988241617651,0.00681111453299527
ADF,243,pump_1,obs_downstream,0.029293282095955,0.0361251340390536,0.00683185194309863
ADF,244,pump_1,obs_downstream,0.0292980376210401,0.0361503167946971,0.00685227917365703
ADF,245,pump_1,obs_downstream,0.0293019920262848,0.036174391059189,0.00687239903290424
ADF,246,pump_1,obs_downstream,0.0293051608502956,0.0361973751790909,0.00689221432879525
ADF,247,pump_1,obs_downstream,0.0293075593526937,0.0362192872205034,0.0069117278678097
ADF,248,pump_1,obs_downstream,0.0293092025187408,0.0362401449725525,0.00693094245381175
ADF,249,pump_1,obs_downstream,0.0293101050639204,0.0362599659508852,0.00694986088696477
ADF,250,pump_1,obs_downstream,0.0293102814384728,0.0362787674011714,0.00696848596269861
ADF,251,pump_1,obs_downstream,0.0293097458318814,0.036296566302609,0.00698682047072762
ADF,252,pump_1,obs_downstream,0.0293085121773095,0.0363133793714271,0.00700486719411762
ADF,253,pump_1,obs_downstream,0.0293065941559864,0.036329223064386,0.00702262890839954
ADF,254,pump_1,obs_downstream,0.0293040052015404,0.036344113582269,0.00704010838072858
ADF,255,pump_1,obs_downstream,0.0293007585042786,0.0363580668733654,0.00705730836908678
ADF,256,pump_1,obs_downstream,0.0292968670154129,0.0363710986369401,0.00707423162152719
ADF,257,pump_1,obs_downstream,0.0292923434512305,0.036383224326689,0.00709088087545857
ADF,258,pump_1,obs_downstream,0.0292872002972082,0.0363944591541768,0.0071072588569686
ADF,259,pump_1,obs_downstream,0.0292814498120718,0.0364048180922561,0.00712336828018428
ADF,260,pump_1,obs_downstream,0.0292751040317974,0.0364143158784653,0.00713921184666797
ADF,261,pump_1,obs_downstream,0.0292681747735566,0.0364229670184044,0.00715479224484782
ADF,262,pump_1,obs_downstream,0.0292606736396043,0.0364307857890855,0.00717011214948121
ADF,263,pump_1,obs_downstream,0.0292526120211091,0.0364377862422587,0.00718517422114959
ADF,264,pump_1,obs_downstream,0.0292440011019265,0.0364439822077104,0.00719998110578393
ADF,265,pump_1,obs_downstream,0.0292348518623143,0.0364493872965335,0.00721453543421917
ADF,266,pump_1,obs_downstream,0.0292251750825915,0.0364540149043682,0.00722883982177675
ADF,267,pump_1,obs_downstream,0.0292149813467389,0.036457878214613,0.00724289686787407
ADF,268,pump_1,obs_downstream,0.0292042810459445,0.0364609902016037,0.00725670915565914
ADF,269,pump_1,obs_downstream,0.0291930843820903,0.0364633636337612,0.00727027925167094
ADF,270,pump_1,obs_downstream,0.0291814013711841,0.0364650110767064,0.00728360970552229
ADF,271,pump_1,obs_downstream,0.029169241846735,0.0364659448963413,0.00729670304960629
ADF,272,pump_1,obs_downstream,0.0291566154630728,0.0364661772618968,0.00730956179882407
ADF,273,pump_1,obs_downstream,0.029143531698613,0.0364657201489463,0.0073221884503333
ADF,274,pump_1,obs_downstream,0.0291299998590662,0.0364645853423833,0.00733458548331709
ADF,275,pump_1,obs_downstream,0.0291160290805943,0.0364627844393658,0.00734675535877145
ADF,276,pump_1,obs_downstream,0.0291016283329121,0.0364603288522234,0.00735870051931133
ADF,277,pump_1,obs_downstream,0.0290868064223358,0.03645722981133,0.00737042338899418
ADF,278,pump_1,obs_downstream,0.0290715719947799,0.0364534983679398,0.0073819263731599
ADF,279,pump_1,obs_downstream,0.0290559335387006,0.036449145396988,0.00739321185828739
ADF,280,pump_1,obs_downstream,0.029039899387989,0.0364441815998547,0.00740428221186574
ADF,281,pump_1,obs_downstream,0.0290234777248128,0.0364386175070933,0.00741513978228049
ADF,282,pump_1,obs_downstream,0.0290066765824084,0.0364324634811221,0.00742578689871376
ADF,283,pump_1,obs_downstream,0.0289895038478224,0.0364257297188801,0.00743622587105761
ADF,284,pump_1,obs_downstream,0.028971967264606,0.0364184262544463,0.0074464589898403
ADF,285,pump_1,obs_downstream,0.028954074435459,0.0364105629616236,0.00745648852616461
ADF,286,pump_1,obs_downstream,0.0289358328248282,0.0364021495564861,0.00746631673165784
ADF,287,pump_1,obs_downstream,0.0289172497614581,0.0363931955998908,0.00747594583843273
ADF,288,pump_1,obs_downstream,0.0288983324408947,0.0363837104999539,0.00748537805905925
ADF,289,pump_1,obs_downstream,0.028879087927945,0.0363737035144911,0.00749461558654605
ADF,290,pump_1,obs_downstream,0.0288595231590912,0.036363183753423,0.00750366059433186
ADF,291,pump_1,obs_downstream,0.0288396449448601,0.0363521601811458,0.00751251523628569
ADF,292,pump_1,obs_downstream,0.0288194599721502,0.0363406416188662,0.007521181646716
ADF,293,pump_1,obs_downstream,0.0287989748065149,0.0363286367469028,0.00752966194038788
ADF,294,pump_1,obs_downstream,0.028778195894404,0.0363161541069524,0.00753795821254838
ADF,295,pump_1,obs_downstream,0.0287571295653641,0.036303202104323,0.00754607253895892
ADF,296,pump_1,obs_downstream,0.0287357820341978,0.0362897890101328,0.00755400697593508
ADF,297,pump_1,obs_downstream,0.0287141594030823,0.0362759229634754,0.00756176356039309
ADF,298,pump_1,obs_downstream,0.0286922676636501,0.0362616119735527,0.00756934430990255
ADF,299,pump_1,obs_downstream,0.0286701126990292,0.0362468639217745,0.0075767512227453
ADF,300,pump_1,obs_downstream,0.0286477002858459,0.0362316865638261,0.00758398627798014
ADF,301,pump_1,obs_downstream,0.0286250360961909,0.0362160875317035,0.00759105143551253
ADF,302,pump_1,obs_downstream,0.0286021256995471,0.0362000743357171,0.00759794863616998
ADF,303,pump_1,obs_downstream,0.0285789745646818,0.0361836543664639,0.00760467980178207
ADF,304,pump_1,obs_downstream,0.0285555880615043,0.0361668348967689,0.00761124683526463
ADF,305,pump_1,obs_downstream,0.0285319714628868,0.0361496230835959,0.0076176516207091
ADF,306,pump_1,obs_downstream,0.0285081299464526,0.0361320259699275,0.00762389602347495
ADF,307,pump_1,obs_downstream,0.0284840685963293,0.0361140504866163,0.00762998189028698
ADF,308,pump_1,obs_downstream,0.0284597924048703,0.0360957034542054,0.00763591104933507
ADF,309,pump_1,obs_downstream,0.0284353062743421,0.0360769915847204,0.00764168531037837
ADF,310,pump_1,obs_downstream,0.028410615018581,0.036057921483433,0.00764730646485207
ADF,311,pump_1,obs_downstream,0.0283857233646184,0.0360384996505953,0.00765277628597696
ADF,312,pump_1,obs_downstream,0.0283606359542742,0.0360187324831468,0.00765809652887255
ADF,313,pump_1,obs_downstream,0.0283353573457218,0.0359986262763936,0.00766326893067179
ADF,314,pump_1,obs_downstream,0.0283098920150214,0.0359781872256604,0.00766829521063898
ADF,315,pump_1,obs_downstream,0.0282842443576261,0.0359574214279156,0.00767317707028948
ADF,316,pump_1,obs_downstream,0.0282584186898581,0.0359363348833697,0.00767791619351166
ADF,317,pump_1,obs_downstream,0.0282324192503576,0.0359149334970484,0.00768251424669085
ADF,318,pump_1,obs_downstream,0.028206250201504,0.0358932230803387,0.00768697287883463
ADF,319,pump_1,obs_downstream,0.0281799156308104,0.0358712093525108,0.00769129372170037
ADF,320,pump_1,obs_downstream,0.0281534195522908,0.0358488979422146,0.00769547838992375
ADF,321,pump_1,obs_downstream,0.0281267659078024,0.0358262943889513,0.00769952848114893
ADF,322,pump_1,obs_downstream,0.0280999585683617,0.0358034041445214,0.00770344557615972
ADF,323,pump_1,obs_downstream,0.0280730013354359,0.0357802325744481,0.00770723123901224
ADF,324,pump_1,obs_downstream,0.0280458979422097,0.0357567849593777,0.00771088701716796
ADF,325,pump_1,obs_downstream,0.0280186520548281,0.0357330664964566,0.00771441444162845
ADF,326,pump_1,obs_downstream,0.0279912672736157,0.0357090823006857,0.00771781502706997
ADF,327,pump_1,obs_downstream,0.0279637471342724,0.0356848374062521,0.00772109027197966
ADF,328,pump_1,obs_downstream,0.0279360951090473,0.0356603367678389,0.00772424165879165
ADF,329,pump_1,obs_downstream,0.0279083146078891,0.0356355852619132,0.00772727065402407
ADF,330,pump_1,obs_downstream,0.0278804089795764,0.0356105876879925,0.00773017870841608
ADF,331,pump_1,obs_downstream,0.0278523815128242,0.0355853487698901,0.00773296725706591
ADF,332,pump_1,obs_downstream,0.0278242354373721,0.0355598731569404,0.00773563771956829
ADF,333,pump_1,obs_downstream,0.0277959739250497,0.0355341654252023,0.0077381915001526
ADF,334,pump_1,obs_downstream,0.0277676000908233,0.0355082300786445,0.00774062998782114
ADF,335,pump_1,obs_downstream,0.0277391169938216,0.0354820715503089,0.0077429545564873
ADF,336,pump_1,obs_downstream,0.0277105276383432,0.0354556942034566,0.00774516656511346
ADF,337,pump_1,obs_downstream,0.027681834974844,0.0354291023326932,0.00774726735784928
ADF,338,pump_1,obs_downstream,0.0276530419009065,0.0354023001650761,0.00774925826416968
ADF,339,pump_1,obs_downstream,0.0276241512621909,0.0353752918612032,0.00775114059901229
ADF,340,pump_1,obs_downstream,0.0275951658533678,0.035348081516283,0.00775291566291523
ADF,341,pump_1,obs_downstream,0.0275660884190336,0.0353206731611876,0.00775458474215397
ADF,342,pump_1,obs_downstream,0.0275369216546086,0.0352930707634869,0.00775614910887834
ADF,343,pump_1,obs_downstream,0.0275076682072181,0.0352652782284669,0.00775761002124873
ADF,344,pump_1,obs_downstream,0.0274783306765572,0.0352372994001296,0.00775896872357247
ADF,345,pump_1,obs_downstream,0.0274489116157388,0.0352091380621775,0.00776022644643871
ADF,346,pump_1,obs_downstream,0.0274194135321261,0.0351807979389801,0.00776138440685397
ADF,347,pump_1,obs_downstream,0.0273898388881494,0.0351522826965257,0.00776244380837628
ADF,348,pump_1,obs_downstream,0.0273601901021075,0.0351235959433564,0.00776340584124891
ADF,349,pump_1,obs_downstream,0.027330469548954,0.0350947412314878,0.00776427168253381
ADF,350,pump_1,obs_downstream,0.0273006795610688,0.0350657220573129,0.00776504249624404
ADF,351,pump_1,obs_downstream,0.0272708224290156,0.0350365418624913,0.0077657194334757
ADF,352,pump_1,obs_downstream,0.0272409004022847,0.0350072040348237,0.00776630363253899
ADF,353,pump_1,obs_downstream,0.0272109156900222,0.034977711909111,0.00776679621908879
ADF,354,pump_1,obs_downstream,0.0271808704617453,0.0349480687679996,0.00776719830625437
ADF,355,pump_1,obs_downstream,0.0271507668480448,0.0349182778428129,0.00776751099476811
ADF,356,pump_1,obs_downstream,0.0271206069412741,0.0348883423143678,0.00776773537309376
ADF,357,pump_1,obs_downstream,0.0270903927962251,0.0348582653137788,0.00776787251755376
ADF,358,pump_1,obs_downstream,0.0270601264307921,0.0348280499232477,0.00776792349245555
ADF,359,pump_1,obs_downstream,0.0270298098266235,0.0347976991768408,0.00776788935021729
ADF,360,pump_1,obs_downstream,0.02699944492976,0.0347672160612526,0.00776777113149262
ADF,361,pump_1,obs_downstream,0.0269690336512627,0.0347366035165573,0.00776756986529453
ADF,362,pump_1,obs_downstream,0.026938577867829,0.0347058644369471,0.00776728656911816
ADF,363,pump_1,obs_downstream,0.026908079422396,0.0346750016714591,0.00776692224906313
ADF,364,pump_1,obs_downstream,0.0268775401247345,0.0346440180246889,0.0077664778999544
ADF,365,pump_1,obs_downstream,0.0268469617520309,0.0346129162574936,0.00776595450546272
ADF,366,pump_1,obs_downstream,0.0268163460494582,0.0345816990876819,0.00776535303822372
ADF,1,pump_2,obs_near,0,0,0
ADF,2,pump_2,obs_near,0,0,0
ADF,3,pump_2,obs_near,0,0,0
ADF,4,pump_2,obs_near,0,0,0
ADF,5,pump_2,obs_near,0,0,0
ADF,6,pump_2,obs_near,0,0,0
ADF,7,pump_2,obs_near,0,0,0
ADF,8,pump_2,obs_near,0,0,0
ADF,9,pump_2,obs_near,0,0,0
ADF,10,pump_2,obs_near,0,0,0
ADF,11,pump_2,obs_near,0,0,0
ADF,12,pump_2,obs_near,0,0,0
ADF,13,pump_2,obs_near,0,0,0
ADF,14,pump_2,obs_near,0,0,0
ADF,15,pump_2,obs_near,0,0,0
ADF,16,pump_2,obs_near,0,0,0
ADF,17,pump_2,obs_near,0,0,0
ADF,18,pump_2,obs_near,0,0,0
ADF,19,pump_2,obs_near,0,0,0
ADF,20,pump_2,obs_near,0,0,0
ADF,21,pump_2,obs_near,0,0,0
ADF,22,pump_2,obs_near,0,0,0
ADF,23,pump_2,obs_near,0,0,0
ADF,24,pump_2,obs_near,0,0,0
ADF,25,pump_2,obs_near,0,0,0
ADF,26,pump_2,obs_near,0,0,0
ADF,27,pump_2,obs_near,0,0,0
ADF,28,pump_2,obs_near,0,0,0
ADF,29,pump_2,obs_near,0,0,0
ADF,30,pump_2,obs_near,0,0,0
ADF,31,pump_2,obs_near,0,0,0
ADF,32,pump_2,obs_near,0,0,0
ADF,33,pump_2,obs_near,4.26925975870483e-216,2.80268367697053e-190,2.80268367697053e-190
ADF,34,pump_2,obs_near,8.6097912367631e-110,2.37165546928738e-99,2.37165546920129e-99
ADF,35,pump_2,obs_near,2.78636586697157e-74,4.38554199527456e-57,4.38554199527456e-57
ADF,36,pump_2,obs_near,1.72393569981684e-56,6.42238316264298e-43,6.42238316264281e-43
ADF,37,pump_2,obs_near,8.57065983799093e-46,1.52369266236727e-34,1.5236926623587e-34
ADF,38,pump_2,obs_near,1.19756929786569e-38,3.95033814002412e-29,3.95033813882655e-29
ADF,39,pump_2,obs_near,1.55676965146118e-33,4.11564473992496e-26,4.11564458424799e-26
ADF,40,pump_2,obs_near,1.0845256873915e-29,1.29233485283404e-23,1.29233376830835e-23
ADF,41,pump_2,obs_near,1.07180356705668e-26,1.21433086603563e-21,1.21432014799996e-21
ADF,42,pump_2,obs_near,2.69579204206275e-24,5.21035639937527e-20,5.21008682017106e-20
ADF,43,pump_2,obs_near,2.50378151980615e-22,1.22565551837612e-18,1.22540514022414e-18
ADF,44,pump_2,obs_near,1.10073095723465e-20,1.81052949557845e-17,1.80942876462121e-17
ADF,45,pump_2,obs_near,2.72049077091309e-19,1.85124377406183e-16,1.84852328329092e-16
ADF,46,pump_2,obs_near,4.27457478366219e-18,1.40717525375641e-15,1.40290067897275e-15
ADF,47,pump_2,obs_near,4.6730836013267e-17,8.39011483980843e-15,8.34338400379517e-15
ADF,48,pump_2,obs_near,3.80354151196565e-16,4.08918984176139e-14,4.05115442664173e-14
ADF,49,pump_2,obs_near,2.42745536910238e-15,1.682639080752e-13,1.65836452706098e-13
ADF,50,pump_2,obs_near,1.26476021480915e-14,5.99796928013844e-13,5.87149325865752e-13
ADF,51,pump_2,obs_near,5.55387709720942e-14,1.89103103121819e-12,1.8354922602461e-12
ADF,52,pump_2,obs_near,2.10859303369384e-13,5.36343591317052e-12,5.15257660980114e-12
ADF,53,pump_2,obs_near,7.065958789222e-13,1.38777098049022e-11,1.317111392598e-11
ADF,54,pump_2,obs_near,2.12558308304225e-12,3.31424502341323e-11,3.10168671510901e-11
ADF,55,pump_2,obs_near,5.82085691224551e-12,7.37719277352775e-11,6.7951070823032e-11
ADF,56,pump_2,obs_near,1.46812158214463e-11,1.54321826409313e-10,1.39640610587867e-10
ADF,57,pump_2,obs_near,3.44397780910669e-11,3.05525449361417e-10,2.7108567127035e-10
ADF,58,pump_2,obs_near,7.57680918952053e-11,5.75923950455671e-10,5.00155858560466e-10
ADF,59,pump_2,obs_near,1.57439088989559e-10,1.03903508991453e-09,8.81596000924971e-10
ADF,60,pump_2,obs_near,3.10866810260931e-10,1.80214095443735e-09,1.49127414417642e-09
ADF,61,pump_2,obs_near,5.86334027676939e-10,3.01670265309694e-09,2.43036862542e-09
ADF,62,pump_2,obs_near,1.06119788481073e-09,4.89033608235582e-09,3.82913819754509e-09
ADF,63,pump_2,obs_near,1.85031861299332e-09,7.70021360765982e-09,5.84989499466649e-09
ADF,64,pump_2,obs_near,3.11889006552612e-09,1.18076967375339e-08,8.68880667200778e-09
ADF,65,pump_2,obs_near,5.09776813985397e-09,1.76739577361025e-08,1.25761895962486e-08
ADF,66,pump_2,obs_near,8.1013002970253e-09,2.5876315179433e-08,1.77750148824077e-08
ADF,67,pump_2,obs_near,1.25475629570869e-08,3.71249898531778e-08,2.45774268960909e-08
ADF,68,pump_2,obs_near,1.89808198827707e-08,5.22799821710903e-08,3.32991622883196e-08
ADF,69,pump_2,obs_near,2.80959292566074e-08,7.23677787852766e-08,4.42718495286692e-08
ADF,70,pump_2,obs_near,4.07643543099836e-08,9.85976121635242e-08,5.78332578535406e-08
ADF,71,pump_2,obs_near,5.80613750257206e-08,1.32377020384141e-07,7.43156453584205e-08
ADF,72,pump_2,obs_near,8.12940582079025e-08,1.75326483057752e-07,9.40324248498493e-08
ADF,73,pump_2,obs_near,1.12029520465731e-07,2.2929294113458e-07,1.17263420668849e-07
ADF,74,pump_2,obs_near,1.52123012734265e-07,2.96362041673831e-07,1.44239028939566e-07
ADF,75,pump_2,obs_near,2.03745364401031e-07,3.78868982025075e-07,1.75123617624044e-07
ADF,76,pump_2,obs_near,2.6940934791617e-07,4.79407860194755e-07,2.09998512278584e-07
ADF,77,pump_2,obs_near,3.51994558597601e-07,6.0083946862665e-07,2.48844910029049e-07
ADF,78,pump_2,obs_near,4.54770446728755e-07,7.46297496649934e-07,2.9152704992118e-07
ADF,79,pump_2,obs_near,5.81417187534626e-07,9.19193132093663e-07,3.37775944559037e-07
ADF,80,pump_2,obs_near,7.36044126904072e-07,1.12321807485738e-06,3.87173947953309e-07
ADF,81,pump_2,obs_near,9.23205594719688e-07,1.36234599452539e-06,4.391403998057e-07
ADF,82,pump_2,obs_near,1.14791393155504e-06,1.64083248048009e-06,4.92918548925054e-07
ADF,83,pump_2,obs_near,1.41564962679676e-06,1.96321354654374e-06,5.47563919746985e-07
ADF,84,pump_2,obs_near,1.73236851574483e-06,2.33430276314252e-06,6.01934247397682e-07
ADF,85,pump_2,obs_near,2.10450602902799e-06,2.7591870985566e-06,6.54681069528606e-07
ADF,86,pump_2,obs_near,2.53897852910169e-06,3.24322155722466e-06,7.0424302812297e-07
ADF,87,pump_2,obs_near,3.04318180527036e-06,3.79202270754376e-06,7.48840902273407e-07
ADF,88,pump_2,obs_near,3.62498683039588e-06,4.41146119437631e-06,7.86474363980435e-07
ADF,89,pump_2,obs_near,4.29273290919466e-06,5.1076533327639e-06,8.14920423569239e-07
ADF,90,pump_2,obs_near,5.05521836989642e-06,5.88695187936073e-06,8.31733509464312e-07
ADF,91,pump_2,obs_near,5.92168896825889e-06,6.75593607702872e-06,8.34247108769827e-07
ADF,92,pump_2,obs_near,6.9018241857996e-06,7.7214010660572e-06,8.19576880257602e-07
ADF,93,pump_2,obs_near,8.00572161297262e-06,8.79034675274233e-06,7.84625139769717e-07
ADF,94,pump_2,obs_near,9.24387961326957e-06,9.96996622272648e-06,7.26086609456919e-07
ADF,95,pump_2,obs_near,1.06271784662637e-05,1.12676337826843e-05,6.40455316420603e-07
ADF,96,pump_2,obs_near,1.21668601868479e-05,1.26908927097611e-05,5.2403252291323e-07
ADF,97,pump_2,obs_near,1.387450721474e-05,1.42474427837212e-05,3.72935568981121e-07
ADF,98,pump_2,obs_near,1.57620201631225e-05,1.5945127672132e-05,1.83107509009556e-07
ADF,99,pump_2,obs_near,1.78415948084009e-05,1.77919222341734e-05,-4.96725742275151e-08
ADF,100,pump_2,obs_near,2.01256984948509e-05,1.97959198038783e-05,-3.29778690972668e-07
ADF,101,pump_2,obs_near,2.26270461186569e-05,2.19653195088434e-05,-6.61726609813522e-07
ADF,102,pump_2,obs_near,2.53585758458215e-05,2.43084136757318e-05,-1.05016217008975e-06
ADF,103,pump_2,obs_near,2.83334247078694e-05,2.68335753692657e-05,-1.49984933860362e-06
ADF,104,pump_2,obs_near,3.15649042083931e-05,2.95492461068432e-05,-2.01565810154993e-06
ADF,105,pump_2,obs_near,3.50664760624872e-05,3.24639237862084e-05,-2.60255227627883e-06
ADF,106,pump_2,obs_near,3.88517281801066e-05,3.55861508580546e-05,-3.26557732205194e-06
ADF,107,pump_2,obs_near,4.29343509934476e-05,3.8924502767457e-05,-4.00984822599059e-06
ADF,108,pump_2,obs_near,4.73281142174058e-05,4.2487576675025e-05,-4.84053754238076e-06
ADF,109,pump_2,obs_near,5.20468441203954e-05,4.62839804476497e-05,-5.76286367274572e-06
ADF,110,pump_2,obs_near,5.71044013689448e-05,5.03223218777157e-05,-6.78207949122915e-06
ADF,111,pump_2,obs_near,6.25146594912731e-05,5.46111980492544e-05,-7.90346144201871e-06
ADF,112,pump_2,obs_near,6.82914839797842e-05,5.91591847237388e-05,-9.13229925604543e-06
ADF,113,pump_2,obs_near,7.4448712017739e-05,6.3974825573993e-05,-1.0473886443746e-05
ADF,114,pump_2,obs_near,8.1000132770433e-05,6.90666210601936e-05,-1.19335117102394e-05
ADF,115,pump_2,obs_near,8.79594681276218e-05,7.44430167244908e-05,-1.3516451403131e-05
ADF,116,pump_2,obs_near,9.53403537259736e-05,8.01123906850223e-05,-1.52279630409513e-05
ADF,117,pump_2,obs_near,0.000103156320024455,8.60830401370952e-05,-1.70732798873601e-05
ADF,118,pump_2,obs_near,0.000111420773159253,9.23631667166195e-05,-1.90576064426337e-05
ADF,119,pump_2,obs_near,0.000120146975275132,9.8960860643351e-05,-2.11861146317812e-05
ADF,120,pump_2,obs_near,0.000129348024022368,0.000105884083632509,-2.34639403898595e-05
ADF,121,pump_2,obs_near,0.000139036830925304,0.000113140650635982,-2.58961802893215e-05
ADF,122,pump_2,obs_near,0.000149226098369981,0.00012073821054247,-2.8487887827511e-05
ADF,123,pump_2,obs_near,0.000159928295021395,0.000128684226024664,-3.12440689967309e-05
ADF,124,pump_2,obs_near,0.000171155629560747,0.000136985952767882,-3.41696767928649e-05
ADF,125,pump_2,obs_near,0.000182920022723465,0.000145650418346723,-3.7269604376742e-05
ADF,126,pump_2,obs_near,0.00019523307771308,0.000154684401034326,-4.05486766787536e-05
ADF,127,pump_2,obs_near,0.000208106049157869,0.00016409440883346,-4.40116403244093e-05
ADF,128,pump_2,obs_near,0.00022154981086112,0.000173886659011779,-4.76631518493415e-05
ADF,129,pump_2,obs_near,0.000235574822667419,0.000184067058407099,-5.15077642603205e-05
ADF,130,pump_2,obs_near,0.000250191096823727,0.000194641184744801,-5.55499120789258e-05
ADF,131,pump_2,obs_near,0.000265408164253444,0.000205614269180609,-5.97938950728346e-05
ADF,132,pump_2,obs_near,0.000281235041183847,0.000216991180250012,-6.42438609338344e-05
ADF,133,pump_2,obs_near,0.000297680196572776,0.000228776409372172,-6.89037872006037e-05
ADF,134,pump_2,obs_near,0.00031475152077081,0.000240974058022797,-7.37774627480136e-05
ADF,135,pump_2,obs_near,0.000332456295832244,0.000253587826658122,-7.8868469174122e-05
ADF,136,pump_2,obs_near,0.000350801167854397,0.000266621005441774,-8.41801624126231e-05
ADF,137,pump_2,obs_near,0.000369792121682571,0.000280076466798347,-8.97156548842233e-05
ADF,138,pump_2,obs_near,0.000389434458269703,0.000293956659792418,-9.54777984772849e-05
ADF,139,pump_2,obs_near,0.000409732774927877,0.000308263606309601,-0.000101469168618276
ADF,140,pump_2,obs_near,0.000430690948655248,0.000322998898997129,-0.000107692049658118
ADF,141,pump_2,obs_near,0.000452312122668527,0.000338163700905282,-0.000114148421763245
ADF,142,pump_2,obs_near,0.000474598696219437,0.000353758746757636,-0.0001208399494618
ADF,143,pump_2,obs_near,0.000497552317724626,0.000369784345767412,-0.000127767971957214
ADF,144,pump_2,obs_near,0.000521173881193383,0.000386240385908838,-0.000134933495284545
ADF,145,pump_2,obs_near,0.000545463525896698,0.000403126339546347,-0.000142337186350351
ADF,146,pump_2,obs_near,0.000570420639185272,0.000420441270320214,-0.000149979368865058
ADF,147,pump_2,obs_near,0.000596043862332999,0.000438183841184729,-0.000157860021148271
ADF,148,pump_2,obs_near,0.000622331099256456,0.000456352323494034,-0.000165978775762422
ADF,149,pump_2,obs_near,0.000649279527939781,0.000474944607031003,-0.000174334920908778
ADF,150,pump_2,obs_near,0.000676885614377801,0.000493958210875896,-0.000182927403501905
ADF,151,pump_2,obs_near,0.000705145128838158,0.000513390295013806,-0.000191754833824353
ADF,152,pump_2,obs_near,0.00073405316423502,0.000533237672582926,-0.000200815491652094
ADF,153,pump_2,obs_near,0.000763604156402411,0.000553496822669268,-0.000210107333733143
ADF,154,pump_2,obs_near,0.000793791906053906,0.000574163903557578,-0.000219628002496328
ADF,155,pump_2,obs_near,0.000824609602216853,0.000595234766352652,-0.000229374835864201
ADF,156,pump_2,obs_near,0.00085604984693315,0.000616704968889949,-0.000239344878043201
ADF,157,pump_2,obs_near,0.00088810468102453,0.000638569789859349,-0.000249534891165181
ADF,158,pump_2,obs_near,0.000920765610727746,0.000660824243070843,-0.000259941367656904
ADF,159,pump_2,obs_near,0.000954023635014008,0.00068346309179603,-0.000270560543217978
ADF,160,pump_2,obs_near,0.0009878692734168,0.000706480863124287,-0.000281388410292512
ADF,161,pump_2,obs_near,0.00102229259420293,0.000729871862277446,-0.000292420731925487
ADF,162,pump_2,obs_near,0.00105728324273273,0.000753630186831656,-0.000303653055901073
ADF,163,pump_2,obs_near,0.00109283046986672,0.00077774974079984,-0.000315080729066884
ADF,164,pump_2,obs_near,0.00112892316028783,0.000802224248532708,-0.000326698911755126
ADF,165,pump_2,obs_near,0.00116554986061936,0.000827047268400669,-0.000338502592218691
ADF,166,pump_2,obs_near,0.00120269880723065,0.000852212206223163,-0.000350486601007483
ADF,167,pump_2,obs_near,0.00124035795363315,0.000877712328415932,-0.000362645625217219
ADF,168,pump_2,obs_near,0.00127851499738048,0.000903540774830487,-0.000374974222549993
ADF,169,pump_2,obs_near,0.00131715740639608,0.000929690571263591,-0.000387466835132486
ADF,170,pump_2,obs_near,0.00135627244466215,0.000956154641617899,-0.000400117803044247
ADF,171,pump_2,obs_near,0.0013958471972125,0.000982925819698007,-0.000412921377514493
ADF,172,pump_2,obs_near,0.00143586859438082,0.00100999686062903,-0.000425871733751789
ADF,173,pump_2,obs_near,0.00147632343526384,0.00103736045188753,-0.000438962983376313
ADF,174,pump_2,obs_near,0.00151719841036666,0.00106500922393708,-0.00045218918642958
ADF,175,pump_2,obs_near,0.00155848012340415,0.001092935760463,-0.00046554436294115
ADF,176,pump_2,obs_near,0.0016001551122391,0.00112113260820284,-0.000479022504036256
ADF,177,pump_2,obs_near,0.00164220986894347,0.00114959228637126,-0.000492617582572213
ADF,178,pump_2,obs_near,0.00168463085897445,0.00117830729567926,-0.000506323563295193
ADF,179,pump_2,obs_near,0.00172740453946204,0.00120727012694987,-0.000520134412512165
ADF,180,pump_2,obs_near,0.00177051737660893,0.00123647326933311,-0.000534044107275826
ADF,181,pump_2,obs_near,0.00181395586220778,0.00126590921812474,-0.000548046644083037
ADF,182,pump_2,obs_near,0.00185770652928393,0.00129557048219439,-0.000562136047089539
ADF,183,pump_2,obs_near,0.00190175596687522,0.0013254495910292,-0.000576306375846016
ADF,184,pump_2,obs_near,0.00194609083396269,0.00135553910140053,-0.00059055173256216
ADF,185,pump_2,obs_near,0.0019906978725688,0.00138583160366154,-0.000604866268907264
ADF,186,pump_2,obs_near,0.00203556392004132,0.00141631972768432,-0.000619244192356995
ADF,187,pump_2,obs_near,0.0020806759205431,0.00144699614844572,-0.000633679772097376
ADF,188,pump_2,obs_near,0.00212602093576918,0.00147785359127135,-0.000648167344497831
ADF,189,pump_2,obs_near,0.00217158615491383,0.00150888483674773,-0.000662701318166098
ADF,190,pump_2,obs_near,0.00221735890391112,0.00154008272531279,-0.000677276178598323
ADF,191,pump_2,obs_near,0.00226332665397329,0.00157144016153497,-0.000691886492438322
ADF,192,pump_2,obs_near,0.0023094770294518,0.00160295011809159,-0.000706526911360214
ADF,193,pump_2,obs_near,0.0023557978150461,0.00163460563945704,-0.000721192175589064
ADF,194,pump_2,obs_near,0.00240227696238559,0.00166639984531141,-0.000735877117074178
ADF,195,pump_2,obs_near,0.00244890259601014,0.00169832593368023,-0.000750576662329909
ADF,196,pump_2,obs_near,0.00249566301877459,0.00173037718381587,-0.000765285834958721
ADF,197,pump_2,obs_near,0.00254254671670241,0.00176254695883116,-0.000779999757871249
ADF,198,pump_2,obs_near,0.00258954236331341,0.00179482870809553,-0.000794713655217887
ADF,199,pump_2,obs_near,0.00263663882345021,0.0018272159694039,-0.00080942285404631
ADF,200,pump_2,obs_near,0.00268382515662754,0.00185970237092852,-0.00082412278569902
ADF,201,pump_2,obs_near,0.00273109061992825,0.00189228163296344,-0.000838808986964806
ADF,202,pump_2,obs_near,0.00277842467046895,0.00192494756947138,-0.000853477100997576
ADF,203,pump_2,obs_near,0.00282581696745824,0.00195769408944242,-0.000868122878015827
ADF,204,pump_2,obs_near,0.00287325737386923,0.00199051519807374,-0.000882742175795487
ADF,205,pump_2,obs_near,0.0029207359577479,0.00202340499777929,-0.000897330959968617
ADF,206,pump_2,obs_near,0.00296824299317809,0.00205635768903815,-0.000911885304139942
ADF,207,pump_2,obs_near,0.00301576896092295,0.00208936757109004,-0.000926401389832905
ADF,208,pump_2,obs_near,0.00306330454876243,0.00212242904248609,-0.00094087550627634
ADF,209,pump_2,obs_near,0.00311084065154547,0.0021555366015028,-0.000955304050042666
ADF,210,pump_2,obs_near,0.00315836837097475,0.00218868484642695,-0.000969683524547805
ADF,211,pump_2,obs_near,0.00320587901514145,0.00222186847571855,-0.000984010539422898
ADF,212,pump_2,obs_near,0.00325336409782656,0.00225508228805933,-0.000998281809767232
ADF,213,pump_2,obs_near,0.00330081533758467,0.00228832118229317,-0.0010124941552915
ADF,214,pump_2,obs_near,0.00334822465662554,0.00232158015726545,-0.00102664449936009
ADF,215,pump_2,obs_near,0.00339558417950795,0.00235485431156733,-0.00104072986794062
ADF,216,pump_2,obs_near,0.00344288623165992,0.00238813884319118,-0.00105474738846874
ADF,217,pump_2,obs_near,0.00349012333773839,0.00242142904910292,-0.00106869428863546
ADF,218,pump_2,obs_near,0.00353728821984129,0.00245472032473684,-0.00108256789510445
ADF,219,pump_2,obs_near,0.00358437379558386,0.00248800816341818,-0.00109636563216568
ADF,220,pump_2,obs_near,0.00363137317605077,0.00252128815571859,-0.00111008502033217
ADF,221,pump_2,obs_near,0.00367827966363503,0.00255455598874941,-0.00112372367488562
ADF,222,pump_2,obs_near,0.00372508674977392,0.00258780744539714,-0.00113727930437678
ADF,223,pump_2,obs_near,0.0037717881125918,0.00262103840350585,-0.00115074970908596
ADF,224,pump_2,obs_near,0.00381837761445917,0.0026542448350105,-0.00116413277944867
ADF,225,pump_2,obs_near,0.00386484929947658,0.00268742280502524,-0.00117742649445134
ADF,226,pump_2,obs_near,0.00391119739089195,0.00272056847089057,-0.00119062892000139
ADF,227,pump_2,obs_near,0.00395741628845895,0.00275367808118279,-0.00120373820727616
ADF,228,pump_2,obs_near,0.0040035005657439,0.00278674797468945,-0.00121675259105445
ADF,229,pump_2,obs_near,0.00404944496738823,0.00281977457935376,-0.00122967038803447
ADF,230,pump_2,obs_near,0.00409524440633294,0.00285275441119132,-0.00124248999514162
ADF,231,pump_2,obs_near,0.00414089396101128,0.00288568407318181,-0.00125520988782947
ADF,232,pump_2,obs_near,0.00418638887251554,0.00291856025413872,-0.00126782861837682
ADF,233,pump_2,obs_near,0.00423172454174315,0.00295137972755946,-0.00128034481418368
ADF,234,pump_2,obs_near,0.00427689652652738,0.0029841393504585,-0.00129275717606888
ADF,235,pump_2,obs_near,0.00432190053875735,0.00301683606218576,-0.00130506447657159
ADF,236,pump_2,obs_near,0.00436673244149171,0.00304946688323252,-0.00131726555825919
ADF,237,pump_2,obs_near,0.00441138824607022,0.00308202891402691,-0.00132935933204331
ADF,238,pump_2,obs_near,0.00445586410922706,0.00311451933372088,-0.00134134477550617
ADF,239,pump_2,obs_near,0.00450015633020949,0.00314693539897057,-0.00135322093123892
ADF,240,pump_2,obs_near,0.00454426134790516,0.00317927444271168,-0.00136498690519347
ADF,241,pump_2,obs_near,0.00458817573798115,0.00321153387293161,-0.00137664186504954
ADF,242,pump_2,obs_near,0.00463189621003768,0.00324371117143971,-0.00138818503859797
ADF,243,pump_2,obs_near,0.00467541960477901,0.00327580389263724,-0.00139961571214178
ADF,244,pump_2,obs_near,0.0047187428912041,0.00330780966228819,-0.00141093322891591
ADF,245,pump_2,obs_near,0.00476186316381914,0.00333972617629238,-0.00142213698752677
ADF,246,pump_2,obs_near,0.00480477763987412,0.00337155119946174,-0.00143322644041238
ADF,247,pump_2,obs_near,0.00484748365662517,0.0034032825643012,-0.00144420109232397
ADF,248,pump_2,obs_near,0.00488997866862457,0.00343491816979481,-0.00145506049882976
ADF,249,pump_2,obs_near,0.0049322602450398,0.00346645598019832,-0.00146580426484148
ADF,250,pump_2,obs_near,0.00497432606700314,0.00349789402383892,-0.00147643204316422
ADF,251,pump_2,obs_near,0.00501617392499303,0.00352923039192292,-0.00148694353307011
ADF,252,pump_2,obs_near,0.00505780171624842,0.00356046323735228,-0.00149733847889614
ADF,253,pump_2,obs_near,0.005099207442217,0.00359159077355043,-0.00150761666866657
ADF,254,pump_2,obs_near,0.00514038920603825,0.00362261127329818,-0.00151777793274007
ADF,255,pump_2,obs_near,0.00518134521006212,0.00365352306758019,-0.00152782214248193
ADF,256,pump_2,obs_near,0.00522207375340406,0.00368432454444262,-0.00153774920896144
ADF,257,pump_2,obs_near,0.00526257322953683,0.00371501414786227,-0.00154755908167456
ADF,258,pump_2,obs_near,0.00530284212391977,0.00374559037662785,-0.00155725174729192
ADF,259,pump_2,obs_near,0.00534287901166587,0.00377605178323358,-0.00156682722843229
ADF,260,pump_2,obs_near,0.00538268255524691,0.00380639697278556,-0.00157628558246135
ADF,261,pump_2,obs_near,0.00542225150223706,0.00383662460192126,-0.0015856269003158
ADF,262,pump_2,obs_near,0.00546158468309503,0.00386673337774229,-0.00159485130535274
ADF,263,pump_2,obs_near,0.00550068100898492,0.0038967220567608,-0.00160395895222411
ADF,264,pump_2,obs_near,0.00553953946963591,0.00392658944385969,-0.00161295002577623
ADF,265,pump_2,obs_near,0.00557815913124072,0.00395633439126676,-0.00162182473997396
ADF,266,pump_2,obs_near,0.00561653913439278,0.00398595579754308,-0.0016305833368497
ADF,267,pump_2,obs_near,0.00565467869206217,0.00401545260658559,-0.00163922608547658
ADF,268,pump_2,obs_near,0.00569257708761006,0.00404482380664407,-0.001647753280966
ADF,269,pump_2,obs_near,0.00573023367284153,0.00407406842935263,-0.0016561652434889
ADF,270,pump_2,obs_near,0.00576764786609655,0.00410318554877571,-0.00166446231732084
ADF,271,pump_2,obs_near,0.00580481915037893,0.00413217428046864,-0.00167264486991029
ADF,272,pump_2,obs_near,0.00584174707152295,0.00416103378055283,-0.00168071329097012
ADF,273,pump_2,obs_near,0.00587843123639722,0.00418976324480556,-0.00168866799159166
ADF,274,pump_2,obs_near,0.00591487131114576,0.00421836190776438,-0.00169650940338138
ADF,275,pump_2,obs_near,0.00595106701946557,0.00424682904184608,-0.00170423797761949
ADF,276,pump_2,obs_near,0.00598701814092069,0.0042751639564802,-0.00171185418444048
ADF,277,pump_2,obs_near,0.00602272450929198,0.00430336599725708,-0.0017193585120349
ADF,278,pump_2,obs_near,0.00605818601096254,0.00433143454509024,-0.0017267514658723
ADF,279,pump_2,obs_near,0.00609340258333816,0.00435936901539327,-0.00173403356794488
ADF,280,pump_2,obs_near,0.00612837421330235,0.00438716885727084,-0.0017412053560315
ADF,281,pump_2,obs_near,0.00616310093570563,0.004414833552724,-0.00174826738298163
ADF,282,pump_2,obs_near,0.00619758283188847,0.00444236261586951,-0.00175522021601895
ADF,283,pump_2,obs_near,0.00623182002823743,0.00446975559217316,-0.00176206443606426
ADF,284,pump_2,obs_near,0.00626581269477413,0.00449701205769695,-0.00176880063707718
ADF,285,pump_2,obs_near,0.00629956104377646,0.00452413161835996,-0.00177542942541649
ADF,286,pump_2,obs_near,0.00633306532843147,0.0045511139092129,-0.00178195141921857
ADF,287,pump_2,obs_near,0.0063663258415196,0.00457795859372601,-0.00178836724779359
ADF,288,pump_2,obs_near,0.00639934291412966,0.00460466536309042,-0.00179467755103924
ADF,289,pump_2,obs_near,0.00643211691440399,0.00463123393553256,-0.00180088297887142
ADF,290,pump_2,obs_near,0.00646464824631341,0.00465766405564168,-0.00180698419067173
ADF,291,pump_2,obs_near,0.00649693734846136,0.00468395549371022,-0.00181298185475115
ADF,292,pump_2,obs_near,0.00652898469291678,0.00471010804508687,-0.0018188766478299
ADF,293,pump_2,obs_near,0.00656079078407511,0.00473612152954229,-0.00182466925453282
ADF,294,pump_2,obs_near,0.00659235615754711,0.00476199579064707,-0.00183036036690004
ADF,295,pump_2,obs_near,0.00662368137907469,0.00478773069516208,-0.00183595068391261
ADF,296,pump_2,obs_near,0.00665476704347349,0.00481332613244077,-0.00184144091103272
ADF,297,pump_2,obs_near,0.00668561377360169,0.00483878201384345,-0.00184683175975824
ADF,298,pump_2,obs_near,0.0067162222193543,0.00486409827216325,-0.00185212394719105
ADF,299,pump_2,obs_near,0.00674659305668279,0.0048892748610637,-0.00185731819561909
ADF,300,pump_2,obs_near,0.00677672698663924,0.00491431175452762,-0.00186241523211162
ADF,301,pump_2,obs_near,0.0068066247344448,0.0049392089463173,-0.0018674157881275
ADF,302,pump_2,obs_near,0.00683628704858166,0.00496396644944571,-0.00187232059913595
ADF,303,pump_2,obs_near,0.00686571469990844,0.00498858429565858,-0.00187713040424986
ADF,304,pump_2,obs_near,0.00689490848079812,0.00501306253492721,-0.00188184594587092
ADF,305,pump_2,obs_near,0.00692386920429832,0.00503740123495176,-0.00188646796934656
ADF,306,pump_2,obs_near,0.00695259770331338,0.00506160048067501,-0.00189099722263837
ADF,307,pump_2,obs_near,0.00698109482980772,0.00508566037380622,-0.0018954344560015
ADF,308,pump_2,obs_near,0.00700936145403009,0.00510958103235504,-0.00189978042167505
ADF,309,pump_2,obs_near,0.00703739846375828,0.00513336259017533,-0.00190403587358296
ADF,310,pump_2,obs_near,0.00706520676356387,0.00515700519651862,-0.00190820156704526
ADF,311,pump_2,obs_near,0.00709278727409636,0.00518050901559711,-0.00191227825849925
ADF,312,pump_2,obs_near,0.00712014093138658,0.00520387422615606,-0.00191626670523052
ADF,313,pump_2,obs_near,0.00714726868616878,0.00522710102105532,-0.00192016766511346
ADF,314,pump_2,obs_near,0.00717417150322091,0.00525018960685996,-0.00192398189636094
ADF,315,pump_2,obs_near,0.00720085036072296,0.00527314020343975,-0.00192771015728321
ADF,316,pump_2,obs_near,0.00722730624963256,0.00529595304357731,-0.00193135320605524
ADF,317,pump_2,obs_near,0.00725354017307781,0.00531862837258494,-0.00193491180049287
ADF,318,pump_2,obs_near,0.00727955314576677,0.00534116644792969,-0.00193838669783708
ADF,319,pump_2,obs_near,0.00730534619341321,0.00536356753886685,-0.00194177865454636
ADF,320,pump_2,obs_near,0.00733092035217835,0.00538583192608136,-0.00194508842609699
ADF,321,pump_2,obs_near,0.0073562766681281,0.00540795990133736,-0.00194831676679073
ADF,322,pump_2,obs_near,0.00738141619670562,0.00542995176713535,-0.00195146442957027
ADF,323,pump_2,obs_near,0.00740634000221857,0.00545180783637711,-0.00195453216584146
ADF,324,pump_2,obs_near,0.00743104915734096,0.00547352843203813,-0.00195752072530283
ADF,325,pump_2,obs_near,0.00745554474262917,0.00549511388684732,-0.00196043085578185
ADF,326,pump_2,obs_near,0.00747982784605166,0.00551656454297402,-0.00196326330307764
ADF,327,pump_2,obs_near,0.00750389956253236,0.00553788075172208,-0.00196601881081029
ADF,328,pump_2,obs_near,0.00752776099350705,0.0055590628732308,-0.00196869812027625
ADF,329,pump_2,obs_near,0.00755141324649275,0.00558011127618283,-0.00197130197030992
ADF,330,pump_2,obs_near,0.00757485743466945,0.00560102633751859,-0.00197383109715086
ADF,331,pump_2,obs_near,0.00759809467647428,0.00562180844215733,-0.00197628623431695
ADF,332,pump_2,obs_near,0.00762112609520756,0.0056424579827246,-0.00197866811248296
ADF,333,pump_2,obs_near,0.00764395281865039,0.00566297535928591,-0.00198097745936448
ADF,334,pump_2,obs_near,0.00766657597869376,0.00568336097908673,-0.00198321499960702
ADF,335,pump_2,obs_near,0.00768899671097859,0.00570361525629834,-0.00198538145468025
ADF,336,pump_2,obs_near,0.00771121615454675,0.0057237386117697,-0.00198747754277705
ADF,337,pump_2,obs_near,0.00773323545150246,0.00574373147278512,-0.00198950397871734
ADF,338,pump_2,obs_near,0.00775505574668409,0.00576359427282757,-0.00199146147385652
ADF,339,pump_2,obs_near,0.0077766781873459,0.00578332745134758,-0.00199335073599832
ADF,340,pump_2,obs_near,0.00779810392284957,0.00580293145353756,-0.00199517246931201
ADF,341,pump_2,obs_near,0.00781933410436533,0.00582240673011151,-0.00199692737425382
ADF,342,pump_2,obs_near,0.00784036988458228,0.00584175373708992,-0.00199861614749235
ADF,343,pump_2,obs_near,0.00786121241742781,0.00586097293558979,-0.00200023948183801
ADF,344,pump_2,obs_near,0.00788186285779579,0.00588006479161969,-0.0020017980661761
ADF,345,pump_2,obs_near,0.00790232236128354,0.00589902977587971,-0.00200329258540382
ADF,346,pump_2,obs_near,0.00792259208393686,0.00591786836356625,-0.00200472372037062
ADF,347,pump_2,obs_near,0.00794267318200355,0.00593658103418145,-0.0020060921478221
ADF,348,pump_2,obs_near,0.00796256681169465,0.00595516827134732,-0.00200739854034733
ADF,349,pump_2,obs_near,0.00798227412895358,0.00597363056262433,-0.00200864356632925
ADF,350,pump_2,obs_near,0.00800179628923274,0.00599196839933443,-0.00200982788989831
ADF,351,pump_2,obs_near,0.0080211344472775,0.00601018227638836,-0.00201095217088914
ADF,352,pump_2,obs_near,0.00804028975691737,0.00602827269211728,-0.00201201706480009
ADF,353,pump_2,obs_near,0.00805926337086408,0.00604624014810844,-0.00201302322275564
ADF,354,pump_2,obs_near,0.00807805644051656,0.00606408514904501,-0.00201397129147155
ADF,355,pump_2,obs_near,0.00809667011577245,0.00608180820254976,-0.00201486191322269
ADF,356,pump_2,obs_near,0.00811510554484601,0.00609940981903275,-0.00201569572581326
ADF,357,pump_2,obs_near,0.00813336387409254,0.00611689051154272,-0.00201647336254982
ADF,358,pump_2,obs_near,0.00815144624783855,0.00613425079562226,-0.00201719545221629
ADF,359,pump_2,obs_near,0.0081693538082182,0.00615149118916658,-0.00201786261905162
ADF,360,pump_2,obs_near,0.00818708769501532,0.00616861221228589,-0.00201847548272944
ADF,361,pump_2,obs_near,0.00820464904551118,0.00618561438717118,-0.00201903465834
ADF,362,pump_2,obs_near,0.00822203899433766,0.00620249823796352,-0.00201954075637414
ADF,363,pump_2,obs_near,0.0082392586733358,0.0062192642906266,-0.0020199943827092
ADF,364,pump_2,obs_near,0.00825630921141958,0.00623591307282257,-0.00202039613859701
ADF,365,pump_2,obs_near,0.00827319173444463,0.00625244511379107,-0.00202074662065356
ADF,366,pump_2,obs_near,0.00828990736508198,0.00626886094423139,-0.0020210464208506
ADF,1,pump_2,obs_downstream,0,0,0
ADF,2,pump_2,obs_downstream,0,0,0
ADF,3,pump_2,obs_downstream,0,0,0
ADF,4,pump_2,obs_downstream,0,0,0
ADF,5,pump_2,obs_downstream,0,0,0
ADF,6,pump_2,obs_downstream,0,0,0
ADF,7,pump_2,obs_downstream,0,0,0
ADF,8,pump_2,obs_downstream,0,0,0
ADF,9,pump_2,obs_downstream,0,0,0
ADF,10,pump_2,obs_downstream,0,0,0
ADF,11,pump_2,obs_downstream,0,0,0
ADF,12,pump_2,obs_downstream,0,0,0
ADF,13,pump_2,obs_downstream,0,0,0
ADF,14,pump_2,obs_downstream,0,0,0
ADF,15,pump_2,obs_downstream,0,0,0
ADF,16,pump_2,obs_downstream,0,0,0
ADF,17,pump_2,obs_downstream,0,0,0
ADF,18,pump_2,obs_downstream,0,0,0
ADF,19,pump_2,obs_downstream,0,0,0
ADF,20,pump_2,obs_downstream,0,0,0
ADF,21,pump_2,obs_downstream,0,0,0
ADF,22,pump_2,obs_downstream,0,0,0
ADF,23,pump_2,obs_downstream,0,0,0
ADF,24,pump_2,obs_downstream,0,0,0
ADF,25,pump_2,obs_downstream,0,0,0
ADF,26,pump_2,obs_downstream,0,0,0
ADF,27,pump_2,obs_downstream,0,0,0
ADF,28,pump_2,obs_downstream,0,0,0
ADF,29,pump_2,obs_downstream,0,0,0
ADF,30,pump_2,obs_downstream,0,0,0
ADF,31,pump_2,obs_downstream,0,0,0
ADF,32,pump_2,obs_downstream,0,0,0
ADF,33,pump_2,obs_downstream,2.27080587758358e-31,7.26048914838467e-20,7.26048914836196e-20
ADF,34,pump_2,obs_downstream,5.34667566698387e-17,2.98142931577509e-15,2.92796255910525e-15
ADF,35,pump_2,obs_downstream,3.89516561524082e-12,1.21882411602429e-11,8.29307554500208e-12
ADF,36,pump_2,obs_downstream,1.13721759830162e-09,6.81935802233521e-10,-4.55281796068098e-10
ADF,37,pump_2,obs_downstream,3.58802428479142e-08,1.23372975859392e-08,-2.3542945261975e-08
ADF,38,pump_2,obs_downstream,3.69047671759384e-07,1.03256344310755e-07,-2.6579132744863e-07
ADF,39,pump_2,obs_downstream,1.9911619395608e-06,5.24882781713728e-07,-1.46627915784708e-06
ADF,40,pump_2,obs_downstream,7.15724062155921e-06,1.89217245585613e-06,-5.26506816570308e-06
ADF,41,pump_2,obs_downstream,1.95868915485823e-05,5.32775343881499e-06,-1.42591381097673e-05
ADF,42,pump_2,obs_downstream,4.423009139997e-05,1.24933714326022e-05,-3.17367199673678e-05
ADF,43,pump_2,obs_downstream,8.67666949754708e-05,2.55039810638441e-05,-6.12627139116266e-05
ADF,44,pump_2,obs_downstream,0.000153053537620746,4.67704872737835e-05,-0.000106283050346962
ADF,45,pump_2,obs_downstream,0.000248658659752756,7.88244239826852e-05,-0.000169834235770071
ADF,46,pump_2,obs_downstream,0.000378536649028218,0.000124161466394165,-0.000254375182634053
ADF,47,pump_2,obs_downstream,0.000546843532853708,0.000185121019496529,-0.000361722513357179
ADF,48,pump_2,obs_downstream,0.000756864439226204,0.000263805021228967,-0.000493059417997237
ADF,49,pump_2,obs_downstream,0.00101102130402256,0.000362031513772433,-0.000648989790250126
ADF,50,pump_2,obs_downstream,0.00131093128800926,0.000481315646197372,-0.000829615641811887
ADF,51,pump_2,obs_downstream,0.00165749312308785,0.00062287054846094,-0.00103462257462691
ADF,52,pump_2,obs_downstream,0.00205098526535673,0.000787621515883134,-0.00126336374947359
ADF,53,pump_2,obs_downstream,0.00249116528290553,0.000976228324103834,-0.0015149369588017
ADF,54,pump_2,obs_downstream,0.00297736408138428,0.00118911183934281,-0.00178825224204147
ADF,55,pump_2,obs_downstream,0.00350857150420387,0.00142648222830788,-0.00208208927589599
ADF,56,pump_2,obs_downstream,0.00408351179588796,0.00168836696600261,-0.00239514482988535
ADF,57,pump_2,obs_downstream,0.00470070864770832,0.00197463750606876,-0.00272607114163956
ADF,58,pump_2,obs_downstream,0.00535854027236944,0.00228503395618078,-0.00307350631618866
ADF,59,pump_2,obs_downstream,0.00605528534532802,0.00261918743228468,-0.00343609791304334
ADF,60,pump_2,obs_downstream,0.00678916082408704,0.00297663998736036,-0.00381252083672667
ADF,61,pump_2,obs_downstream,0.00755835269648606,0.00335686215310784,-0.00420149054337822
ADF,62,pump_2,obs_downstream,0.00836104067036628,0.00375926821981247,-0.00460177245055381
ADF,63,pump_2,obs_downstream,0.00919541773641471,0.00418322942798229,-0.00501218830843241
ADF,64,pump_2,obs_downstream,0.0100597054365375,0.0046280852677804,-0.00543162016875713
ADF,65,pump_2,obs_downstream,0.0109521655658564,0.00509315308777729,-0.00585901247807908
ADF,66,pump_2,obs_downstream,0.0118711089355341,0.00557773620941142,-0.00629337272612264
ADF,67,pump_2,obs_downstream,0.0128149017304892,0.00608113073210168,-0.00673377099838748
ADF,68,pump_2,obs_downstream,0.0137819699126376,0.0066026311991309,-0.00717933871350665
ADF,69,pump_2,obs_downstream,0.0147708020471443,0.00714153527815341,-0.00762926676899091
ADF,70,pump_2,obs_downstream,0.0157799508659832,0.00769714759371746,-0.00808280327226572
ADF,71,pump_2,obs_downstream,0.0168080338291374,0.00826878283330553,-0.00853925099583183
ADF,72,pump_2,obs_downstream,0.0178537328980881,0.00885576823352725,-0.00899796466456081
ADF,73,pump_2,obs_downstream,0.018915793697812,0.00945744553948027,-0.00945834815833178
ADF,74,pump_2,obs_downstream,0.0199930242113716,0.0100731725180104,-0.00991985169336115
ADF,75,pump_2,obs_downstream,0.0210842931244136,0.0107023240946511,-0.0103819690297625
ADF,76,pump_2,obs_downstream,0.0221885279146879,0.0113442931743446,-0.0108442347403433
ADF,77,pump_2,obs_downstream,0.0233047127633255,0.0119984911975573,-0.0113062215657682
ADF,78,pump_2,obs_downstream,0.0244318863494688,0.0126643484759891,-0.0117675378734797
ADF,79,pump_2,obs_downstream,0.0255691395773821,0.0133413143456409,-0.0122278252317411
ADF,80,pump_2,obs_downstream,0.0267156132749445,0.0140288571694314,-0.0126867561055131
ADF,81,pump_2,obs_downstream,0.0278704958940545,0.0147264642167428,-0.0131440316773117
ADF,82,pump_2,obs_downstream,0.0290330212366408,0.0154336414431391,-0.0135993797935017
ADF,83,pump_2,obs_downstream,0.0302024662244086,0.0161499131899392,-0.0140525530344694
ADF,84,pump_2,obs_downstream,0.0313781487259328,0.0168748218202828,-0.01450332690565
ADF,85,pump_2,obs_downstream,0.0325594254510531,0.0176079273057108,-0.0149514981453423
ADF,86,pump_2,obs_downstream,0.0337456899195834,0.0183488067750564,-0.015396883144527
ADF,87,pump_2,obs_downstream,0.034936370508984,0.0190970540355329,-0.015839316473451
ADF,88,pump_2,obs_downstream,0.0361309285837621,0.0198522790742827,-0.0162786495094794
ADF,89,pump_2,obs_downstream,0.0373288567078762,0.0206141075472679,-0.0167147491606083
ADF,90,pump_2,obs_downstream,0.0385296769402425,0.0213821802612062,-0.0171474966790364
ADF,91,pump_2,obs_downstream,0.0397329392125385,0.0221561526532562,-0.0175767865592823
ADF,92,pump_2,obs_downstream,0.0409382197877931,0.0229356942723085,-0.0180025255154846
ADF,93,pump_2,obs_downstream,0.0421451197977327,0.0237204882650165,-0.0184246315327162
ADF,94,pump_2,obs_downstream,0.0433532638525677,0.0245102308569297,-0.0188430329956379
ADF,95,pump_2,obs_downstream,0.044562297610575,0.0253046302340649,-0.0192576673765101
ADF,96,pump_2,obs_downstream,0.045771856303085,0.0261033970069022,-0.0196684592961828
ADF,97,pump_2,obs_downstream,0.0469813625806726,0.0269061954685978,-0.0200751671120748
ADF,98,pump_2,obs_downstream,0.0481895320304624,0.027712517917932,-0.0204770141125304
ADF,99,pump_2,obs_downstream,0.0493938333410273,0.0285215038650324,-0.0208723294759948
ADF,100,pump_2,obs_downstream,0.0505902872182457,0.0293317954376256,-0.0212584917806201
ADF,101,pump_2,obs_downstream,0.051773699673379,0.0301415055163474,-0.0216321941570316
ADF,102,pump_2,obs_downstream,0.0529381616332713,0.0309483032386618,-0.0219898583946094
ADF,103,pump_2,obs_downstream,0.0540776010073885,0.0317495708671848,-0.0223280301402037
ADF,104,pump_2,obs_downstream,0.0551862476800433,0.0325425787351375,-0.0226436689449058
ADF,105,pump_2,obs_downstream,0.0562589574296572,0.0333246413723868,-0.0229343160572704
ADF,106,pump_2,obs_downstream,0.0572913963398727,0.0340932375692763,-0.0231981587705964
ADF,107,pump_2,obs_downstream,0.0582801124821458,0.0348460912394899,-0.023434021242656
ADF,108,pump_2,obs_downstream,0.0592225275894359,0.0355812175281564,-0.0236413100612795
ADF,109,pump_2,obs_downstream,0.060116878055569,0.0362969415016069,-0.0238199365539621
ADF,110,pump_2,obs_downstream,0.0609621280387167,0.0369918969784074,-0.0239702310603093
ADF,111,pump_2,obs_downstream,0.0617578707894767,0.0376650120621437,-0.024092858727333
ADF,112,pump_2,obs_downstream,0.0625042287738087,0.0383154865555483,-0.0241887422182604
ADF,113,pump_2,obs_downstream,0.0632017589860562,0.0389427650907372,-0.024258993895319
ADF,114,pump_2,obs_downstream,0.0638513669135649,0.0395465086707981,-0.0243048582427668
ADF,115,pump_2,obs_downstream,0.0644542306628414,0.0401265664240677,-0.0243276642387737
ADF,116,pump_2,obs_downstream,0.0650117355266681,0.0406829487060557,-0.0243287868206124
ADF,117,pump_2,obs_downstream,0.065525418544045,0.0412158022060987,-0.0243096163379463
ADF,118,pump_2,obs_downstream,0.0659969222140862,0.0417253873845576,-0.0242715348295286
ADF,119,pump_2,obs_downstream,0.0664279563513227,0.0422120583444969,-0.0242158980068257
ADF,120,pump_2,obs_downstream,0.0668202670302519,0.0426762450990718,-0.0241440219311801
ADF,121,pump_2,obs_downstream,0.0671756116056858,0.0431184381090036,-0.0240571734966822
ADF,122,pump_2,obs_downstream,0.0674957388760876,0.0435391749162025,-0.0239565639598851
ADF,123,pump_2,obs_downstream,0.0677823735566022,0.0439390286771707,-0.0238433448794315
ADF,124,pump_2,obs_downstream,0.0680372043327978,0.0443185983943366,-0.0237186059384612
ADF,125,pump_2,obs_downstream,0.0682618748670772,0.0446785006486138,-0.0235833742184634
ADF,126,pump_2,obs_downstream,0.0684579772229161,0.0450193626479378,-0.0234386145749782
ADF,127,pump_2,obs_downstream,0.0686270472555527,0.0453418164213696,-0.0232852308341831
ADF,128,pump_2,obs_downstream,0.0687705615909522,0.0456464940046308,-0.0231240675863214
ADF,129,pump_2,obs_downstream,0.0688899358780996,0.0459340234794127,-0.0229559123986868
ADF,130,pump_2,obs_downstream,0.0689865240536743,0.0462050257446967,-0.0227814983089775
ADF,131,pump_2,obs_downstream,0.0690616184038871,0.0464601119132045,-0.0226015064906826
ADF,132,pump_2,obs_downstream,0.0691164502467165,0.0466998812397263,-0.0224165690069902
ADF,133,pump_2,obs_downstream,0.0691521910899557,0.0469249195003708,-0.0222272715895849
ADF,134,pump_2,obs_downstream,0.0691699541472741,0.047135797752738,-0.0220341563945361
ADF,135,pump_2,obs_downstream,0.0691707961167368,0.0473330714167084,-0.0218377247000284
ADF,136,pump_2,obs_downstream,0.0691557191446187,0.047517279624037,-0.0216384395205817
ADF,137,pump_2,obs_downstream,0.0691256729125246,0.0476889447923646,-0.02143672812016
ADF,138,pump_2,obs_downstream,0.0690815567983144,0.0478485723857011,-0.0212329844126133
ADF,139,pump_2,obs_downstream,0.0690242220715804,0.0479966508290197,-0.0210275712425607
ADF,140,pump_2,obs_downstream,0.0689544740928169,0.0481336515494157,-0.0208208225434012
ADF,141,pump_2,obs_downstream,0.0688730744922778,0.0482600291204328,-0.020613045371845
ADF,142,pump_2,obs_downstream,0.0687807433100989,0.0483762214897226,-0.0204045218203764
ADF,143,pump_2,obs_downstream,0.068678161083801,0.0484826502732587,-0.0201955108105422
ADF,144,pump_2,obs_downstream,0.068565970872956,0.0485797211019473,-0.0199862497710087
ADF,145,pump_2,obs_downstream,0.0684447802137636,0.0486678240087082,-0.0197769562050554
ADF,146,pump_2,obs_downstream,0.0683151629986563,0.0487473338460174,-0.0195678291526389
ADF,147,pump_2,obs_downstream,0.0681776612779532,0.0488186107255285,-0.0193590505524247
ADF,148,pump_2,obs_downstream,0.0680327869820825,0.0488820004727802,-0.0191507865093023
ADF,149,pump_2,obs_downstream,0.0678810235640804,0.0489378350911787,-0.0189431884729017
ADF,150,pump_2,obs_downstream,0.0677228275629927,0.0489864332304502,-0.0187363943325424
ADF,151,pump_2,obs_downstream,0.0675586300895155,0.0490281006556079,-0.0185305294339076
ADF,152,pump_2,obs_downstream,0.067388838235748,0.0490631307132043,-0.0183257075225437
ADF,153,pump_2,obs_downstream,0.0672138364113212,0.0490918047922504,-0.0181220316190708
ADF,154,pump_2,obs_downstream,0.0670339876084554,0.0491143927777016,-0.0179195948307538
ADF,155,pump_2,obs_downstream,0.0668496345986829,0.0491311534948449,-0.017718481103838
ADF,156,pump_2,obs_downstream,0.0666611010640979,0.0491423351432927,-0.0175187659208052
ADF,157,pump_2,obs_downstream,0.0664686926660506,0.0491481757195952,-0.0173205169464554
ADF,158,pump_2,obs_downstream,0.066272698054223,0.0491489034277429,-0.0171237946264801
ADF,159,pump_2,obs_downstream,0.066073389819,0.049144737077048,-0.016928652741952
ADF,160,pump_2,obs_downstream,0.0658710253900057,0.0491358864670724,-0.0167351389229333
ADF,161,pump_2,obs_downstream,0.0656658478836029,0.0491225527594192,-0.0165432951241838
ADF,162,pump_2,obs_downstream,0.0654580869020754,0.0491049288363289,-0.0163531580657465
ADF,163,pump_2,obs_downstream,0.0652479592871134,0.0490831996461218,-0.0161647596409916
ADF,164,pump_2,obs_downstream,0.065035669830125,0.0490575425356087,-0.0159781272945164
ADF,165,pump_2,obs_downstream,0.064821411941788,0.0490281275696612,-0.0157932843721268
ADF,166,pump_2,obs_downstream,0.0646053682831475,0.0489951178381828,-0.0156102504449647
ADF,167,pump_2,obs_downstream,0.0643877113604566,0.0489586697507651,-0.0154290416096915
ADF,168,pump_2,obs_downstream,0.0641686040858467,0.0489189333193434,-0.0152496707665032
ADF,169,pump_2,obs_downstream,0.0639482003058083,0.0488760524291932,-0.0150721478766151
ADF,170,pump_2,obs_downstream,0.0637266452993582,0.0488301650986215,-0.0148964802007366
ADF,171,pump_2,obs_downstream,0.0635040762476653,0.0487814037277228,-0.0147226725199426
ADF,172,pump_2,obs_downstream,0.0632806226768133,0.0487298953365729,-0.0145507273402404
ADF,173,pump_2,obs_downstream,0.0630564068752794,0.0486757617932401,-0.0143806450820393
ADF,174,pump_2,obs_downstream,0.0628315442876226,0.0486191200319891,-0.0142124242556335
ADF,175,pump_2,obs_downstream,0.0626061438857846,0.0485600822620547,-0.0140460616237299
ADF,176,pump_2,obs_downstream,0.0623803085193283,0.0484987561673538,-0.0138815523519745
ADF,177,pump_2,obs_downstream,0.0621541352458573,0.0484352450974993,-0.013718890148358
ADF,178,pump_2,obs_downstream,0.0619277156427897,0.0483696482504728,-0.0135580673923169
ADF,179,pump_2,obs_downstream,0.0617011361015859,0.0483020608473008,-0.013399075254285
ADF,180,pump_2,obs_downstream,0.0614744781054675,0.0482325742990741,-0.0132419038063934
ADF,181,pump_2,obs_downstream,0.0612478184915992,0.0481612763666344,-0.0130865421249647
ADF,182,pump_2,obs_downstream,0.061021229698648,0.0480882513132478,-0.0129329783854003
ADF,183,pump_2,obs_downstream,0.0607947800005808,0.0480135800505668,-0.012781199950014
ADF,184,pump_2,obs_downstream,0.0605685337275041,0.0479373402781797,-0.0126311934493244
ADF,185,pump_2,obs_downstream,0.0603425514743065,0.047859606617027,-0.0124829448572795
ADF,186,pump_2,obs_downstream,0.0601168902978147,0.0477804507369595,-0.0123364395608552
ADF,187,pump_2,obs_downstream,0.0598916039031318,0.0476999414787001,-0.0121916624244318
ADF,188,pump_2,obs_downstream,0.0596667428197861,0.0476181449704585,-0.0120485978493276
ADF,189,pump_2,obs_downstream,0.0594423545682799,0.047535124739442,-0.0119072298288379
ADF,190,pump_2,obs_downstream,0.0592184838175931,0.047450941818491,-0.0117675419991022
ADF,191,pump_2,obs_downstream,0.0589951725341618,0.04736565484806,-0.0116295176861017
ADF,192,pump_2,obs_downstream,0.0587724601228203,0.0472793201737571,-0.0114931399490632
ADF,193,pump_2,obs_downstream,0.0585503835601672,0.0471919919396404,-0.0113583916205268
ADF,194,pump_2,obs_downstream,0.0583289775207869,0.0471037221774673,-0.0112252553433195
ADF,195,pump_2,obs_downstream,0.0581082744967311,0.0470145608920786,-0.0110937136046525
ADF,196,pump_2,obs_downstream,0.0578883049106446,0.0469245561430941,-0.0109637487675505
ADF,197,pump_2,obs_downstream,0.0576690972228903,0.0468337541230876,-0.0108353430998027
ADF,198,pump_2,obs_downstream,0.0574506780330146,0.0467421992324004,-0.0107084788006142
ADF,199,pump_2,obs_downstream,0.0572330721758661,0.0466499341507474,-0.0105831380251186
ADF,200,pump_2,obs_downstream,0.0570163028126699,0.0465569999057604,-0.0104593029069096
ADF,201,pump_2,obs_downstream,0.0568003915173354,0.0464634359386073,-0.0103369555787281
ADF,202,pump_2,obs_downstream,0.0565853583582619,0.0463692801668213,-0.0102160781914406
ADF,203,pump_2,obs_downstream,0.0563712219758921,0.0462745690444642,-0.0100966529314279
ADF,204,pump_2,obs_downstream,0.0561579996562458,0.0461793376197452,-0.00997866203650063
ADF,205,pump_2,obs_downstream,0.0559457074006548,0.0460836195902106,-0.00986208781044427
ADF,206,pump_2,obs_downstream,0.0557343599919056,0.0459874473556118,-0.00974691263629375
ADF,207,pump_2,obs_downstream,0.0555239710569867,0.0458908520685583,-0.0096331189884284
ADF,208,pump_2,obs_downstream,0.0553145531266233,0.0457938636830527,-0.00952068944357064
ADF,209,pump_2,obs_downstream,0.0551061176917731,0.0456965110010036,-0.00940960669076951
ADF,210,pump_2,obs_downstream,0.0548986752572469,0.045598821716807,-0.00929985354043989
ADF,211,pump_2,obs_downstream,0.0546922353926075,0.0455008224600807,-0.00919141293252684
ADF,212,pump_2,obs_downstream,0.0544868067804943,0.0454025388366351,-0.0090842679438591
ADF,213,pump_2,obs_downstream,0.0542823972625063,0.0453039954677582,-0.00897840179474811
ADF,214,pump_2,obs_downstream,0.0540790138827782,0.0452052160278878,-0.00887379785489045
ADF,215,pump_2,obs_downstream,0.0538766629293672,0.0451062232807449,-0.00877043964862227
ADF,216,pump_2,obs_downstream,0.0536753499735676,0.045007039113993,-0.00866831085957467
ADF,217,pump_2,obs_downstream,0.0534750799072624,0.044907684572489,-0.00856739533477349
ADF,218,pump_2,obs_downstream,0.0532758569784124,0.044808179890188,-0.00846767708822445
ADF,219,pump_2,obs_downstream,0.0530776848247819,0.0447085445207592,-0.00836914030402273
ADF,220,pump_2,obs_downstream,0.0528805665059915,0.04460879716697,-0.00827176933902152
ADF,221,pump_2,obs_downstream,0.052684504533984,0.0445089558088908,-0.00817554872509319
ADF,222,pump_2,obs_downstream,0.0524895009019866,0.0444090377309723,-0.0080804631710143
ADF,223,pump_2,obs_downstream,0.052295557112045,0.0443090595480428,-0.00798649756400221
ADF,224,pump_2,obs_downstream,0.0521026742012035,0.0442090372302728,-0.00789363697093075
ADF,225,pump_2,obs_downstream,0.0519108527664006,0.0441089861271507,-0.00780186663924999
ADF,226,pump_2,obs_downstream,0.051720092988143,0.0440089209905112,-0.00771117199763187
ADF,227,pump_2,obs_downstream,0.0515303946530228,0.0439088559966579,-0.00762153865636497
ADF,228,pump_2,obs_downstream,0.0513417571751353,0.0438088047676174,-0.00753295240751798
ADF,229,pump_2,obs_downstream,0.0511541796164511,0.043708780391562,-0.0074453992248891
ADF,230,pump_2,obs_downstream,0.0509676607061976,0.0436087954424363,-0.00735886526376131
ADF,231,pump_2,obs_downstream,0.0507821988592977,0.0435088619988204,-0.0072733368604773
ADF,232,pump_2,obs_downstream,0.0505977921939129,0.0434089916620625,-0.00718880053185036
ADF,233,pump_2,obs_downstream,0.0504144385481362,0.0433091955737109,-0.0071052429744252
ADF,234,pump_2,obs_downstream,0.0502321354958756,0.0432094844322743,-0.0070226510636013
ADF,235,pump_2,obs_downstream,0.0500508803619696,0.0431098685093388,-0.00694101185263083
ADF,236,pump_2,obs_downstream,0.049870670236571,0.0430103576650679,-0.0068603125715031
ADF,237,pump_2,obs_downstream,0.0496915019888363,0.0429109613631109,-0.00678054062572533
ADF,238,pump_2,obs_downstream,0.0495133722799542,0.0428116886849444,-0.00670168359500981
ADF,239,pump_2,obs_downstream,0.0493362775755447,0.0427125483436686,-0.00662372923187608
ADF,240,pump_2,obs_downstream,0.0491602141574612,0.0426135486972835,-0.00654666546017774
ADF,241,pump_2,obs_downstream,0.0489851781350225,0.0425146977614628,-0.00647048037355975
ADF,242,pump_2,obs_downstream,0.0488111654557038,0.0424160032218484,-0.00639516223385544
ADF,243,pump_2,obs_downstream,0.0486381719153126,0.0423174724458838,-0.00632069946942885
ADF,244,pump_2,obs_downstream,0.0484661931676734,0.0422191124942051,-0.00624708067346833
ADF,245,pump_2,obs_downstream,0.0482952247338464,0.0421209301316072,-0.00617429460223925
ADF,246,pump_2,obs_downstream,0.0481252620109007,0.0420229318376026,-0.00610233017329808
ADF,247,pump_2,obs_downstream,0.0479563002802645,0.0419251238165889,-0.00603117646367564
ADF,248,pump_2,obs_downstream,0.0477883347156729,0.0418275120076404,-0.0059608227080325
ADF,249,pump_2,obs_downstream,0.0476213603907303,0.0417301020939386,-0.00589125829679165
ADF,250,pump_2,obs_downstream,0.0474553722861084,0.0416328995118569,-0.00582247277425157
ADF,251,pump_2,obs_downstream,0.0472903652963952,0.0415359094597109,-0.00575445583668431
ADF,252,pump_2,obs_downstream,0.0471263342366123,0.0414391369061905,-0.00568719733042185
ADF,253,pump_2,obs_downstream,0.0469632738484153,0.0413425865984832,-0.0056206872499321
ADF,254,pump_2,obs_downstream,0.046801178805994,0.041246263070103,-0.00555491573589097
ADF,255,pump_2,obs_downstream,0.0466400437216842,0.041150170648435,-0.00548987307324918
ADF,256,pump_2,obs_downstream,0.0464798631513066,0.0410543134620069,-0.00542554968929971
ADF,257,pump_2,obs_downstream,0.0463206315992439,0.0409586954474989,-0.00536193615174496
ADF,258,pump_2,obs_downstream,0.0461623435232698,0.0408633203565009,-0.0052990231667689
ADF,259,pump_2,obs_downstream,0.0460049933391407,0.0407681917620269,-0.00523680157711374
ADF,260,pump_2,obs_downstream,0.045848575424961,0.0406733130647974,-0.00517526236016358
ADF,261,pump_2,obs_downstream,0.045693084125333,0.0405786874992957,-0.00511439662603728
ADF,262,pump_2,obs_downstream,0.0455385137553013,0.0404843181396104,-0.00505419561569086
ADF,263,pump_2,obs_downstream,0.0453848586041005,0.0403902079050687,-0.00499465069903177
ADF,264,pump_2,obs_downstream,0.0452321129387167,0.0402963595656709,-0.00493575337304576
ADF,265,pump_2,obs_downstream,0.0450802710072702,0.0402027757473327,-0.00487749525993746
ADF,266,pump_2,obs_downstream,0.0449293270422272,0.040109458936942,-0.00481986810528522
ADF,267,pump_2,obs_downstream,0.0447792752634515,0.0400164114872385,-0.00476286377621304
ADF,268,pump_2,obs_downstream,0.0446301098810986,0.0399236356215213,-0.00470647425957731
ADF,269,pump_2,obs_downstream,0.0444818250983636,0.0398311334381919,-0.0046506916601717
ADF,270,pump_2,obs_downstream,0.0443344151140886,0.0397389069151385,-0.00459550819895015
ADF,271,pump_2,obs_downstream,0.0441878741252337,0.0396469579139669,-0.00454091621126681
ADF,272,pump_2,obs_downstream,0.0440421963292223,0.0395552881840849,-0.00448690814513734
ADF,273,pump_2,obs_downstream,0.043897375926161,0.0394638993666441,-0.00443347655951686
ADF,274,pump_2,obs_downstream,0.0437534071209457,0.0393727929983457,-0.00438061412259998
ADF,275,pump_2,obs_downstream,0.0436102841252536,0.0392819705151142,-0.00432831361013946
ADF,276,pump_2,obs_downstream,0.0434680011594308,0.0391914332556448,-0.00427656790378605
ADF,277,pump_2,obs_downstream,0.0433265524542769,0.0391011824648285,-0.00422536998944845
ADF,278,pump_2,obs_downstream,0.0431859322527338,0.0390112192970592,-0.00417471295567456
ADF,279,pump_2,obs_downstream,0.0430461348114808,0.0389215448194277,-0.00412458999205313
ADF,280,pump_2,obs_downstream,0.0429071544024437,0.0388321600148062,-0.00407499438763751
ADF,281,pump_2,obs_downstream,0.0427689853142168,0.0387430657848275,-0.00402591952938933
ADF,282,pump_2,obs_downstream,0.0426316218534065,0.0386542629527624,-0.00397735890064418
ADF,283,pump_2,obs_downstream,0.0424950583458984,0.0385657522662995,-0.00392930607959893
ADF,284,pump_2,obs_downstream,0.042359289138049,0.0384775344002302,-0.00388175473781884
ADF,285,pump_2,obs_downstream,0.0422243085978105,0.0383896099590428,-0.00383469863876774
ADF,286,pump_2,obs_downstream,0.0420901111157872,0.0383019794794287,-0.00378813163635853
ADF,287,pump_2,obs_downstream,0.0419566911062282,0.038214643432704,-0.00374204767352419
ADF,288,pump_2,obs_downstream,0.04182404300796,0.0381276022271492,-0.00369644078081076
ADF,289,pump_2,obs_downstream,0.0416921612852614,0.0380408562102702,-0.00365130507499123
ADF,290,pump_2,obs_downstream,0.0415610404286829,0.0379544056709831,-0.00360663475769981
ADF,291,pump_2,obs_downstream,0.0414306749558129,0.037868250841726,-0.00356242411408696
ADF,292,pump_2,obs_downstream,0.0413010594119944,0.0377823919004994,-0.00351866751149497
ADF,293,pump_2,obs_downstream,0.0411721883709931,0.037696828972839,-0.00347535939815411
ADF,294,pump_2,obs_downstream,0.0410440564356206,0.0376115621337216,-0.00343249430189898
ADF,295,pump_2,obs_downstream,0.0409166582383129,0.0375265914094086,-0.00339006682890437
ADF,296,pump_2,obs_downstream,0.040789988441668,0.0374419167792264,-0.00334807166244156
ADF,297,pump_2,obs_downstream,0.0406640417389436,0.0373575381772897,-0.00330650356165398
ADF,298,pump_2,obs_downstream,0.0405388128545173,0.0372734554941649,-0.0032653573603524
ADF,299,pump_2,obs_downstream,0.0404142965443097,0.0371896685784808,-0.0032246279658289
ADF,300,pump_2,obs_downstream,0.0402904875961745,0.0371061772384838,-0.00318431035769072
ADF,301,pump_2,obs_downstream,0.0401673808302549,0.037022981243543,-0.00314439958671189
ADF,302,pump_2,obs_downstream,0.0400449710993088,0.0369400803256046,-0.0031048907737042
ADF,303,pump_2,obs_downstream,0.0399232532890049,0.0368574741805987,-0.0030657791084062
ADF,304,pump_2,obs_downstream,0.0398022223181894,0.0367751624697996,-0.00302705984838986
ADF,305,pump_2,obs_downstream,0.0396818731391266,0.0366931448211406,-0.00298872831798601
ADF,306,pump_2,obs_downstream,0.0395622007377135,0.0366114208304868,-0.00295077990722666
ADF,307,pump_2,obs_downstream,0.0394432001336693,0.0365299900628644,-0.00291321007080489
ADF,308,pump_2,obs_downstream,0.0393248663807026,0.0364488520536506,-0.00287601432705204
ADF,309,pump_2,obs_downstream,0.0392071945666559,0.0363680063097241,-0.00283918825693181
ADF,310,pump_2,obs_downstream,0.0390901798136285,0.0362874523105778,-0.00280272750305069
ADF,311,pump_2,obs_downstream,0.0389738172780799,0.036207189509395,-0.00276662776868483
ADF,312,pump_2,obs_downstream,0.0388581021509143,0.03612721733409,-0.00273088481682432
ADF,313,pump_2,obs_downstream,0.0387430296575461,0.0360475351883151,-0.00269549446923101
ADF,314,pump_2,obs_downstream,0.038628595057949,0.0359681424524343,-0.00266045260551469
ADF,315,pump_2,obs_downstream,0.0385147936466873,0.0358890384844649,-0.00262575516222236
ADF,316,pump_2,obs_downstream,0.038401620752934,0.035810222620989,-0.00259139813194497
ADF,317,pump_2,obs_downstream,0.0382890717404714,0.0357316941780344,-0.00255737756243699
ADF,318,pump_2,obs_downstream,0.0381771420076794,0.0356534524519268,-0.00252368955575261
ADF,319,pump_2,obs_downstream,0.03806582698751,0.0355754967201148,-0.00249033026739519
ADF,320,pump_2,obs_downstream,0.0379551221474485,0.035497826241967,-0.0024572959054815
ADF,321,pump_2,obs_downstream,0.0378450229894642,0.035420440259544,-0.00242458272992026
ADF,322,pump_2,obs_downstream,0.0377355250499479,0.035343337998344,-0.00239218705160391
ADF,323,pump_2,obs_downstream,0.0376266238996397,0.0352665186680254,-0.00236010523161433
ADF,324,pump_2,obs_downstream,0.0375183151435469,0.0351899814631046,-0.00232833368044234
ADF,325,pump_2,obs_downstream,0.0374105944208517,0.0351137255636317,-0.00229686885722001
ADF,326,pump_2,obs_downstream,0.0373034574048088,0.0350377501358438,-0.00226570726896499
ADF,327,pump_2,obs_downstream,0.0371968998026371,0.0349620543327973,-0.00223484546983974
ADF,328,pump_2,obs_downstream,0.0370909173554002,0.0348866372949789,-0.00220428006042125
ADF,329,pump_2,obs_downstream,0.0369855058378813,0.0348114981508973,-0.00217400768698405
ADF,330,pump_2,obs_downstream,0.0368806610584505,0.034736636017655,-0.00214402504079553
ADF,331,pump_2,obs_downstream,0.0367763788589235,0.0346620500015018,-0.00211432885742166
ADF,332,pump_2,obs_downstream,0.0366726551144173,0.03458773919837,-0.00208491591604733
ADF,333,pump_2,obs_downstream,0.0365694857331965,0.0345137026943918,-0.00205578303880463
ADF,334,pump_2,obs_downstream,0.0364668666565156,0.0344399395664004,-0.00202692709011527
ADF,335,pump_2,obs_downstream,0.0363647938584562,0.0343664488824137,-0.00199834497604252
ADF,336,pump_2,obs_downstream,0.0362632633457582,0.0342932297021032,-0.00197003364365504
ADF,337,pump_2,obs_downstream,0.0361622711576472,0.0342202810772467,-0.00194199008040051
ADF,338,pump_2,obs_downstream,0.036061813365657,0.0341476020521663,-0.00191421131349067
ADF,339,pump_2,obs_downstream,0.0359618860734482,0.0340751916641522,-0.00188669440929602
ADF,340,pump_2,obs_downstream,0.0358624854166233,0.0340030489438721,-0.00185943647275114
ADF,341,pump_2,obs_downstream,0.0357636075625378,0.0339311729157677,-0.00183243464677011
ADF,342,pump_2,obs_downstream,0.0356652487101084,0.0338595625984374,-0.00180568611167096
ADF,343,pump_2,obs_downstream,0.0355674050896181,0.033788217005007,-0.00177918808461112
ADF,344,pump_2,obs_downstream,0.0354700729625182,0.0337171351434873,-0.0017529378190309
ADF,345,pump_2,obs_downstream,0.0353732486212282,0.0336463160171208,-0.00172693260410735
ADF,346,pump_2,obs_downstream,0.035276928388933,0.0335757586247164,-0.00170116976421662
ADF,347,pump_2,obs_downstream,0.0351811086193785,0.0335054619609723,-0.00167564665840616
ADF,348,pump_2,obs_downstream,0.0350857856966639,0.0334354250167895,-0.00165036067987444
ADF,349,pump_2,obs_downstream,0.0349909560350341,0.0333656467795735,-0.00162530925546056
ADF,350,pump_2,obs_downstream,0.0348966160786691,0.0332961262335271,-0.00160048984514202
ADF,351,pump_2,obs_downstream,0.0348027623014724,0.0332268623599319,-0.00157589994154045
ADF,352,pump_2,obs_downstream,0.0347093912068578,0.033157854137422,-0.00155153706943579
ADF,353,pump_2,obs_downstream,0.0346164993275363,0.0330891005422469,-0.0015273987852894
ADF,354,pump_2,obs_downstream,0.0345240832253003,0.0330206005485267,-0.00150348267677358
ADF,355,pump_2,obs_downstream,0.0344321394908078,0.032952353128498,-0.00147978636230983
ADF,356,pump_2,obs_downstream,0.0343406647433666,0.0328843572527517,-0.00145630749061496
ADF,357,pump_2,obs_downstream,0.0342496556307163,0.0328166118904624,-0.00143304374025396
ADF,358,pump_2,obs_downstream,0.0341591088288113,0.0327491160096103,-0.00140999281920102
ADF,359,pump_2,obs_downstream,0.0340690210416027,0.0326818685771954,-0.00138715246440722
ADF,360,pump_2,obs_downstream,0.0339793890008198,0.0326148685594442,-0.00136452044137557
ADF,361,pump_2,obs_downstream,0.0338902094657525,0.0325481149220092,-0.00134209454374326
ADF,362,pump_2,obs_downstream,0.0338014792230321,0.0324816066301618,-0.00131987259287037
ADF,363,pump_2,obs_downstream,0.0337131950864141,0.032415342648978,-0.00129785243743614
ADF,364,pump_2,obs_downstream,0.0336253538965586,0.0323493219435183,-0.00127603195304028
ADF,365,pump_2,obs_downstream,0.0335379525208135,0.0322835434790007,-0.00125440904181277
ADF,366,pump_2,obs_downstream,0.0334509878529963,0.0322180062209676,-0.00123298163202867
constant_head,1,pump_1,obs_near,0,0,0
constant_head,2,pump_1,obs_near,4.01703046310806e-13,6.6943451914071e-47,-4.01703046310806e-13
constant_head,3,pump_1,obs_near,1.12515724721258e-07,1.2026178841651e-31,-1.12515724721258e-07
constant_head,4,pump_1,obs_near,8.58391282227081e-06,6.93456293443143e-25,-8.58391282227081e-06
constant_head,5,pump_1,obs_near,8.04937275976078e-05,9.7173845344546e-20,-8.04937275976077e-05
constant_head,6,pump_1,obs_near,0.000321047524993751,5.97044007802824e-17,-0.000321047524993691
constant_head,7,pump_1,obs_near,0.000828579854912565,9.96961189969672e-15,-0.000828579854902595
constant_head,8,pump_1,obs_near,0.00166031016082901,4.42134277540886e-13,-0.00166031016038687
constant_head,9,pump_1,obs_near,0.00283271345879894,8.35833107739735e-12,-0.0028327134504406
constant_head,10,pump_1,obs_near,0.00433419117572054,8.6963715020343e-11,-0.00433419108875683
constant_head,11,pump_1,obs_near,0.00613742460292201,5.82024631710461e-10,-0.00613742402089738
constant_head,12,pump_1,obs_near,0.0082081123659685,2.79768453549386e-09,-0.00820810956828396
constant_head,13,pump_1,obs_near,0.0105103261535675,1.04459745320812e-08,-0.010510315707593
constant_head,14,pump_1,obs_near,0.0130094773577533,3.20532809399661e-08,-0.0130094453044723
constant_head,15,pump_1,obs_near,0.0156737793114013,8.42227816986854e-08,-0.0156736950886196
constant_head,16,pump_1,obs_near,0.018474823937984,1.95376425166437e-07,-0.0184746285615589
constant_head,17,pump_1,obs_near,0.0213876655491444,4.09455237566589e-07,-0.0213872560939068
constant_head,18,pump_1,obs_near,0.0243906484374169,7.89071346257645e-07,-0.0243898593660706
constant_head,19,pump_1,obs_near,0.0274651158352361,1.41773568117957e-06,-0.0274636980995549
constant_head,20,pump_1,obs_near,0.0305950775539978,2.40096466119032e-06,-0.0305926765893366
constant_head,21,pump_1,obs_near,0.0337668779157328,3.86624121509002e-06,-0.0337630116745177
constant_head,22,pump_1,obs_near,0.0369688848665335,5.96193800604723e-06,-0.0369629229285274
constant_head,23,pump_1,obs_near,0.0401912093870422,8.8553933472683e-06,-0.0401823539936949
constant_head,24,pump_1,obs_near,0.0434254578157673,1.27303669003539e-05,-0.0434127274488669
constant_head,25,pump_1,obs_near,0.0466645162725014,1.77841034847903e-05,-0.0466467321690166
constant_head,26,pump_1,obs_near,0.0499023647039329,2.42242113255816e-05,-0.0498781404926073
constant_head,27,pump_1,obs_near,0.0531339174010128,3.22655265302672e-05,-0.0531016518744825
constant_head,28,pump_1,obs_near,0.0563548867067935,4.21270966422293e-05,-0.0563127596101513
constant_head,29,pump_1,obs_near,0.0595616667828235,5.40293782155072e-05,-0.059507637404608
constant_head,30,pump_1,obs_near,0.0627512345822374,6.81917096789567e-05,-0.0626830428725585
constant_head,31,pump_1,obs_near,0.06592106550477,8.48300927883401e-05,-0.0658362354119817
constant_head,32,pump_1,obs_near,0.0690690615379381,0.00010415529403729,-0.0689649062439008
constant_head,33,pump_1,obs_near,0.0721934899967793,0.000126371261146315,-0.072067118735633
constant_head,34,pump_1,obs_near,0.0752929312517546,0.000151673838439951,-0.0751412574133147
constant_head,35,pump_1,obs_near,0.0783662340777185,0.000180249757682018,-0.0781859843200365
constant_head,36,pump_1,obs_near,0.081412477467015,0.00021227587689398,-0.081200201590121
constant_head,37,pump_1,obs_near,0.0844309379293688,0.000247918638037173,-0.0841830192913316
constant_head,38,pump_1,obs_near,0.0874210614536884,0.000287333714517767,-0.0871337277391706
constant_head,39,pump_1,obs_near,0.090382439435676,0.000330665820720797,-0.0900517736149553
constant_head,40,pump_1,obs_near,0.093314787983619,0.000378048657763677,-0.0929367393258553
constant_head,41,pump_1,obs_near,0.0962179301059518,0.000429604972053238,-0.0957883251338986
constant_head,42,pump_1,obs_near,0.0990917803608122,0.000485446705795446,-0.0986063336550167
constant_head,43,pump_1,obs_near,0.101936331612193,0.000545675221177262,-0.101390656391016
constant_head,44,pump_1,obs_near,0.10475164359138,0.000610381582405213,-0.104141262008974
constant_head,45,pump_1,obs_near,0.107537833007855,0.000679646882076944,-0.106858186125778
constant_head,46,pump_1,obs_near,0.110295064992123,0.000753542600443428,-0.10954152239168
constant_head,47,pump_1,obs_near,0.113023545685181,0.000832130987975401,-0.112191414697206
constant_head,48,pump_1,obs_near,0.115723515816564,0.000915465463278249,-0.114808050353285
constant_head,49,pump_1,obs_near,0.118395245135905,0.00100359101981453,-0.117391654116091
constant_head,50,pump_1,obs_near,0.121039027582421,0.00109654463610861,-0.119942482946313
constant_head,51,pump_1,obs_near,0.123655177093201,0.00119435568514186,-0.122460821408059
constant_head,52,pump_1,obs_near,0.126244023965229,0.00129704633952017,-0.124946977625709
constant_head,53,pump_1,obs_near,0.128805911697946,0.00140463196972687,-0.127401279728219
constant_head,54,pump_1,obs_near,0.131341194253321,0.00151712153338348,-0.129824072719938
constant_head,55,pump_1,obs_near,0.133850233679065,0.00163451795394478,-0.13221571572512
constant_head,56,pump_1,obs_near,0.136333398047991,0.00175681848766875,-0.134576579560322
constant_head,57,pump_1,obs_near,0.138791059672904,0.00188401507804112,-0.136907044594863
constant_head,58,pump_1,obs_near,0.141223593561797,0.00201609469710917,-0.139207498864688
constant_head,59,pump_1,obs_near,0.1436313760828,0.00215303967340172,-0.141478336409398
constant_head,60,pump_1,obs_near,0.146014783812368,0.00229482800629041,-0.143719955806078
constant_head,61,pump_1,obs_near,0.148374192543454,0.00244143366678907,-0.145932758876665
constant_head,62,pump_1,obs_near,0.150709931428409,0.00259282688489951,-0.148117104543509
constant_head,63,pump_1,obs_near,0.153019073714618,0.00274897442369966,-0.150270099290918
constant_head,64,pump_1,obs_near,0.155279956395982,0.00290983984043638,-0.152370116555546
constant_head,65,pump_1,obs_near,0.157450862540972,0.0030753837349368,-0.154375478806035
constant_head,66,pump_1,obs_near,0.159492819664509,0.00324556398568502,-0.156247255678824
constant_head,67,pump_1,obs_near,0.161383296990748,0.00342033597379269,-0.157962961016955
constant_head,68,pump_1,obs_near,0.163116056870708,0.00359965279307138,-0.159516404077636
constant_head,69,pump_1,obs_near,0.164696086191358,0.00378346543165655,-0.160912620759701
constant_head,70,pump_1,obs_near,0.166134654786829,0.00397172287212622,-0.162162931914703
constant_head,71,pump_1,obs_near,0.167445820285337,0.00416437200153918,-0.163281448283798
constant_head,72,pump_1,obs_near,0.168644285689343,0.00436135720208738,-0.164282928487255
constant_head,73,pump_1,obs_near,0.1697442126234,0.00456261954946598,-0.165181593073934
constant_head,74,pump_1,obs_near,0.170758636371143,0.00476809565975825,-0.165990540711385
constant_head,75,pump_1,obs_near,0.171699235171837,0.00497771633579956,-0.166721518836037
constant_head,76,pump_1,obs_near,0.172576296679051,0.00519140522189038,-0.16738489145716
constant_head,77,pump_1,obs_near,0.173398786919725,0.00540907766987745,-0.167989709249848
constant_head,78,pump_1,obs_near,0.174174466722689,0.00563063996738139,-0.168543826755308
constant_head,79,pump_1,obs_near,0.17491002468894,0.00585598900720005,-0.16905403568174
constant_head,80,pump_1,obs_near,0.175611210056733,0.00608501240808791,-0.169526197648646
constant_head,81,pump_1,obs_near,0.176282957104132,0.00631758904409275,-0.16996536806004
constant_head,82,pump_1,obs_near,0.176929497441397,0.00655358990657148,-0.170375907534826
constant_head,83,pump_1,obs_near,0.177554459145584,0.00679287920835363,-0.170761579937231
constant_head,84,pump_1,obs_near,0.17816095306129,0.00703531563901486,-0.171125637422275
constant_head,85,pump_1,obs_near,0.178751647257671,0.00728075368901207,-0.171470893568659
constant_head,86,pump_1,obs_near,0.179328830901027,0.00752904497423443,-0.171799785926793
constant_head,87,pump_1,obs_near,0.179894468854654,0.0077800395080919,-0.172114429346562
constant_head,88,pump_1,obs_near,0.180450248258043,0.00803358688341234,-0.172416661374631
constant_head,89,pump_1,obs_near,0.180997618225562,0.00828953733987909,-0.172708080885683
constant_head,90,pump_1,obs_near,0.181537823673979,0.00854774270391818,-0.172990080970061
constant_head,91,pump_1,obs_near,0.182071934156676,0.00880805719670577,-0.17326387695997
constant_head,92,pump_1,obs_near,0.182600868458929,0.00907033811245738,-0.173530530346471
constant_head,93,pump_1,obs_near,0.183125348090313,0.00933444637367479,-0.173790901716639
constant_head,94,pump_1,obs_near,0.183641102434053,0.00960024697291371,-0.174040855461139
constant_head,95,pump_1,obs_near,0.184115664523403,0.00986760931224447,-0.174248055211159
constant_head,96,pump_1,obs_near,0.184486408496918,0.0101364074522274,-0.174350001044691
constant_head,97,pump_1,obs_near,0.184694759130744,0.0104065202821794,-0.174288238848565
constant_head,98,pump_1,obs_near,0.184706748012157,0.0106778316227833,-0.174028916389374
constant_head,99,pump_1,obs_near,0.18451279949862,0.0109502302682316,-0.173562569230388
constant_head,100,pump_1,obs_near,0.184120135427483,0.0112236099549786,-0.172896525472505
constant_head,101,pump_1,obs_near,0.183545369270489,0.0114978691853722,-0.172047500085117
constant_head,102,pump_1,obs_near,0.182809269034615,0.0117729107501213,-0.171036358284493
constant_head,103,pump_1,obs_near,0.181933548483968,0.0120486407614729,-0.169884907722495
constant_head,104,pump_1,obs_near,0.18093909119371,0.012324967092665,-0.168614124101045
constant_head,105,pump_1,obs_near,0.179845076711327,0.0126017972889398,-0.167243279422387
constant_head,106,pump_1,obs_near,0.178668637610394,0.0128790361799107,-0.165789601430483
constant_head,107,pump_1,obs_near,0.177424811858663,0.0131565835092955,-0.164268228349368
constant_head,108,pump_1,obs_near,0.176126648566108,0.0134343318886951,-0.162692316677413
constant_head,109,pump_1,obs_near,0.174785384616441,0.0137121653032588,-0.161073219313182
constant_head,110,pump_1,obs_near,0.173410645833499,0.0139899582890573,-0.159420687544442
constant_head,111,pump_1,obs_near,0.172010647748988,0.0142675757983992,-0.157743071950589
constant_head,112,pump_1,obs_near,0.17059238346737,0.0145448736895225,-0.156047509777848
constant_head,113,pump_1,obs_near,0.169161793183952,0.014821699727272,-0.15434009345668
constant_head,114,pump_1,obs_near,0.16772391380845,0.0150978949592054,-0.152626018849244
constant_head,115,pump_1,obs_near,0.166283009200493,0.0153732953306603,-0.150909713869833
constant_head,116,pump_1,obs_near,0.164842682520072,0.0156477334153739,-0.149194949104698
constant_head,117,pump_1,obs_near,0.163405972597303,0.0159210401588598,-0.147484932438443
constant_head,118,pump_1,obs_near,0.161975436302515,0.0161930465550137,-0.145782389747501
constant_head,119,pump_1,obs_near,0.160553218806455,0.0164635851990947,-0.144089633607361
constant_head,120,pump_1,obs_near,0.15914111345097,0.0167324916803676,-0.142408621770603
constant_head,121,pump_1,obs_near,0.157740612753101,0.0169996057944332,-0.140741006958668
constant_head,122,pump_1,obs_near,0.156352951867078,0.0172647725683864,-0.139088179298692
constant_head,123,pump_1,obs_near,0.154979145642921,0.0175278431016679,-0.137451302541253
constant_head,124,pump_1,obs_near,0.153620020253255,0.0177886752322358,-0.135831345021019
constant_head,125,pump_1,obs_near,0.152276240213305,0.018047134042011,-0.134229106171294
constant_head,126,pump_1,obs_near,0.150948331492342,0.0183030922179651,-0.132645239274377
constant_head,127,pump_1,obs_near,0.14963670130661,0.0185564302861948,-0.131080271020416
constant_head,128,pump_1,obs_near,0.148341655091814,0.0188070367362746,-0.129534618355539
constant_head,129,pump_1,obs_near,0.147063411075634,0.0190548080524283,-0.128008603023206
constant_head,130,pump_1,obs_near,0.145802112805295,0.0192996486668638,-0.126502464138431
constant_head,131,pump_1,obs_near,0.144557839930172,0.019541470849182,-0.12501636908099
constant_head,132,pump_1,obs_near,0.14333061749323,0.0197801945442287,-0.123550422949002
constant_head,133,pump_1,obs_near,0.142120423946186,0.0200157471692204,-0.122104676776966
constant_head,134,pump_1,obs_near,0.140927198070664,0.0202480633794951,-0.120679134691169
constant_head,135,pump_1,obs_near,0.139750844960149,0.0204770848108681,-0.119273760149281
constant_head,136,pump_1,obs_near,0.138591241194399,0.0207027598053266,-0.117888481389072
constant_head,137,pump_1,obs_near,0.137448239318516,0.0209250431256865,-0.116523196192829
constant_head,138,pump_1,obs_near,0.136321671722408,0.021143895663859,-0.115177776058549
constant_head,139,pump_1,obs_near,0.135211354002469,0.0213592841465305,-0.113852069855938
constant_head,140,pump_1,obs_near,0.134117087875547,0.0215711808413329,-0.112545907034214
constant_head,141,pump_1,obs_near,0.133038663705284,0.0217795632659659,-0.111259100439318
constant_head,142,pump_1,obs_near,0.131975862692427,0.0219844139022101,-0.109991448790217
constant_head,143,pump_1,obs_near,0.130928458773507,0.0221857199163383,-0.108742738857168
constant_head,144,pump_1,obs_near,0.129896220266145,0.0223834728870677,-0.107512747379077
constant_head,145,pump_1,obs_near,0.128878911293984,0.0225776685418989,-0.106301242752085
constant_head,146,pump_1,obs_near,0.127876293019773,0.0227683065024401,-0.105107986517333
constant_head,147,pump_1,obs_near,0.126888124711291,0.0229553900391202,-0.103932734672171
constant_head,148,pump_1,obs_near,0.125914164661493,0.0231389258355261,-0.102775238825967
constant_head,149,pump_1,obs_near,0.124954170981453,0.0233189237624765,-0.101635247218976
constant_head,150,pump_1,obs_near,0.124007902282217,0.0234953966618357,-0.100512505620381
constant_head,151,pump_1,obs_near,0.12307511825961,0.0236683601399928,-0.0994067581196176
constant_head,152,pump_1,obs_near,0.122155580194204,0.0238378323708655,-0.0983177478233383
constant_head,153,pump_1,obs_near,0.121249051377108,0.0240038339082402,-0.0972452174688677
constant_head,154,pump_1,obs_near,0.120355297470884,0.0241663875072219,-0.0961889099636621
constant_head,155,pump_1,obs_near,0.119474086813705,0.0243255179545399,-0.0951485688591656
constant_head,156,pump_1,obs_near,0.118605190673873,0.0244812519074373,-0.0941239387664358
constant_head,157,pump_1,obs_near,0.11774838346091,0.0246336177408555,-0.0931147657200544
constant_head,158,pump_1,obs_near,0.116903442898684,0.0247826454026207,-0.0921207974960636
constant_head,159,pump_1,obs_near,0.116070150165344,0.0249283662763322,-0.0911417838890121
constant_head,160,pump_1,obs_near,0.115248290004258,0.0250708130516521,-0.0901774769526055
constant_head,161,pump_1,obs_near,0.114437650809642,0.0252100196016988,-0.089227631207943
constant_head,162,pump_1,obs_near,0.113638024690121,0.0253460208672471,-0.0882920038228742
constant_head,163,pump_1,obs_near,0.112849207513058,0.025478852747446,-0.0873703547656117
constant_head,164,pump_1,obs_near,0.112070998932156,0.0256085519967689,-0.0864624469353874
constant_head,165,pump_1,obs_near,0.111303202400554,0.0257351561279197,-0.0855680462726341
constant_head,166,pump_1,obs_near,0.110545625171323,0.0258587033204241,-0.0846869218508994
constant_head,167,pump_1,obs_near,0.109798078287106,0.0259792323346444,-0.083818845952462
constant_head,168,pump_1,obs_near,0.109060376560375,0.0260967824309655,-0.0829635941294098
constant_head,169,pump_1,obs_near,0.108332338545652,0.0262113932939059,-0.0821209452517464
constant_head,170,pump_1,obs_near,0.107613786504847,0.0263231049609174,-0.0812906815439298
constant_head,171,pump_1,obs_near,0.106904546366748,0.0264319577556473,-0.0804725886111006
constant_head,172,pump_1,obs_near,0.106204447681563,0.0265379922254418,-0.0796664554561213
constant_head,173,pump_1,obs_near,0.105513323571317,0.0266412490828816,-0.0788720744884356
constant_head,174,pump_1,obs_near,0.104831010676797,0.0267417691511465,-0.0780892415256502
constant_head,175,pump_1,obs_near,0.104157349101666,0.0268395933130148,-0.0773177557886511
constant_head,176,pump_1,obs_near,0.103492182354293,0.0269347624633122,-0.076557419890981
constant_head,177,pump_1,obs_near,0.102835357287763,0.0270273174646298,-0.0758080398231331
constant_head,178,pump_1,obs_near,0.102186724038493,0.0271172991061431,-0.0750694249323497
constant_head,179,pump_1,obs_near,0.10154613596382,0.0272047480653659,-0.0743413878984539
constant_head,180,pump_1,obs_near,0.100913449578877,0.0272897048726847,-0.0736237447061924
constant_head,181,pump_1,obs_near,0.100288524493039,0.0273722098785232,-0.0729163146145161
constant_head,182,pump_1,obs_near,0.0996712233461818,0.0274523032229946,-0.0722189201231872
constant_head,183,pump_1,obs_near,0.0990614117449643,0.0275300248079054,-0.0715313869370589
constant_head,184,pump_1,obs_near,0.098458958199324,0.0276054142709809,-0.0708535439283431
constant_head,185,pump_1,obs_near,0.0978637340593355,0.0276785109621881,-0.0701852230971474
constant_head,186,pump_1,obs_near,0.0972756134525754,0.0277493539220384,-0.069526259530537
constant_head,187,pump_1,obs_near,0.0966944732221088,0.0278179818617569,-0.0688764913603519
constant_head,188,pump_1,obs_near,0.0961201928651975,0.0278844331452121,-0.0682357597199853
constant_head,189,pump_1,obs_near,0.0955526544728133,0.027948745772503,-0.0676039087003103
constant_head,190,pump_1,obs_near,0.0949917426700301,0.028010957365107,-0.0669807853049231
constant_head,191,pump_1,obs_near,0.0944373445573523,0.0280711051524968,-0.0663662394048555
constant_head,192,pump_1,obs_near,0.093889349653027,0.0281292259601376,-0.0657601236928894
constant_head,193,pump_1,obs_near,0.0933476498363824,0.0281853561987824,-0.0651622936376
constant_head,194,pump_1,obs_near,0.0928121392922206,0.0282395318549851,-0.0645726074372355
constant_head,195,pump_1,obs_near,0.0922827144562911,0.0282917884827577,-0.0639909259735334
constant_head,196,pump_1,obs_near,0.0917592739618588,0.028342161196299,-0.0634171127655598
constant_head,197,pump_1,obs_near,0.0912417185873838,0.028390684663728,-0.0628510339236559
constant_head,198,pump_1,obs_near,0.0907299512053155,0.0284373931017575,-0.062292558103558
constant_head,199,pump_1,obs_near,0.0902238767320045,0.0284823202712483,-0.0617415564607562
constant_head,200,pump_1,obs_near,0.0897234020787353,0.0285254994735845,-0.0611979026051508
constant_head,201,pump_1,obs_near,0.089228436103868,0.028566963547817,-0.060661472556051
constant_head,202,pump_1,obs_near,0.0887388895660922,0.0286067448685241,-0.0601321446975681
constant_head,203,pump_1,obs_near,0.0882546750787722,0.028644875344338,-0.0596097997344342
constant_head,204,pump_1,obs_near,0.0877757070653831,0.0286813864170943,-0.0590943206482889
constant_head,205,pump_1,obs_near,0.0873019017160148,0.0287163090615585,-0.0585855926544563
constant_head,206,pump_1,obs_near,0.0868331769449376,0.0287496737856897,-0.0580835031592479
constant_head,207,pump_1,obs_near,0.0863694523492065,0.0287815106314015,-0.057587941717805
constant_head,208,pump_1,obs_near,0.085910649168292,0.0288118491757851,-0.0570987999925069
constant_head,209,pump_1,obs_near,0.0854566902447162,0.0288407185327579,-0.0566159717119584
constant_head,210,pump_1,obs_near,0.0850074999856778,0.0288681473551067,-0.0561393526305711
constant_head,211,pump_1,obs_near,0.0845630043256453,0.0288941638368941,-0.0556688404887512
constant_head,212,pump_1,obs_near,0.0841231306899,0.0289187957161981,-0.0552043349737018
constant_head,213,pump_1,obs_near,0.0836878079590073,0.02894207027816,-0.0547457376808473
constant_head,214,pump_1,obs_near,0.0832569664341987,0.0289640143583121,-0.0542929520758866
constant_head,215,pump_1,obs_near,0.0828305378036403,0.0289846543461631,-0.0538458834574772
constant_head,216,pump_1,obs_near,0.0824084551095725,0.0290040161890172,-0.0534044389205552
constant_head,217,pump_1,obs_near,0.0819906527162961,0.0290221253960068,-0.0529685273202893
constant_head,218,pump_1,obs_near,0.0815770662789875,0.0290390070423167,-0.0525380592366708
constant_head,219,pump_1,obs_near,0.0811676327133218,0.0290546857735833,-0.0521129469397385
constant_head,220,pump_1,obs_near,0.0807622901658835,0.0290691858104493,-0.0516931043554341
constant_head,221,pump_1,obs_near,0.0803609779853465,0.0290825309532582,-0.0512784470320883
constant_head,222,pump_1,obs_near,0.0799636366944038,0.0290947445868728,-0.050868892107531
constant_head,223,pump_1,obs_near,0.0795702079624253,0.0291058496856029,-0.0504643582768224
constant_head,224,pump_1,obs_near,0.0791806345788283,0.0291158688182295,-0.0500647657605989
constant_head,225,pump_1,obs_near,0.078794860427141,0.0291248241531109,-0.0496700362740301
constant_head,226,pump_1,obs_near,0.0784128304597389,0.0291327374633612,-0.0492800929963777
constant_head,227,pump_1,obs_near,0.0780344906732399,0.0291396301320879,-0.048894860541152
constant_head,228,pump_1,obs_near,0.0776597880845367,0.0291455231576793,-0.0485142649268574
constant_head,229,pump_1,obs_near,0.0772886707074527,0.0291504371591321,-0.0481382335483206
constant_head,230,pump_1,obs_near,0.0769210875300031,0.0291543923814096,-0.0477666951485935
constant_head,231,pump_1,obs_near,0.0765569884922442,0.0291574087008223,-0.0473995797914219
constant_head,232,pump_1,obs_near,0.0761963244646969,0.0291595056304236,-0.0470368188342733
constant_head,233,pump_1,obs_near,0.0758390472273268,0.0291607023254125,-0.0466783449019143
constant_head,234,pump_1,obs_near,0.0754851094490669,0.0291610175885371,-0.0463240918605299
constant_head,235,pump_1,obs_near,0.075134464667868,0.0291604698754925,-0.0459739947923755
constant_head,236,pump_1,obs_near,0.074787067271261,0.0291590773003078,-0.0456279899709532
constant_head,237,pump_1,obs_near,0.0744428724774197,0.0291568576407156,-0.0452860148367041
constant_head,238,pump_1,obs_near,0.0741018363167067,0.0291538283435007,-0.044948007973206
constant_head,239,pump_1,obs_near,0.0737639156136925,0.0291500065298226,-0.0446139090838699
constant_head,240,pump_1,obs_near,0.0734290679696322,0.0291454090005069,-0.0442836589691253
constant_head,241,pump_1,obs_near,0.0730972517453894,0.0291400522413039,-0.0439571995040856
constant_head,242,pump_1,obs_near,0.0727684260447927,0.0291339524281084,-0.0436344736166843
constant_head,243,pump_1,obs_near,0.0724425506984137,0.0291271254321397,-0.043315425266274
constant_head,244,pump_1,obs_near,0.0721195862477561,0.0291195868250769,-0.0429999994226792
constant_head,245,pump_1,obs_near,0.0717994939298427,0.0291113518841487,-0.0426881420456941
constant_head,246,pump_1,obs_near,0.0714822356621894,0.0291024355971739,-0.0423798000650155
constant_head,247,pump_1,obs_near,0.0711677740281579,0.0290928526675515,-0.0420749213606064
constant_head,248,pump_1,obs_near,0.0708560722626725,0.029082617519197,-0.0417734547434755
constant_head,249,pump_1,obs_near,0.0705470942382955,0.0290717443014253,-0.0414753499368702
constant_head,250,pump_1,obs_near,0.0702408044516473,0.0290602468937764,-0.041180557557871
constant_head,251,pump_1,obs_near,0.0699371680101648,0.0290481389107844,-0.0408890290993804
constant_head,252,pump_1,obs_near,0.0696361506191865,0.0290354337066874,-0.0406007169124991
constant_head,253,pump_1,obs_near,0.069337718569357,0.0290221443800777,-0.0403155741892793
constant_head,254,pump_1,obs_near,0.0690418387243405,0.0290082837784912,-0.0400335549458493
constant_head,255,pump_1,obs_near,0.068748478508837,0.0289938645029361,-0.0397546140059009
constant_head,256,pump_1,obs_near,0.0684576058968905,0.0289788989123586,-0.0394787069845318
constant_head,257,pump_1,obs_near,0.0681691894004825,0.0289633991280474,-0.0392057902724351
constant_head,258,pump_1,obs_near,0.0678831980584035,0.0289473770379737,-0.0389358210204298
constant_head,259,pump_1,obs_near,0.0675996014253938,0.0289308443010694,-0.0386687571243244
constant_head,260,pump_1,obs_near,0.0673183695615465,0.0289138123514415,-0.038404557210105
constant_head,261,pump_1,obs_near,0.0670394730219663,0.0288962924025223,-0.038143180619444
constant_head,262,pump_1,obs_near,0.0667628828466771,0.0288782954511575,-0.0378845873955196
constant_head,263,pump_1,obs_near,0.0664885705507692,0.0288598322816294,-0.0376287382691398
constant_head,264,pump_1,obs_near,0.066216508114785,0.028840913469618,-0.037375594645167
constant_head,265,pump_1,obs_near,0.0659466679753304,0.0288215493860977,-0.0371251185892328
constant_head,266,pump_1,obs_near,0.0656790230159105,0.0288017502011725,-0.0368772728147381
constant_head,267,pump_1,obs_near,0.0654135465579821,0.0287815258878475,-0.0366320206701346
constant_head,268,pump_1,obs_near,0.065150212352216,0.0287608862257386,-0.0363893261264774
constant_head,269,pump_1,obs_near,0.0648889945699661,0.0287398408047208,-0.0361491537652453
constant_head,270,pump_1,obs_near,0.0646298677949368,0.0287183990285138,-0.035911468766423
constant_head,271,pump_1,obs_near,0.0643728070150457,0.0286965701182085,-0.0356762368968372
constant_head,272,pump_1,obs_near,0.0641177876144763,0.0286743631157316,-0.0354434244987447
constant_head,273,pump_1,obs_near,0.0638647853659132,0.0286517868872512,-0.0352129984786621
constant_head,274,pump_1,obs_near,0.0636137764229592,0.0286288501265227,-0.0349849262964365
constant_head,275,pump_1,obs_near,0.0633647373127251,0.0286055613581765,-0.0347591759545486
constant_head,276,pump_1,obs_near,0.0631176449285906,0.0285819289409473,-0.0345357159876433
constant_head,277,pump_1,obs_near,0.0628724765231315,0.0285579610708463,-0.0343145154522852
constant_head,278,pump_1,obs_near,0.0626292097012069,0.0285336657842761,-0.0340955439169308
constant_head,279,pump_1,obs_near,0.0623878224132052,0.0285090509610908,-0.0338787714521144
constant_head,280,pump_1,obs_near,0.0621482929484419,0.0284841243275996,-0.0336641686208424
constant_head,281,pump_1,obs_near,0.0619105999287078,0.0284588934595161,-0.0334517064691917
constant_head,282,pump_1,obs_near,0.0616747223019612,0.0284333657848543,-0.0332413565171069
constant_head,283,pump_1,obs_near,0.0614406393361636,0.0284075485867708,-0.0330330907493928
constant_head,284,pump_1,obs_near,0.0612083306132506,0.0283814490063546,-0.032826881606896
constant_head,285,pump_1,obs_near,0.0609777760232406,0.0283550740453661,-0.0326227019778746
constant_head,286,pump_1,obs_near,0.0607489557584715,0.0283284305689237,-0.0324205251895478
constant_head,287,pump_1,obs_near,0.0605218503079668,0.0283015253081418,-0.032220324999825
constant_head,288,pump_1,obs_near,0.0602964404519263,0.0282743648627185,-0.0320220755892078
constant_head,289,pump_1,obs_near,0.0600727072563361,0.0282469557034744,-0.0318257515528617
constant_head,290,pump_1,obs_near,0.0598506320676997,0.0282193041748446,-0.0316313278928551
constant_head,291,pump_1,obs_near,0.0596301965078822,0.0281914164973228,-0.0314387800105594
constant_head,292,pump_1,obs_near,0.0594113824690673,0.0281632987698587,-0.0312480836992086
constant_head,293,pump_1,obs_near,0.059194172108825,0.0281349569722107,-0.0310592151366142
constant_head,294,pump_1,obs_near,0.0589785478452842,0.0281063969672532,-0.0308721508780309
constant_head,295,pump_1,obs_near,0.0587644923524116,0.0280776245032398,-0.0306868678491718
constant_head,296,pump_1,obs_near,0.0585519885553905,0.0280486452160227,-0.0305033433393677
constant_head,297,pump_1,obs_near,0.0583410196260994,0.0280194646312309,-0.0303215549948685
constant_head,298,pump_1,obs_near,0.0581315689786877,0.0279900881664045,-0.0301414808122832
constant_head,299,pump_1,obs_near,0.0579236202652442,0.0279605211330892,-0.029963099132155
constant_head,300,pump_1,obs_near,0.0577171573715594,0.02793076873889,-0.0297863886326695
constant_head,301,pump_1,obs_near,0.0575121644129766,0.0279008360894849,-0.0296113283234918
constant_head,302,pump_1,obs_near,0.0573086257303296,0.0278707281905997,-0.0294378975397299
constant_head,303,pump_1,obs_near,0.057106525885968,0.0278404499499445,-0.0292660759360235
constant_head,304,pump_1,obs_near,0.0569058496598639,0.0278100061791125,-0.0290958434807514
constant_head,305,pump_1,obs_near,0.0567065820458011,0.0277794015954415,-0.0289271804503596
constant_head,306,pump_1,obs_near,0.0565087082476425,0.0277486408238397,-0.0287600674238028
constant_head,307,pump_1,obs_near,0.0563122136756768,0.0277177283985754,-0.0285944852771014
constant_head,308,pump_1,obs_near,0.0561170839430388,0.0276866687650317,-0.0284304151780071
constant_head,309,pump_1,obs_near,0.055923304862205,0.0276554662814269,-0.028267838580778
constant_head,310,pump_1,obs_near,0.05573086244156,0.0276241252205019,-0.0281067372210581
constant_head,311,pump_1,obs_near,0.0555397428820352,0.0275926497711729,-0.0279470931108623
constant_head,312,pump_1,obs_near,0.0553499325738135,0.0275610440401536,-0.0277888885336599
constant_head,313,pump_1,obs_near,0.0551614180931034,0.0275293120535438,-0.0276321060395596
constant_head,314,pump_1,obs_near,0.0549741861989783,0.0274974577583884,-0.0274767284405899
constant_head,315,pump_1,obs_near,0.0547882238302772,0.0274654850242041,-0.0273227388060731
constant_head,316,pump_1,obs_near,0.0546035181025719,0.0274333976444775,-0.0271701204580944
constant_head,317,pump_1,obs_near,0.0544200563051926,0.0274011993381328,-0.0270188569670598
constant_head,318,pump_1,obs_near,0.0542378258983125,0.0273688937509711,-0.0268689321473414
constant_head,319,pump_1,obs_near,0.0540568145100939,0.0273364844570808,-0.0267203300530131
constant_head,320,pump_1,obs_near,0.0538770099338871,0.0273039749602209,-0.0265730349736662
constant_head,321,pump_1,obs_near,0.0536984001254883,0.0272713686951766,-0.0264270314303117
constant_head,322,pump_1,obs_near,0.0535209732004498,0.0272386690290881,-0.0262823041713617
constant_head,323,pump_1,obs_near,0.0533447174314433,0.0272058792627533,-0.02613883816869
constant_head,324,pump_1,obs_near,0.0531696212456762,0.0271730026319051,-0.0259966186137711
constant_head,325,pump_1,obs_near,0.0529956732223583,0.0271400423084629,-0.0258556309138954
constant_head,326,pump_1,obs_near,0.0528228620902164,0.0271070014017602,-0.0257158606884562
constant_head,327,pump_1,obs_near,0.0526511767250595,0.0270738829597471,-0.0255772937653124
constant_head,328,pump_1,obs_near,0.0524806061473905,0.0270406899701695,-0.025439916177221
constant_head,329,pump_1,obs_near,0.0523111395200631,0.0270074253617255,-0.0253037141583376
constant_head,330,pump_1,obs_near,0.0521427661459858,0.026974092005198,-0.0251686741407878
constant_head,331,pump_1,obs_near,0.0519754754658685,0.0269406927145657,-0.0250347827513028
constant_head,332,pump_1,obs_near,0.0518092570560128,0.0269072302480922,-0.0249020268079206
constant_head,333,pump_1,obs_near,0.0516441006261455,0.0268737073093927,-0.0247703933167528
constant_head,334,pump_1,obs_near,0.0514799960172918,0.0268401265484814,-0.0246398694688104
constant_head,335,pump_1,obs_near,0.0513169331996905,0.0268064905627963,-0.0245104426368942
constant_head,336,pump_1,obs_near,0.051154902270747,0.0267728018982052,-0.0243821003725419
constant_head,337,pump_1,obs_near,0.0509938934530267,0.0267390630499912,-0.0242548304030356
constant_head,338,pump_1,obs_near,0.0508338970922854,0.0267052764638192,-0.0241286206284662
constant_head,339,pump_1,obs_near,0.0506749036555364,0.0266714445366832,-0.0240034591188532
constant_head,340,pump_1,obs_near,0.050516903729154,0.0266375696178347,-0.0238793341113192
constant_head,341,pump_1,obs_near,0.0503598880170131,0.0266036540096933,-0.0237562340073197
constant_head,342,pump_1,obs_near,0.0502038473386623,0.0265696999687391,-0.0236341473699231
constant_head,343,pump_1,obs_near,0.0500487726275313,0.0265357097063877,-0.0235130629211436
constant_head,344,pump_1,obs_near,0.0498946549291726,0.0265016853898478,-0.0233929695393248
constant_head,345,pump_1,obs_near,0.049741485399533,0.0264676291429623,-0.0232738562565707
constant_head,346,pump_1,obs_near,0.0495892553032603,0.0264335430470327,-0.0231557122562275
constant_head,347,pump_1,obs_near,0.0494379560120376,0.0263994291416273,-0.0230385268704103
constant_head,348,pump_1,obs_near,0.049287579002951,0.0263652894253736,-0.0229222895775774
constant_head,349,pump_1,obs_near,0.0491381158568845,0.0263311258567352,-0.0228069900001494
constant_head,350,pump_1,obs_near,0.0489895582569468,0.0262969403547733,-0.0226926179021735
constant_head,351,pump_1,obs_near,0.0488418979869235,0.026262734799894,-0.0225791631870296
constant_head,352,pump_1,obs_near,0.0486951269297604,0.0262285110345797,-0.0224666158951807
constant_head,353,pump_1,obs_near,0.0485492370660713,0.0261942708641077,-0.0223549662019635
constant_head,354,pump_1,obs_near,0.048404220472675,0.0261600160572536,-0.0222442044154214
constant_head,355,pump_1,obs_near,0.0482600693211563,0.0261257483469814,-0.0221343209741749
constant_head,356,pump_1,obs_near,0.048116775876455,0.0260914694311205,-0.0220253064453344
constant_head,357,pump_1,obs_near,0.0479743324954773,0.0260571809730288,-0.0219171515224485
constant_head,358,pump_1,obs_near,0.047832731625735,0.0260228846022432,-0.0218098470234917
constant_head,359,pump_1,obs_near,0.0476919658040059,0.025988581915118,-0.0217033838888879
constant_head,360,pump_1,obs_near,0.0475520276550195,0.0259542744754497,-0.0215977531795697
constant_head,361,pump_1,obs_near,0.0474129098901659,0.0259199638150908,-0.0214929460750751
constant_head,362,pump_1,obs_near,0.047274605306226,0.0258856514345511,-0.0213889538716749
constant_head,363,pump_1,obs_near,0.0471371067841251,0.0258513388035872,-0.021285767980538
constant_head,364,pump_1,obs_near,0.0470004072877085,0.0258170273617811,-0.0211833799259274
constant_head,365,pump_1,obs_near,0.0468644998625373,0.0257827185191073,-0.02108178134343
constant_head,366,pump_1,obs_near,0.0467293776347052,0.0257484136564888,-0.0209809639782164
constant_head,1,pump_1,obs_downstream,0,0,0
constant_head,2,pump_1,obs_downstream,1.37080991056311e-91,-9.23855172619968e-50,-9.23855172619968e-50
constant_head,3,pump_1,obs_downstream,2.36441077184128e-47,3.38972135724968e-34,3.38972135724944e-34
constant_head,4,pump_1,obs_downstream,1.56200337942226e-32,1.65111104168677e-26,1.6511094796834e-26
constant_head,5,pump_1,obs_downstream,4.36061115227212e-25,5.85543407620336e-22,5.85107346505109e-22
constant_head,6,pump_1,obs_downstream,1.34345597345767e-20,2.94058428158159e-18,2.92714972184702e-18
constant_head,7,pump_1,obs_downstream,1.36333643086697e-17,6.76878115189996e-16,6.63244750881326e-16
constant_head,8,pump_1,obs_downstream,1.95822523190346e-15,3.95138596528003e-14,3.75556344208969e-14
constant_head,9,pump_1,obs_downstream,8.26271057359595e-14,9.99986231635617e-13,9.17359125899657e-13
constant_head,10,pump_1,obs_downstream,1.53763677295913e-12,1.32205353056392e-11,1.168289853268e-11
constant_head,11,pump_1,obs_downstream,1.61106761972605e-11,1.07673150854924e-10,9.15624746576639e-11
constant_head,12,pump_1,obs_downstream,1.11046412748778e-10,6.09124694947145e-10,4.98078282198368e-10
constant_head,13,pump_1,obs_downstream,5.58685866424807e-10,2.60704924184914e-09,2.04836337542433e-09
constant_head,14,pump_1,obs_downstream,2.20498680312408e-09,8.97994187468532e-09,6.77495507156124e-09
constant_head,15,pump_1,obs_downstream,7.18811218131081e-09,2.60482968582943e-08,1.88601846769835e-08
constant_head,16,pump_1,obs_downstream,2.01022218908692e-08,6.58181961463869e-08,4.57159742555177e-08
constant_head,17,pump_1,obs_downstream,4.96193284181667e-08,1.48622407307764e-07,9.90030788895977e-08
constant_head,18,pump_1,obs_downstream,1.10484188429085e-07,3.05869164851096e-07,1.95384976422011e-07
constant_head,19,pump_1,obs_downstream,2.25717441688293e-07,5.82591071299255e-07,3.56873629610962e-07
constant_head,20,pump_1,obs_downstream,4.28821127683106e-07,1.03953419674122e-06,6.10713069058116e-07
constant_head,21,pump_1,obs_downstream,7.65781684088191e-07,1.7546116248147e-06,9.8882994072651e-07
constant_head,22,pump_1,obs_downstream,1.29669952723635e-06,2.82363839607208e-06,1.52693886883573e-06
constant_head,23,pump_1,obs_downstream,2.09692715462337e-06,4.36034672567325e-06,2.26341957104988e-06
constant_head,24,pump_1,obs_downstream,3.25765578723788e-06,6.49574197464099e-06,3.2380861874031e-06
constant_head,25,pump_1,obs_downstream,4.88594383087755e-06,9.37689910734432e-06,4.49095527646677e-06
constant_head,26,pump_1,obs_downstream,7.10422308414892e-06,1.3165318745259e-05,6.06109566111011e-06
constant_head,27,pump_1,obs_downstream,1.00493485083799e-05,1.80349658763345e-05,7.98561736795461e-06
constant_head,28,pump_1,obs_downstream,1.38712748975821e-05,2.41701075686511e-05,1.0298832671069e-05
constant_head,29,pump_1,obs_downstream,1.87314507927584e-05,3.17630528638126e-05,1.30316020710542e-05
constant_head,30,pump_1,obs_downstream,2.48010189180329e-05,4.10118816771742e-05,1.62108627591413e-05
constant_head,31,pump_1,obs_downstream,3.22589057474306e-05,5.21182323511741e-05,1.98593266037435e-05
constant_head,32,pump_1,obs_downstream,4.12898727196397e-05,6.5285201026723e-05,2.39953283070832e-05
constant_head,33,pump_1,obs_downstream,5.20825898528625e-05,8.0715391107424e-05,2.86328012545615e-05
constant_head,34,pump_1,obs_downstream,6.48277803707254e-05,9.86091382285118e-05,3.37813578577864e-05
constant_head,35,pump_1,obs_downstream,7.97164733225618e-05,0.000119162925427809,3.94464521052474e-05
constant_head,36,pump_1,obs_downstream,9.6938390619684e-05,0.000142567994580501,4.56296039608171e-05
constant_head,37,pump_1,obs_downstream,0.000116680485706715,0.000169009153418413,5.23286677116985e-05
constant_head,38,pump_1,obs_downstream,0.000139125643349347,0.000198663772374591,5.95381290252441e-05
constant_head,39,pump_1,obs_downstream,0.000164451543725607,0.00023170096182191,6.72494180963033e-05
constant_head,40,pump_1,obs_downstream,0.000192829689055742,0.000268280917768781,7.5451228713039e-05
constant_head,41,pump_1,obs_downstream,0.000224424587250945,0.000308554422509734,8.41298352587897e-05
constant_head,42,pump_1,obs_downstream,0.000259393084339133,0.000352662485908698,9.3269401569565e-05
constant_head,43,pump_1,obs_downstream,0.000297883835570429,0.00040073611274614,0.000102852277175711
constant_head,44,pump_1,obs_downstream,0.000340036903958223,0.000452896181748059,0.000112859277789836
constant_head,45,pump_1,obs_downstream,0.000385983474430581,0.00050925342241548,0.000123269947984898
constant_head,46,pump_1,obs_downstream,0.000435845671625641,0.0005699084764949,0.000134062804869259
constant_head,47,pump_1,obs_downstream,0.000489736469556325,0.0006349520317952,0.000145215562238876
constant_head,48,pump_1,obs_downstream,0.00054775968180439,0.000704465017007583,0.000156705335203193
constant_head,49,pump_1,obs_downstream,0.000610010021508108,0.000778518847174277,0.000168508825666169
constant_head,50,pump_1,obs_downstream,0.000676573221122742,0.00085717571044664,0.000180602489323897
constant_head,51,pump_1,obs_downstream,0.000747526202711813,0.000940488887746303,0.00019296268503449
constant_head,52,pump_1,obs_downstream,0.000822937290334114,0.00102850309787815,0.000205565807544039
constant_head,53,pump_1,obs_downstream,0.000902866456899274,0.0011212548615268,0.000218388404627529
constant_head,54,pump_1,obs_downstream,0.000987365598653478,0.00121877287839303,0.00023140727973955
constant_head,55,pump_1,obs_downstream,0.00107647883121268,0.00132107841248715,0.000244599581274475
constant_head,56,pump_1,obs_downstream,0.00117024280177368,0.00142818568129293,0.000257942879519243
constant_head,57,pump_1,obs_downstream,0.00126868701279804,0.00154010224514641,0.000271415232348368
constant_head,58,pump_1,obs_downstream,0.00137183415307647,0.00165682939374355,0.00028499524066708
constant_head,59,pump_1,obs_downstream,0.00147970043264208,0.00177836252719853,0.000298662094556454
constant_head,60,pump_1,obs_downstream,0.00159229591850833,0.00190469152952728,0.000312395611018945
constant_head,61,pump_1,obs_downstream,0.00170962486866599,0.00203580113283012,0.000326176264164137
constant_head,62,pump_1,obs_downstream,0.00183168606218238,0.00217167127079871,0.000339985208616331
constant_head,63,pump_1,obs_downstream,0.00195847312361126,0.00231227742047841,0.000353804296867147
constant_head,64,pump_1,obs_downstream,0.00208997484024387,0.00245759093148431,0.000367616091240437
constant_head,65,pump_1,obs_downstream,0.00222617547101578,0.00260757934209792,0.000381403871082139
constant_head,66,pump_1,obs_downstream,0.00236705504613284,0.00276220668186912,0.000395151635736277
constant_head,67,pump_1,obs_downstream,0.00251258965669517,0.00292143376050136,0.000408844103806188
constant_head,68,pump_1,obs_downstream,0.00266275173375917,0.00308521844265974,0.000422466708900563
constant_head,69,pump_1,obs_downstream,0.00281751031606663,0.00325351590594381,0.000436005589877185
constant_head,70,pump_1,obs_downstream,0.00297683130340302,0.00342627886826954,0.000449447564866519
constant_head,71,pump_1,obs_downstream,0.00314067768437541,0.00360345774512758,0.000462780060752169
constant_head,72,pump_1,obs_downstream,0.00330900971110773,0.00378500066670946,0.000475990955601734
constant_head,73,pump_1,obs_downstream,0.00348178497516927,0.00397085327699173,0.000489068301822464
constant_head,74,pump_1,obs_downstream,0.00365895833241791,0.00416095826906458,0.000501999936646669
constant_head,75,pump_1,obs_downstream,0.00384048163889907,0.00435525467234802,0.000514773033448955
constant_head,76,pump_1,obs_downstream,0.00402630329289822,0.00455367696938034,0.000527373676482119
constant_head,77,pump_1,obs_downstream,0.00421636761743661,0.00475615415856755,0.000539786541130933
constant_head,78,pump_1,obs_downstream,0.00441061414943322,0.00496260888638709,0.000551994736953873
constant_head,79,pump_1,obs_downstream,0.00460897691820993,0.00517295675348487,0.000563979835274944
constant_head,80,pump_1,obs_downstream,0.00481138379564347,0.00538710586543659,0.000575722069793115
constant_head,81,pump_1,obs_downstream,0.00501775598667965,0.00560495666185849,0.000587200675178848
constant_head,82,pump_1,obs_downstream,0.00522800770779602,0.00582640202477518,0.000598394316979153
constant_head,83,pump_1,obs_downstream,0.00544204607777069,0.00605132764250109,0.000609281564730392
constant_head,84,pump_1,obs_downstream,0.00565977122380979,0.00627961258957989,0.000619841365770095
constant_head,85,pump_1,obs_downstream,0.00588107658902406,0.00651113007556149,0.000630053486537433
constant_head,86,pump_1,obs_downstream,0.00610584941528477,0.00674574831380305,0.000639898898518287
constant_head,87,pump_1,obs_downstream,0.00633397136847315,0.00698333146414927,0.000649360095676117
constant_head,88,pump_1,obs_downstream,0.00656531927032714,0.00722374060860149,0.000658421338274353
constant_head,89,pump_1,obs_downstream,0.00679976590150644,0.0074668347256085,0.000667068824102064
constant_head,90,pump_1,obs_downstream,0.00703718084315452,0.00771247163546839,0.000675290792313873
constant_head,91,pump_1,obs_downstream,0.00727743132826188,0.00796050889590745,0.000683077567645575
constant_head,92,pump_1,obs_downstream,0.00752038307882995,0.00821080463284261,0.000690421554012659
constant_head,93,pump_1,obs_downstream,0.00776590110967999,0.00846321829646319,0.000697317186783191
constant_head,94,pump_1,obs_downstream,0.00801385048439086,0.00871761133703884,0.000703760852647986
constant_head,95,pump_1,obs_downstream,0.00826409701306246,0.00897384779829955,0.000709750785237096
constant_head,96,pump_1,obs_downstream,0.0085165078852713,0.00923179482891593,0.000715286943644635
constant_head,97,pump_1,obs_downstream,0.00877095223466812,0.00949132311462556,0.000720370879957442
constant_head,98,pump_1,obs_downstream,0.00902730163417267,0.00975230723498611,0.000725005600813443
constant_head,99,pump_1,obs_downstream,0.00928543052265058,0.0100146259493038,0.000729195426653241
constant_head,100,pump_1,obs_downstream,0.00954521656488939,0.010278162413126,0.000732945848236577
constant_head,101,pump_1,obs_downstream,0.0098065409441611,0.0105428043103564,0.000736263366195344
constant_head,102,pump_1,obs_downstream,0.0100692885749558,0.010808443847355,0.000739155272399136
constant_head,103,pump_1,obs_downstream,0.0103333481993321,0.0110749775094819,0.000741629310149761
constant_head,104,pump_1,obs_downstream,0.010598612303154,0.0113423054684105,0.000743693165256541
constant_head,105,pump_1,obs_downstream,0.0108649767784759,0.0116103305764634,0.000745353797987547
constant_head,106,pump_1,obs_downstream,0.0111323402798568,0.0118789569758639,0.000746616696007153
constant_head,107,pump_1,obs_downstream,0.0114006032715655,0.0121480884434324,0.000747485171866938
constant_head,108,pump_1,obs_downstream,0.011669666821125,0.0124176266488896,0.000747959827764544
constant_head,109,pump_1,obs_downstream,0.0119394312422044,0.0126874695151635,0.000748038272959032
constant_head,110,pump_1,obs_downstream,0.0122097947141983,0.0129575098401179,0.000747715125919523
constant_head,111,pump_1,obs_downstream,0.0124806520049188,0.013227634288234,0.000746982283315198
constant_head,112,pump_1,obs_downstream,0.0127518934020982,0.0134977228047988,0.000745829402700579
constant_head,113,pump_1,obs_downstream,0.0130234039273746,0.0137676484556586,0.000744244528283958
constant_head,114,pump_1,obs_downstream,0.0132950628712786,0.0140372776583291,0.00074221478705047
constant_head,115,pump_1,obs_downstream,0.0135667436554895,0.0143064707464119,0.000739727090922343
constant_head,116,pump_1,obs_downstream,0.0138383140027723,0.0145750827973881,0.000736768794615865
constant_head,117,pump_1,obs_downstream,0.0141096363768207,0.0148429646512551,0.000733328274434323
constant_head,118,pump_1,obs_downstream,0.0143805686434921,0.0151099640512905,0.0007293954077984
constant_head,119,pump_1,obs_downstream,0.0146509649005053,0.0153759268459497,0.000724961945444339
constant_head,120,pump_1,obs_downstream,0.0149206764231281,0.0156406982005422,0.000720021777414112
constant_head,121,pump_1,obs_downstream,0.0151895526772127,0.0159041237775042,0.000714571100291517
constant_head,122,pump_1,obs_downstream,0.0154574423568432,0.0161660508538396,0.000708608496996456
constant_head,123,pump_1,obs_downstream,0.0157241944107855,0.0164263293531324,0.000702134942346885
constant_head,124,pump_1,obs_downstream,0.0159896590290987,0.0166848127771519,0.000695153748053238
constant_head,125,pump_1,obs_downstream,0.0162536885681386,0.0169413590284216,0.000687670460283084
constant_head,126,pump_1,obs_downstream,0.0165161383984349,0.0171958311202327,0.000679692721797839
constant_head,127,pump_1,obs_downstream,0.0167768676653637,0.017448097774569,0.000671230109205341
constant_head,128,pump_1,obs_downstream,0.0170357399571144,0.0176980339114088,0.000662293954294405
constant_head,129,pump_1,obs_downstream,0.0172926238781681,0.0179455210350289,0.000652897156860805
constant_head,130,pump_1,obs_downstream,0.0175473935294262,0.0181904475244073,0.00064305399498106
constant_head,131,pump_1,obs_downstream,0.0177999288983387,0.0184327088357295,0.000632779937390755
constant_head,132,pump_1,obs_downstream,0.0180501161639791,0.0186722076254747,0.000622091461495632
constant_head,133,pump_1,obs_downstream,0.018297847923097,0.0189088538026872,0.000611005879590194
constant_head,134,pump_1,obs_downstream,0.018543023343843,0.0191425645189123,0.000599541175069284
constant_head,135,pump_1,obs_downstream,0.0187855482541877,0.0193732641039666,0.000587715849778889
constant_head,136,pump_1,obs_downstream,0.0190253351721252,0.0196008839552692,0.000575548783143962
constant_head,137,pump_1,obs_downstream,0.0192623032846263,0.0198253623879413,0.00056305910331501
constant_head,138,pump_1,obs_downstream,0.0194963783820294,0.0200466444523028,0.000550266070273347
constant_head,139,pump_1,obs_downstream,0.0197274927541945,0.0202646817248049,0.00053718897061044
constant_head,140,pump_1,obs_downstream,0.0199555850543044,0.0204794320778399,0.000523847023535563
constant_head,141,pump_1,obs_downstream,0.0201806001357307,0.0206908594332853,0.000510259297554504
constant_head,142,pump_1,obs_downstream,0.0204024888668942,0.0208989335040851,0.000496444637190924
constant_head,143,pump_1,obs_downstream,0.0206212079285623,0.0211036295276436,0.000482421599081254
constant_head,144,pump_1,obs_downstream,0.0208367195975567,0.0213049279943135,0.000468208396756813
constant_head,145,pump_1,obs_downstream,0.0210489915203879,0.0215028143738154,0.000453822853427443
constant_head,146,pump_1,obs_downstream,0.0212579964799104,0.0216972788420054,0.000439282362095034
constant_head,147,pump_1,obs_downstream,0.0214637121576942,0.0218883160100417,0.000424603852347518
constant_head,148,pump_1,obs_downstream,0.0216661208944448,0.0220759246576586,0.000409803763213774
constant_head,149,pump_1,obs_downstream,0.0218652094504705,0.0222601074719634,0.000394898021492909
constant_head,150,pump_1,obs_downstream,0.0220609687678927,0.0224408707929005,0.000379902025007837
constant_head,151,pump_1,obs_downstream,0.022253393736029,0.0226182243662979,0.000364830630268875
constant_head,152,pump_1,obs_downstream,0.022442482961131,0.022792181105202,0.000349698144070966
constant_head,153,pump_1,obs_downstream,0.0226282385414484,0.0229627568600326,0.000334518318584272
constant_head,154,pump_1,obs_downstream,0.0228106658483999,0.0231299701979327,0.000319304349532808
constant_head,155,pump_1,obs_downstream,0.0229897733144664,0.0232938421915561,0.000304068877089728
constant_head,156,pump_1,obs_downstream,0.0231655722282737,0.0234543962174241,0.00028882398915038
constant_head,157,pump_1,obs_downstream,0.0233380765372116,0.0236116577638849,0.000273581226673331
constant_head,158,pump_1,obs_downstream,0.0235073026578216,0.023765654248631,0.000258351590809374
constant_head,159,pump_1,obs_downstream,0.0236732692940972,0.0239164148456608,0.000243145551563597
constant_head,160,pump_1,obs_downstream,0.0238359972637585,0.0240639703215197,0.000227973057761188
constant_head,161,pump_1,obs_downstream,0.0239955093324976,0.0242083528806069,0.00021284354810935
constant_head,162,pump_1,obs_downstream,0.0241518300561331,0.0243495960193029,0.000197765963169751
constant_head,163,pump_1,obs_downstream,0.0243049856305684,0.0244877343886424,0.00018274875807401
constant_head,164,pump_1,obs_downstream,0.024455003749406,0.0246228036652393,0.000167799915833378
constant_head,165,pump_1,obs_downstream,0.024601913469044,0.0247548404301533,0.000152926961109301
constant_head,166,pump_1,obs_downstream,0.0247457450810517,0.0248838820553782,0.000138136974326575
constant_head,167,pump_1,obs_downstream,0.0248865299916041,0.0250099665976285,0.000123436606024367
constant_head,168,pump_1,obs_downstream,0.0250243006077427,0.0251331326990948,0.00010883209135211
constant_head,169,pump_1,obs_downstream,0.0251590902302146,0.0252534194948438,9.43292646292428e-05
constant_head,170,pump_1,obs_downstream,0.0252909329526402,0.0253708665265371,7.99335738969238e-05
constant_head,171,pump_1,obs_downstream,0.0254198635667524,0.0254855136621523,6.56500953998621e-05
constant_head,172,pump_1,obs_downstream,0.0255459174734512,0.025597401021395,5.14835479437821e-05
constant_head,173,pump_1,obs_downstream,0.025669130599415,0.0257065689064972,3.74383070821972e-05
constant_head,174,pump_1,obs_downstream,0.0257895393190164,0.0258130577381091,2.35184190926427e-05
constant_head,175,pump_1,obs_downstream,0.0259071803812911,0.0259169079959991,9.72761470802511e-06
constant_head,176,pump_1,obs_downstream,0.0260220908417134,0.0260181601642887,-3.93067742469888e-06
constant_head,177,pump_1,obs_downstream,0.0261343079985408,0.0261168546809578,-1.74533175829848e-05
constant_head,178,pump_1,obs_downstream,0.0262438693334922,0.0262130318913693,-3.08374421228337e-05
constant_head,179,pump_1,obs_downstream,0.0263508124565355,0.0263067320055706,-4.40804509648368e-05
constant_head,180,pump_1,obs_downstream,0.0264551750545658,0.0263979950591421,-5.7179995423734e-05
constant_head,181,pump_1,obs_downstream,0.0265569948437638,0.0264868608773731,-7.01339663906446e-05
constant_head,182,pump_1,obs_downstream,0.0266563095254312,0.0265733690425569,-8.2940482874324e-05
constant_head,183,pump_1,obs_downstream,0.0267531567451111,0.0266575588642054,-9.55978809056568e-05
constant_head,184,pump_1,obs_downstream,0.0268475740548047,0.0267394693519977,-0.000108104702807019
constant_head,185,pump_1,obs_downstream,0.0269395988781084,0.0268191391912818,-0.000120459686826647
constant_head,186,pump_1,obs_downstream,0.0270292684781009,0.0268966067209641,-0.000132661757136759
constant_head,187,pump_1,obs_downstream,0.0271166199278177,0.0269719099136253,-0.000144710014192383
constant_head,188,pump_1,obs_downstream,0.0272016900831601,0.0270450863577132,-0.000156603725446881
constant_head,189,pump_1,obs_downstream,0.0272845155580909,0.0271161732416717,-0.000168342316419219
constant_head,190,pump_1,obs_downstream,0.0273651327019784,0.0271852073398715,-0.000179925362106943
constant_head,191,pump_1,obs_downstream,0.0274435775789559,0.0272522250002173,-0.000191352578738518
constant_head,192,pump_1,obs_downstream,0.0275198859491709,0.0273172621333136,-0.000202623815857238
constant_head,193,pump_1,obs_downstream,0.0275940932518074,0.0273803542030775,-0.000213739048729868
constant_head,194,pump_1,obs_downstream,0.0276662345897657,0.0274415362186948,-0.000224698371070864
constant_head,195,pump_1,obs_downstream,0.0277363447158959,0.0275008427278211,-0.000235501988074809
constant_head,196,pump_1,obs_downstream,0.0278044580206835,0.0275583078109359,-0.000246150209747616
constant_head,197,pump_1,obs_downstream,0.0278706085212922,0.0276139650767642,-0.000256643444527926
constant_head,198,pump_1,obs_downstream,0.0279348298518744,0.0276678476586841,-0.000266982193190272
constant_head,199,pump_1,obs_downstream,0.0279971552550652,0.0277199882120452,-0.000277167043020016
constant_head,200,pump_1,obs_downstream,0.0280576175745792,0.027770418912327,-0.0002871986622522
constant_head,201,pump_1,obs_downstream,0.0281162492488357,0.0278191714540711,-0.000297077794764553
constant_head,202,pump_1,obs_downstream,0.0281730823055418,0.0278662770505256,-0.00030680525501621
constant_head,203,pump_1,obs_downstream,0.0282281483571658,0.0279117664339426,-0.000316381923223127
constant_head,204,pump_1,obs_downstream,0.0282814785972385,0.0279556698564768,-0.000325808740761688
constant_head,205,pump_1,obs_downstream,0.0283331037974245,0.0279980170916326,-0.00033508670579192
constant_head,206,pump_1,obs_downstream,0.0283830543053061,0.0280388374362142,-0.000344216869091963
constant_head,207,pump_1,obs_downstream,0.0284313600428291,0.0280781597127336,-0.000353200330095428
constant_head,208,pump_1,obs_downstream,0.0284780505053612,0.0281160122722371,-0.000362038233124168
constant_head,209,pump_1,obs_downstream,0.0285231547613173,0.0281524229975093,-0.000370731763807943
constant_head,210,pump_1,obs_downstream,0.0285667014523068,0.0281874193066229,-0.000379282145683977
constant_head,211,pump_1,obs_downstream,0.0286087187937658,0.0282210281567972,-0.000387690636968592
constant_head,212,pump_1,obs_downstream,0.0286492345760322,0.028253276048538,-0.000395958527494192
constant_head,213,pump_1,obs_downstream,0.0286882761658318,0.0282841890300275,-0.000404087135804251
constant_head,214,pump_1,obs_downstream,0.0287258705081388,0.0283137927017394,-0.000412077806399447
constant_head,215,pump_1,obs_downstream,0.0287620441283825,0.0283421122212532,-0.000419931907129283
constant_head,216,pump_1,obs_downstream,0.0287968231349679,0.0283691723082463,-0.000427650826721627
constant_head,217,pump_1,obs_downstream,0.0288302332220856,0.0283949972496403,-0.000435235972445307
constant_head,218,pump_1,obs_downstream,0.0288622996727829,0.0284196109048841,-0.000442688767898755
constant_head,219,pump_1,obs_downstream,0.0288930473622744,0.0284430367113542,-0.000450010650920183
constant_head,220,pump_1,obs_downstream,0.0289225007614681,0.0284652976898551,-0.000457203071612951
constant_head,221,pump_1,obs_downstream,0.028950683940686,0.0284864164502049,-0.000464267490481101
constant_head,222,pump_1,obs_downstream,0.0289776205735618,0.0285064151968913,-0.000471205376670482
constant_head,223,pump_1,obs_downstream,0.0290033339410938,0.028525315734784,-0.000478018206309803
constant_head,224,pump_1,obs_downstream,0.0290278469358401,0.0285431394748925,-0.000484707460947576
constant_head,225,pump_1,obs_downstream,0.0290511820662365,0.0285599074401561,-0.000491274626080385
constant_head,226,pump_1,obs_downstream,0.0290733614610253,0.0285756402712575,-0.000497721189767857
constant_head,227,pump_1,obs_downstream,0.0290944068737794,0.0285903582324488,-0.000504048641330596
constant_head,228,pump_1,obs_downstream,0.0291143396875088,0.028604081217382,-0.000510258470126753
constant_head,229,pump_1,obs_downstream,0.0291331809193395,0.0286168287549356,-0.000516352164403867
constant_head,230,pump_1,obs_downstream,0.0291509512252513,0.0286286200150294,-0.000522331210221969
constant_head,231,pump_1,obs_downstream,0.0291676709048662,0.0286394738144213,-0.000528197090444816
constant_head,232,pump_1,obs_downstream,0.0291833599062757,0.0286494086224802,-0.000533951283795471
constant_head,233,pump_1,obs_downstream,0.0291980378309008,0.0286584425669273,-0.000539595263973503
constant_head,234,pump_1,obs_downstream,0.0292117239383747,0.0286665934395441,-0.000545130498830579
constant_head,235,pump_1,obs_downstream,0.0292244371514401,0.0286738787018384,-0.000550558449601661
constant_head,236,pump_1,obs_downstream,0.0292361960608563,0.0286803154906679,-0.000555880570188381
constant_head,237,pump_1,obs_downstream,0.0292470189303074,0.0286859206238144,-0.000561098306493063
constant_head,238,pump_1,obs_downstream,0.0292569237013072,0.028690710605507,-0.000566213095800128
constant_head,239,pump_1,obs_downstream,0.0292659279980934,0.0286947016318914,-0.000571226366202007
constant_head,240,pump_1,obs_downstream,0.0292740491325092,0.0286979095964405,-0.000576139536068651
constant_head,241,pump_1,obs_downstream,0.0292813041088636,0.0287003500953066,-0.000580954013557095
constant_head,242,pump_1,obs_downstream,0.0292877096287698,0.0287020384326105,-0.00058567119615938
constant_head,243,pump_1,obs_downstream,0.029293282095955,0.0287029896256678,-0.000590292470287138
constant_head,244,pump_1,obs_downstream,0.0292980376210401,0.0287032184101494,-0.000594819210890728
constant_head,245,pump_1,obs_downstream,0.0293019920262848,0.0287027392451741,-0.00059925278111066
constant_head,246,pump_1,obs_downstream,0.0293051608502956,0.0287015663183351,-0.000603594531960513
constant_head,247,pump_1,obs_downstream,0.0293075593526937,0.0286997135506552,-0.000607845802038515
constant_head,248,pump_1,obs_downstream,0.0293092025187408,0.0286971946014735,-0.000612007917267243
constant_head,249,pump_1,obs_downstream,0.0293101050639204,0.0286940228732612,-0.000616082190659242
constant_head,250,pump_1,obs_downstream,0.0293102814384728,0.0286902115163653,-0.000620069922107561
constant_head,251,pump_1,obs_downstream,0.0293097458318814,0.0286857734336819,-0.000623972398199509
constant_head,252,pump_1,obs_downstream,0.0293085121773095,0.0286807212852571,-0.000627790892052414
constant_head,253,pump_1,obs_downstream,0.0293065941559864,0.028675067492816,-0.000631526663170422
constant_head,254,pump_1,obs_downstream,0.0293040052015404,0.0286688242442197,-0.000635180957320718
constant_head,255,pump_1,obs_downstream,0.0293007585042786,0.0286620034978504,-0.000638755006428227
constant_head,256,pump_1,obs_downstream,0.0292968670154129,0.0286546169869249,-0.000642250028488042
constant_head,257,pump_1,obs_downstream,0.0292923434512305,0.0286466762237366,-0.000645667227493919
constant_head,258,pump_1,obs_downstream,0.0292872002972082,0.0286381925038258,-0.000649007793382412
constant_head,259,pump_1,obs_downstream,0.0292814498120718,0.0286291769100804,-0.000652272901991449
constant_head,260,pump_1,obs_downstream,0.0292751040317974,0.0286196403167646,-0.000655463715032736
constant_head,261,pump_1,obs_downstream,0.0292681747735566,0.0286095933934798,-0.000658581380076781
constant_head,262,pump_1,obs_downstream,0.0292606736396043,0.0285990466090543,-0.000661627030549932
constant_head,263,pump_1,obs_downstream,0.0292526120211091,0.0285880102353661,-0.000664601785742975
constant_head,264,pump_1,obs_downstream,0.0292440011019265,0.0285764943510965,-0.000667506750830021
constant_head,265,pump_1,obs_downstream,0.0292348518623143,0.0285645088454169,-0.000670343016897442
constant_head,266,pump_1,obs_downstream,0.0292251750825915,0.0285520634216095,-0.000673111660981988
constant_head,267,pump_1,obs_downstream,0.0292149813467389,0.0285391676006215,-0.000675813746117391
constant_head,268,pump_1,obs_downstream,0.0292042810459445,0.0285258307245548,-0.000678450321389697
constant_head,269,pump_1,obs_downstream,0.0291930843820903,0.0285120619600913,-0.00068102242199895
constant_head,270,pump_1,obs_downstream,0.0291814013711841,0.028497870301855,-0.00068353106932913
constant_head,271,pump_1,obs_downstream,0.029169241846735,0.0284832645757114,-0.000685977271023638
constant_head,272,pump_1,obs_downstream,0.0291566154630728,0.0284682534420055,-0.000688362021067312
constant_head,273,pump_1,obs_downstream,0.029143531698613,0.028452845398739,-0.000690686299874
constant_head,274,pump_1,obs_downstream,0.0291299998590662,0.0284370487846873,-0.00069295107437892
constant_head,275,pump_1,obs_downstream,0.0291160290805943,0.0284208717824581,-0.000695157298136295
constant_head,276,pump_1,obs_downstream,0.0291016283329121,0.028404322421491,-0.000697305911421135
constant_head,277,pump_1,obs_downstream,0.0290868064223358,0.0283874085810009,-0.000699397841334888
constant_head,278,pump_1,obs_downstream,0.0290715719947799,0.0283701379928646,-0.000701434001915295
constant_head,279,pump_1,obs_downstream,0.0290559335387006,0.0283525182444517,-0.000703415294248912
constant_head,280,pump_1,obs_downstream,0.029039899387989,0.0283345567814015,-0.000705342606587431
constant_head,281,pump_1,obs_downstream,0.0290234777248128,0.0283162609103465,-0.0007072168144663
constant_head,282,pump_1,obs_downstream,0.0290066765824084,0.0282976378015824,-0.000709038780826021
constant_head,283,pump_1,obs_downstream,0.0289895038478224,0.0282786944916867,-0.000710809356135742
constant_head,284,pump_1,obs_downstream,0.028971967264606,0.0282594378860871,-0.000712529378518865
constant_head,285,pump_1,obs_downstream,0.028954074435459,0.0282398747615786,-0.000714199673880353
constant_head,286,pump_1,obs_downstream,0.0289358328248282,0.0282200117687925,-0.000715821056035779
constant_head,287,pump_1,obs_downstream,0.0289172497614581,0.0281998554346164,-0.000717394326841696
constant_head,288,pump_1,obs_downstream,0.0288983324408947,0.0281794121645677,-0.000718920276327022
constant_head,289,pump_1,obs_downstream,0.028879087927945,0.0281586882451193,-0.000720399682825751
constant_head,290,pump_1,obs_downstream,0.0288595231590912,0.0281376898459809,-0.000721833313110227
constant_head,291,pump_1,obs_downstream,0.0288396449448601,0.0281164230223348,-0.000723221922525299
constant_head,292,pump_1,obs_downstream,0.0288194599721502,0.0280948937170274,-0.000724566255122822
constant_head,293,pump_1,obs_downstream,0.0287989748065149,0.0280731077627181,-0.000725867043796753
constant_head,294,pump_1,obs_downstream,0.028778195894404,0.0280510708839857,-0.000727125010418262
constant_head,295,pump_1,obs_downstream,0.0287571295653641,0.0280287886993929,-0.000728340865971264
constant_head,296,pump_1,obs_downstream,0.0287357820341978,0.02800626672351,-0.000729515310687771
constant_head,297,pump_1,obs_downstream,0.0287141594030823,0.0279835103688992,-0.000730649034183101
constant_head,298,pump_1,obs_downstream,0.0286922676636501,0.027960524948059,-0.000731742715591097
constant_head,299,pump_1,obs_downstream,0.0286701126990292,0.0279373156753302,-0.000732797023698935
constant_head,300,pump_1,obs_downstream,0.0286477002858459,0.0279138876687645,-0.000733812617081463
constant_head,301,pump_1,obs_downstream,0.0286250360961909,0.0278902459519555,-0.000734790144235432
constant_head,302,pump_1,obs_downstream,0.0286021256995471,0.0278663954558344,-0.000735730243712721
constant_head,303,pump_1,obs_downstream,0.0285789745646818,0.0278423410204287,-0.000736633544253094
constant_head,304,pump_1,obs_downstream,0.0285555880615043,0.0278180873965875,-0.000737500664916766
constant_head,305,pump_1,obs_downstream,0.0285319714628868,0.0277936392476715,-0.000738332215215274
constant_head,306,pump_1,obs_downstream,0.0285081299464526,0.02776900115121,-0.00073912879524261
constant_head,307,pump_1,obs_downstream,0.0284840685963293,0.0277441776005249,-0.000739890995804418
constant_head,308,pump_1,obs_downstream,0.0284597924048703,0.0277191730063228,-0.000740619398547457
constant_head,309,pump_1,obs_downstream,0.0284353062743421,0.027693991698255,-0.000741314576087022
constant_head,310,pump_1,obs_downstream,0.028410615018581,0.027668637926447,-0.000741977092133989
constant_head,311,pump_1,obs_downstream,0.0283857233646184,0.0276431158629974,-0.000742607501620956
constant_head,312,pump_1,obs_downstream,0.0283606359542742,0.0276174296034477,-0.000743206350826593
constant_head,313,pump_1,obs_downstream,0.0283353573457218,0.027591583168222,-0.000743774177499778
constant_head,314,pump_1,obs_downstream,0.0283098920150214,0.0275655805040394,-0.000744311510982015
constant_head,315,pump_1,obs_downstream,0.0282842443576261,0.0275394254852973,-0.000744818872328811
constant_head,316,pump_1,obs_downstream,0.0282584186898581,0.027513121915428,-0.000745296774430065
constant_head,317,pump_1,obs_downstream,0.0282324192503576,0.0274866735282286,-0.000745745722128922
constant_head,318,pump_1,obs_downstream,0.028206250201504,0.0274600839891641,-0.000746166212339947
constant_head,319,pump_1,obs_downstream,0.0281799156308104,0.027433356896645,-0.000746558734165396
constant_head,320,pump_1,obs_downstream,0.0281534195522908,0.02740649578328,-0.00074692376901081
constant_head,321,pump_1,obs_downstream,0.0281267659078024,0.0273795041171035,-0.000747261790698901
constant_head,322,pump_1,obs_downstream,0.0280999585683617,0.0273523853027791,-0.000747573265582582
constant_head,323,pump_1,obs_downstream,0.0280730013354359,0.0273251426827797,-0.000747858652656228
constant_head,324,pump_1,obs_downstream,0.0280458979422097,0.0272977795385435,-0.000748118403666242
constant_head,325,pump_1,obs_downstream,0.0280186520548281,0.0272702990916085,-0.000748352963219592
constant_head,326,pump_1,obs_downstream,0.0279912672736157,0.0272427045047238,-0.00074856276889192
constant_head,327,pump_1,obs_downstream,0.0279637471342724,0.027214998882939,-0.000748748251333423
constant_head,328,pump_1,obs_downstream,0.0279360951090473,0.0271871852746731,-0.000748909834374169
constant_head,329,pump_1,obs_downstream,0.0279083146078891,0.0271592666727615,-0.000749047935127613
constant_head,330,pump_1,obs_downstream,0.0278804089795764,0.0271312460154831,-0.000749162964093251
constant_head,331,pump_1,obs_downstream,0.0278523815128242,0.0271031261875669,-0.000749255325257266
constant_head,332,pump_1,obs_downstream,0.0278242354373721,0.0270749100211793,-0.000749325416192759
constant_head,333,pump_1,obs_downstream,0.0277959739250497,0.0270466002968917,-0.000749373628158072
constant_head,334,pump_1,obs_downstream,0.0277676000908233,0.0270181997446295,-0.00074940034619388
constant_head,335,pump_1,obs_downstream,0.0277391169938216,0.0269897110446026,-0.000749405949219011
constant_head,336,pump_1,obs_downstream,0.0277105276383432,0.0269611368282178,-0.000749390810125393
constant_head,337,pump_1,obs_downstream,0.027681834974844,0.0269324796789729,-0.000749355295871033
constant_head,338,pump_1,obs_downstream,0.0276530419009065,0.0269037421333344,-0.00074929976757206
constant_head,339,pump_1,obs_downstream,0.0276241512621909,0.0268749266815972,-0.000749224580593726
constant_head,340,pump_1,obs_downstream,0.0275951658533678,0.0268460357687282,-0.000749130084639574
constant_head,341,pump_1,obs_downstream,0.0275660884190336,0.0268170717951936,-0.000749016623840002
constant_head,342,pump_1,obs_downstream,0.0275369216546086,0.0267880371177694,-0.000748884536839113
constant_head,343,pump_1,obs_downstream,0.0275076682072181,0.0267589340503376,-0.000748734156880555
constant_head,344,pump_1,obs_downstream,0.0274783306765572,0.0267297648646653,-0.000748565811891828
constant_head,345,pump_1,obs_downstream,0.0274489116157388,0.0267005317911707,-0.000748379824568088
constant_head,346,pump_1,obs_downstream,0.0274194135321261,0.0266712370196723,-0.000748176512453767
constant_head,347,pump_1,obs_downstream,0.0273898388881494,0.0266418827001256,-0.000747956188023778
constant_head,348,pump_1,obs_downstream,0.0273601901021075,0.0266124709433442,-0.000747719158763333
constant_head,349,pump_1,obs_downstream,0.027330469548954,0.0265830038217077,-0.000747465727246311
constant_head,350,pump_1,obs_downstream,0.0273006795610688,0.026553483369856,-0.000747196191212867
constant_head,351,pump_1,obs_downstream,0.0272708224290156,0.0265239115853701,-0.000746910843645521
constant_head,352,pump_1,obs_downstream,0.0272409004022847,0.0264942904294402,-0.000746609972844564
constant_head,353,pump_1,obs_downstream,0.0272109156900222,0.0264646218275204,-0.000746293862501832
constant_head,354,pump_1,obs_downstream,0.0271808704617453,0.0264349076699716,-0.000745962791773636
constant_head,355,pump_1,obs_downstream,0.0271507668480448,0.0264051498126921,-0.000745617035352725
constant_head,356,pump_1,obs_downstream,0.0271206069412741,0.0263753500777351,-0.000745256863538934
constant_head,357,pump_1,obs_downstream,0.0270903927962251,0.0263455102539163,-0.000744882542308742
constant_head,358,pump_1,obs_downstream,0.0270601264307921,0.0263156320974081,-0.00074449433338402
constant_head,359,pump_1,obs_downstream,0.0270298098266235,0.026285717332324,-0.000744092494299499
constant_head,360,pump_1,obs_downstream,0.02699944492976,0.0262557676512907,-0.000743677278469242
constant_head,361,pump_1,obs_downstream,0.0269690336512627,0.0262257847160107,-0.000743248935252069
constant_head,362,pump_1,obs_downstream,0.026938577867829,0.0261957701578127,-0.000742807710016304
constant_head,363,pump_1,obs_downstream,0.026908079422396,0.0261657255781931,-0.000742353844202882
constant_head,364,pump_1,obs_downstream,0.0268775401247345,0.0261356525493463,-0.000741887575388196
constant_head,365,pump_1,obs_downstream,0.0268469617520309,0.0261055526146855,-0.000741409137345338
constant_head,366,pump_1,obs_downstream,0.0268163460494582,0.0260754272893533,-0.000740918760104868
constant_head,1,pump_2,obs_near,0,0,0
constant_head,2,pump_2,obs_near,0,0,0
constant_head,3,pump_2,obs_near,0,0,0
constant_head,4,pump_2,obs_near,0,0,0
constant_head,5,pump_2,obs_near,0,0,0
constant_head,6,pump_2,obs_near,0,0,0
constant_head,7,pump_2,obs_near,0,0,0
constant_head,8,pump_2,obs_near,0,0,0
constant_head,9,pump_2,obs_near,0,0,0
constant_head,10,pump_2,obs_near,0,0,0
constant_head,11,pump_2,obs_near,0,0,0
constant_head,12,pump_2,obs_near,0,0,0
constant_head,13,pump_2,obs_near,0,0,0
constant_head,14,pump_2,obs_near,0,0,0
constant_head,15,pump_2,obs_near,0,0,0
constant_head,16,pump_2,obs_near,0,0,0
constant_head,17,pump_2,obs_near,0,0,0
constant_head,18,pump_2,obs_near,0,0,0
constant_head,19,pump_2,obs_near,0,0,0
constant_head,20,pump_2,obs_near,0,0,0
constant_head,21,pump_2,obs_near,0,0,0
constant_head,22,pump_2,obs_near,0,0,0
constant_head,23,pump_2,obs_near,0,0,0
constant_head,24,pump_2,obs_near,0,0,0
constant_head,25,pump_2,obs_near,0,0,0
constant_head,26,pump_2,obs_near,0,0,0
constant_head,27,pump_2,obs_near,0,0,0
constant_head,28,pump_2,obs_near,0,0,0
constant_head,29,pump_2,obs_near,0,0,0
constant_head,30,pump_2,obs_near,0,0,0
constant_head,31,pump_2,obs_near,0,0,0
constant_head,32,pump_2,obs_near,0,0,0
constant_head,33,pump_2,obs_near,4.26925975870483e-216,3.84438242100937e-78,3.84438242100937e-78
constant_head,34,pump_2,obs_near,8.6097912367631e-110,4.73674618771521e-62,4.73674618771521e-62
constant_head,35,pump_2,obs_near,2.78636586697157e-74,-4.95612198004683e-52,-4.95612198004683e-52
constant_head,36,pump_2,obs_near,1.72393569981684e-56,-5.67999278112889e-43,-5.67999278112906e-43
constant_head,37,pump_2,obs_near,8.57065983799093e-46,-3.1964370093749e-37,-3.19643701794556e-37
constant_head,38,pump_2,obs_near,1.19756929786569e-38,-4.52514008727778e-32,-4.52514128484707e-32
constant_head,39,pump_2,obs_near,1.55676965146118e-33,-9.105198567979e-29,-9.10535424494415e-29
constant_head,40,pump_2,obs_near,1.0845256873915e-29,-6.11597507682492e-26,-6.11705960251231e-26
constant_head,41,pump_2,obs_near,1.07180356705668e-26,-1.58869384034066e-23,-1.58976564390772e-23
constant_head,42,pump_2,obs_near,2.69579204206275e-24,-1.32088611527021e-21,-1.32358190731228e-21
constant_head,43,pump_2,obs_near,2.50378151980615e-22,-5.28089659192914e-20,-5.3059344071272e-20
constant_head,44,pump_2,obs_near,1.10073095723465e-20,-1.18346318572665e-18,-1.194470495299e-18
constant_head,45,pump_2,obs_near,2.72049077091309e-19,-1.60494076872756e-17,-1.63214567643669e-17
constant_head,46,pump_2,obs_near,4.27457478366219e-18,-1.42027110840868e-16,-1.4630168562453e-16
constant_head,47,pump_2,obs_near,4.6730836013267e-17,-8.72768705849323e-16,-9.1949954186259e-16
constant_head,48,pump_2,obs_near,3.80354151196565e-16,-3.87346285908477e-15,-4.25381701028133e-15
constant_head,49,pump_2,obs_near,2.42745536910238e-15,-1.24035936672681e-14,-1.48310490363705e-14
constant_head,50,pump_2,obs_near,1.26476021480915e-14,-2.55798691406783e-14,-3.82274712887698e-14
constant_head,51,pump_2,obs_near,5.55387709720942e-14,-6.63372623108311e-15,-6.21724972031773e-14
constant_head,52,pump_2,obs_near,2.10859303369384e-13,2.24017067550891e-13,1.31577641815072e-14
constant_head,53,pump_2,obs_near,7.065958789222e-13,1.26885764148613e-12,5.62261762563927e-13
constant_head,54,pump_2,obs_near,2.12558308304225e-12,4.77372554082681e-12,2.64814245778457e-12
constant_head,55,pump_2,obs_near,5.82085691224551e-12,1.46325141533567e-11,8.81165724111114e-12
constant_head,56,pump_2,obs_near,1.46812158214463e-11,3.91184080052108e-11,2.44371921837645e-11
constant_head,57,pump_2,obs_near,3.44397780910669e-11,9.42717125790041e-11,5.98319344879372e-11
constant_head,58,pump_2,obs_near,7.57680918952053e-11,2.09248053551416e-10,1.33479961656211e-10
constant_head,59,pump_2,obs_near,1.57439088989559e-10,4.32851717116858e-10,2.754126281273e-10
constant_head,60,pump_2,obs_near,3.10866810260931e-10,8.46911624579381e-10,5.36044814318451e-10
constant_head,61,pump_2,obs_near,5.86334027676939e-10,1.56345577309606e-09,9.77121745419122e-10
constant_head,62,pump_2,obs_near,1.06119788481073e-09,2.80990800361251e-09,1.74871011880178e-09
constant_head,63,pump_2,obs_near,1.85031861299332e-09,4.6346575823172e-09,2.78433896932388e-09
constant_head,64,pump_2,obs_near,3.11889006552612e-09,8.35323586420465e-09,5.23434579867853e-09
constant_head,65,pump_2,obs_near,5.09776813985397e-09,1.0042391932752e-08,4.94462379289806e-09
constant_head,66,pump_2,obs_near,8.1013002970253e-09,3.07333367131064e-08,2.26320364160811e-08
constant_head,67,pump_2,obs_near,1.25475629570869e-08,-2.38602752116728e-08,-3.64078381687598e-08
constant_head,68,pump_2,obs_near,1.89808198827707e-08,2.93140924184369e-07,2.74160104301599e-07
constant_head,69,pump_2,obs_near,2.80959292566074e-08,-1.11763543113362e-06,-1.14573136039023e-06
constant_head,70,pump_2,obs_near,4.07643543099836e-08,5.68333932162806e-06,5.64257496731807e-06
constant_head,71,pump_2,obs_near,5.80613750257206e-08,-2.64805511277289e-05,-2.65386125027546e-05
constant_head,72,pump_2,obs_near,8.12940582079025e-08,0.000126999102044505,0.000126917807986297
constant_head,73,pump_2,obs_near,1.12029520465731e-07,-0.000605657614563461,-0.000605769644083927
constant_head,74,pump_2,obs_near,1.52123012734265e-07,0.00289952293592931,0.00289937081291657
constant_head,75,pump_2,obs_near,2.03745364401031e-07,-0.0138911129895601,-0.0138913167349245
constant_head,76,pump_2,obs_near,2.6940934791617e-07,0.0666319038556757,0.0666316344463277
constant_head,77,pump_2,obs_near,3.51994558597601e-07,-0.319869763184871,-0.319870115179429
constant_head,78,pump_2,obs_near,4.54770446728755e-07,1.53659322161986,1.53659276684942
constant_head,79,pump_2,obs_near,5.81417187534626e-07,-7.38535358646835,-7.38535416788554
constant_head,80,pump_2,obs_near,7.36044126904072e-07,35.5110371002531,35.511036364209
constant_head,81,pump_2,obs_near,9.23205594719688e-07,-170.803173280201,-170.803174203407
constant_head,82,pump_2,obs_near,1.14791393155504e-06,821.747853859089,821.747852711175
constant_head,83,pump_2,obs_near,1.41564962679676e-06,-3954.27772050567,-3954.27772192132
constant_head,84,pump_2,obs_near,1.73236851574483e-06,19031.0515512915,19031.0515495592
constant_head,85,pump_2,obs_near,2.10450602902799e-06,-91603.1892613146,-91603.1892634191
constant_head,86,pump_2,obs_near,2.53897852910169e-06,440959.789105968,440959.789103429
constant_head,87,pump_2,obs_near,3.04318180527036e-06,-2122848.0226741,-2122848.02267714
constant_head,88,pump_2,obs_near,3.62498683039588e-06,10220291.2965541,10220291.2965505
constant_head,89,pump_2,obs_near,4.29273290919466e-06,-49206967.1359482,-49206967.1359524
constant_head,90,pump_2,obs_near,5.05521836989642e-06,236921567.884961,236921567.884956
constant_head,91,pump_2,obs_near,5.92168896825889e-06,-1140759125.22574,-1140759125.22574
constant_head,92,pump_2,obs_near,6.9018241857996e-06,5492778439.1825,5492778439.1825
constant_head,93,pump_2,obs_near,8.00572161297262e-06,-26448252973.3879,-26448252973.3879
constant_head,94,pump_2,obs_near,9.24387961326957e-06,127352399335.095,127352399335.095
constant_head,95,pump_2,obs_near,1.06271784662637e-05,-613227057318.174,-613227057318.174
constant_head,96,pump_2,obs_near,1.21668601868479e-05,2952831039998.41,2952831039998.41
constant_head,97,pump_2,obs_near,1.387450721474e-05,-14218647347203.5,-14218647347203.5
constant_head,98,pump_2,obs_near,1.57620201631225e-05,68466765872869.5,68466765872869.5
constant_head,99,pump_2,obs_near,1.78415948084009e-05,-329687715255675,-329687715255675
constant_head,100,pump_2,obs_near,2.01256984948509e-05,1587547791734205,1587547791734205
constant_head,101,pump_2,obs_near,2.26270461186569e-05,-7644545876186851,-7644545876186851
constant_head,102,pump_2,obs_near,2.53585758458215e-05,36810966435995504,36810966435995504
constant_head,103,pump_2,obs_near,2.83334247078694e-05,-177256938232300608,-177256938232300608
constant_head,104,pump_2,obs_near,3.15649042083931e-05,853551338631031168,853551338631031168
constant_head,105,pump_2,obs_near,3.50664760624872e-05,-4110137435083364352,-4110137435083364352
constant_head,106,pump_2,obs_near,3.88517281801066e-05,19791707520323141632,19791707520323141632
constant_head,107,pump_2,obs_near,4.29343509934476e-05,-95303830504829468672,-95303830504829468672
constant_head,108,pump_2,obs_near,4.73281142174058e-05,4.5892062890393e+20,4.5892062890393e+20
constant_head,109,pump_2,obs_near,5.20468441203954e-05,-2.20986073103464e+21,-2.20986073103464e+21
constant_head,110,pump_2,obs_near,5.71044013689448e-05,1.06412416698802e+22,1.06412416698802e+22
constant_head,111,pump_2,obs_near,6.25146594912731e-05,-5.1241256118156e+22,-5.1241256118156e+22
constant_head,112,pump_2,obs_near,6.82914839797842e-05,2.46744382268673e+23,2.46744382268673e+23
constant_head,113,pump_2,obs_near,7.4448712017739e-05,-1.1881596910906e+24,-1.1881596910906e+24
constant_head,114,pump_2,obs_near,8.1000132770433e-05,5.7214009282173e+24,5.7214009282173e+24
constant_head,115,pump_2,obs_near,8.79594681276218e-05,-2.75505307533698e+25,-2.75505307533698e+25
constant_head,116,pump_2,obs_near,9.53403537259736e-05,1.3266537015168e+26,1.3266537015168e+26
constant_head,117,pump_2,obs_near,0.000103156320024455,-6.38829831437029e+26,-6.38829831437029e+26
constant_head,118,pump_2,obs_near,0.000111420773159253,3.07618756568164e+27,3.07618756568164e+27
constant_head,119,pump_2,obs_near,0.000120146975275132,-1.48129120218958e+28,-1.48129120218958e+28
constant_head,120,pump_2,obs_near,0.000129348024022368,7.13293193450508e+28,7.13293193450508e+28
constant_head,121,pump_2,obs_near,0.000139036830925304,-3.43475465057062e+29,-3.43475465057062e+29
constant_head,122,pump_2,obs_near,0.000149226098369981,1.65395376006007e+30,1.65395376006007e+30
constant_head,123,pump_2,obs_near,0.000159928295021395,-7.96436233018275e+30,-7.96436233018275e+30
constant_head,124,pump_2,obs_near,0.000171155629560747,3.83511734851936e+31,3.83511734851936e+31
constant_head,125,pump_2,obs_near,0.000182920022723465,-1.84674233963092e+32,-1.84674233963092e+32
constant_head,126,pump_2,obs_near,0.00019523307771308,8.89270644751716e+32,8.89270644751716e+32
constant_head,127,pump_2,obs_near,0.000208106049157869,-4.28214734719722e+33,-4.28214734719722e+33
constant_head,128,pump_2,obs_near,0.00022154981086112,2.06200283762104e+34,2.06200283762104e+34
constant_head,129,pump_2,obs_near,0.000235574822667419,-9.92926063058632e+34,-9.92926063058632e+34
constant_head,130,pump_2,obs_near,0.000250191096823727,4.78128424225057e+35,4.78128424225057e+35
constant_head,131,pump_2,obs_near,0.000265408164253444,-2.30235461330387e+36,-2.30235461330387e+36
constant_head,132,pump_2,obs_near,0.000281235041183847,1.10866380229248e+37,1.10866380229248e+37
constant_head,133,pump_2,obs_near,0.000297680196572776,-5.33860170742166e+37,-5.33860170742166e+37
constant_head,134,pump_2,obs_near,0.00031475152077081,2.57072235417522e+38,2.57072235417522e+38
constant_head,135,pump_2,obs_near,0.000332456295832244,-1.23789220208037e+39,-1.23789220208037e+39
constant_head,136,pump_2,obs_near,0.000350801167854397,5.96088139089302e+39,5.96088139089302e+39
constant_head,137,pump_2,obs_near,0.000369792121682571,-2.87037166088502e+40,-2.87037166088502e+40
constant_head,138,pump_2,obs_near,0.000389434458269703,1.38218376309842e+41,1.38218376309842e+41
constant_head,139,pump_2,obs_near,0.000409732774927877,-6.65569543197582e+41,-6.65569543197582e+41
constant_head,140,pump_2,obs_near,0.000430690948655248,3.20494878233138e+42,3.20494878233138e+42
constant_head,141,pump_2,obs_near,0.000452312122668527,-1.54329428123171e+43,-1.54329428123171e+43
constant_head,142,pump_2,obs_near,0.000474598696219437,7.43149859904792e+43,7.43149859904792e+43
constant_head,143,pump_2,obs_near,0.000497552317724626,-3.57852498380255e+44,-3.57852498380255e+44
constant_head,144,pump_2,obs_near,0.000521173881193383,1.72318421240059e+45,1.72318421240059e+45
constant_head,145,pump_2,obs_near,0.000545463525896698,-8.29773116923148e+45,-8.29773116923148e+45
constant_head,146,pump_2,obs_near,0.000570420639185272,3.99564608731724e+46,3.99564608731724e+46
constant_head,147,pump_2,obs_near,0.000596043862332999,-1.92404252791178e+47,-1.92404252791178e+47
constant_head,148,pump_2,obs_near,0.000622331099256456,9.26493380140099e+47,9.26493380140099e+47
constant_head,149,pump_2,obs_near,0.000649279527939781,-4.46138778636257e+48,-4.46138778636257e+48
constant_head,150,pump_2,obs_near,0.000676885614377801,2.14831335085343e+49,2.14831335085343e+49
constant_head,151,pump_2,obs_near,0.000705145128838158,-1.0344875797544e+50,-1.0344875797544e+50
constant_head,152,pump_2,obs_near,0.00073405316423502,4.98141740938768e+50,4.98141740938768e+50
constant_head,153,pump_2,obs_near,0.000763604156402411,-2.39872569685175e+51,-2.39872569685175e+51
constant_head,154,pump_2,obs_near,0.000793791906053906,1.15506983172588e+52,1.15506983172588e+52
constant_head,155,pump_2,obs_near,0.000824609602216853,-5.56206288155285e+52,-5.56206288155285e+52
constant_head,156,pump_2,obs_near,0.00085604984693315,2.67832668198008e+53,2.67832668198008e+53
constant_head,157,pump_2,obs_near,0.00088810468102453,-1.28970742836715e+54,-1.28970742836715e+54
constant_head,158,pump_2,obs_near,0.000920765610727746,6.21038972570976e+54,6.21038972570976e+54
constant_head,159,pump_2,obs_near,0.000954023635014008,-2.99051860111325e+55,-2.99051860111325e+55
constant_head,160,pump_2,obs_near,0.0009878692734168,1.44003869300081e+56,1.44003869300081e+56
constant_head,161,pump_2,obs_near,0.00102229259420293,-6.9342870381784e+56,-6.9342870381784e+56
constant_head,162,pump_2,obs_near,0.00105728324273273,3.33910032852439e+57,3.33910032852439e+57
constant_head,163,pump_2,obs_near,0.00109283046986672,-1.6078929156352e+58,-1.6078929156352e+58
constant_head,164,pump_2,obs_near,0.00112892316028783,7.74256348674635e+58,7.74256348674635e+58
constant_head,165,pump_2,obs_near,0.00116554986061936,-3.72831354386728e+59,-3.72831354386728e+59
constant_head,166,pump_2,obs_near,0.00120269880723065,1.79531261262976e+60,1.79531261262976e+60
constant_head,167,pump_2,obs_near,0.00124035795363315,-8.64505449725823e+60,-8.64505449725823e+60
constant_head,168,pump_2,obs_near,0.00127851499738048,4.16289434702381e+61,4.16289434702381e+61
constant_head,169,pump_2,obs_near,0.00131715740639608,-2.00457838059367e+62,-2.00457838059367e+62
constant_head,170,pump_2,obs_near,0.00135627244466215,9.65274193620075e+62,9.65274193620075e+62
constant_head,171,pump_2,obs_near,0.0013958471972125,-4.64813088820257e+63,-4.64813088820257e+63
constant_head,172,pump_2,obs_near,0.00143586859438082,2.23823664789045e+64,2.23823664789045e+64
constant_head,173,pump_2,obs_near,0.00147632343526384,-1.07778877408955e+65,-1.07778877408955e+65
constant_head,174,pump_2,obs_near,0.00151719841036666,5.18992771692532e+65,5.18992771692532e+65
constant_head,175,pump_2,obs_near,0.00155848012340415,-2.49913066027497e+66,-2.49913066027497e+66
constant_head,176,pump_2,obs_near,0.0016001551122391,1.20341831290249e+67,1.20341831290249e+67
constant_head,177,pump_2,obs_near,0.00164220986894347,-5.79487763024721e+67,-5.79487763024721e+67
constant_head,178,pump_2,obs_near,0.00168463085897445,2.79043507891676e+68,2.79043507891676e+68
constant_head,179,pump_2,obs_near,0.00172740453946204,-1.34369151974853e+69,-1.34369151974853e+69
constant_head,180,pump_2,obs_near,0.00177051737660893,6.47034189704837e+69,6.47034189704837e+69
constant_head,181,pump_2,obs_near,0.00181395586220778,-3.11569461071698e+70,-3.11569461071698e+70
constant_head,182,pump_2,obs_near,0.00185770652928393,1.5003152942479e+71,1.5003152942479e+71
constant_head,183,pump_2,obs_near,0.00190175596687522,-7.2245398326642e+71,-7.2245398326642e+71
constant_head,184,pump_2,obs_near,0.00194609083396269,3.47886714173542e+72,3.47886714173542e+72
constant_head,185,pump_2,obs_near,0.0019906978725688,-1.67519549620091e+73,-1.67519549620091e+73
constant_head,186,pump_2,obs_near,0.00203556392004132,8.06664881452186e+73,8.06664881452186e+73
constant_head,187,pump_2,obs_near,0.0020806759205431,-3.88437189841985e+74,-3.88437189841985e+74
constant_head,188,pump_2,obs_near,0.00212602093576918,1.87046013675933e+75,1.87046013675933e+75
constant_head,189,pump_2,obs_near,0.00217158615491383,-9.00691595661853e+75,-9.00691595661853e+75
constant_head,190,pump_2,obs_near,0.00221735890391112,4.3371432222487e+76,4.3371432222487e+76
constant_head,191,pump_2,obs_near,0.00226332665397329,-2.08848527305465e+77,-2.08848527305465e+77
constant_head,192,pump_2,obs_near,0.0023094770294518,1.00567827994528e+78,1.00567827994528e+78
constant_head,193,pump_2,obs_near,0.0023557978150461,-4.84269061324685e+78,-4.84269061324685e+78
constant_head,194,pump_2,obs_near,0.00240227696238559,2.33192392071818e+79,2.33192392071818e+79
constant_head,195,pump_2,obs_near,0.00244890259601014,-1.12290245367629e+80,-1.12290245367629e+80
constant_head,196,pump_2,obs_near,0.00249566301877459,5.40716577100686e+80,5.40716577100686e+80
constant_head,197,pump_2,obs_near,0.00254254671670241,-2.60373833716997e+81,-2.60373833716997e+81
constant_head,198,pump_2,obs_near,0.00258954236331341,1.25379054674681e+82,1.25379054674681e+82
constant_head,199,pump_2,obs_near,0.00263663882345021,-6.0374374516785e+82,-6.0374374516785e+82
constant_head,200,pump_2,obs_near,0.00268382515662754,2.90723606726438e+83,2.90723606726438e+83
constant_head,201,pump_2,obs_near,0.00273109061992825,-1.39993525703477e+84,-1.39993525703477e+84
constant_head,202,pump_2,obs_near,0.00277842467046895,6.7411750493027e+84,6.7411750493027e+84
constant_head,203,pump_2,obs_near,0.00282581696745824,-3.24611019091647e+85,-3.24611019091647e+85
constant_head,204,pump_2,obs_near,0.00287325737386923,1.56311493095008e+86,1.56311493095008e+86
constant_head,205,pump_2,obs_near,0.0029207359577479,-7.52694192007244e+86,-7.52694192007244e+86
constant_head,206,pump_2,obs_near,0.00296824299317809,3.62448426200185e+87,3.62448426200185e+87
constant_head,207,pump_2,obs_near,0.00301576896092295,-1.745315203002e+88,-1.745315203002e+88
constant_head,208,pump_2,obs_near,0.00306330454876243,8.40429958495581e+88,8.40429958495581e+88
constant_head,209,pump_2,obs_near,0.00311084065154547,-4.04696248514977e+89,-4.04696248514977e+89
constant_head,210,pump_2,obs_near,0.00315836837097475,1.94875315790838e+90,1.94875315790838e+90
constant_head,211,pump_2,obs_near,0.00320587901514145,-9.38392407746072e+90,-9.38392407746072e+90
constant_head,212,pump_2,obs_near,0.00325336409782656,4.51868574184542e+91,4.51868574184542e+91
constant_head,213,pump_2,obs_near,0.00330081533758467,-2.17590430881938e+92,-2.17590430881938e+92
constant_head,214,pump_2,obs_near,0.00334822465662554,1.04777358542463e+93,1.04777358542463e+93
constant_head,215,pump_2,obs_near,0.00339558417950795,-5.04539414648194e+93,-5.04539414648194e+93
constant_head,216,pump_2,obs_near,0.00344288623165992,2.42953272041987e+94,2.42953272041987e+94
constant_head,217,pump_2,obs_near,0.00349012333773839,-1.16990448477688e+95,-1.16990448477688e+95
constant_head,218,pump_2,obs_near,0.00353728821984129,5.63349689446402e+95,5.63349689446402e+95
constant_head,219,pump_2,obs_near,0.00358437379558386,-2.71272464305739e+96,-2.71272464305739e+96
constant_head,220,pump_2,obs_near,0.00363137317605077,1.30627124273027e+97,1.30627124273027e+97
constant_head,221,pump_2,obs_near,0.00367827966363503,-6.29015025146377e+97,-6.29015025146377e+97
constant_head,222,pump_2,obs_near,0.00372508674977392,3.0289260676931e+98,3.0289260676931e+98
constant_head,223,pump_2,obs_near,0.0037717881125918,-1.45853322366044e+99,-1.45853322366044e+99
constant_head,224,pump_2,obs_near,0.00381837761445917,7.02334463437493e+99,7.02334463437493e+99
constant_head,225,pump_2,obs_near,0.00386484929947658,-3.38198465772001e+100,-3.38198465772001e+100
constant_head,226,pump_2,obs_near,0.00391119739089195,1.62854321136739e+101,1.62854321136739e+101
constant_head,227,pump_2,obs_near,0.00395741628845895,-7.84200184104081e+101,-7.84200184104081e+101
constant_head,228,pump_2,obs_near,0.0040035005657439,3.77619656922504e+102,3.77619656922504e+102
constant_head,229,pump_2,obs_near,0.00404944496738823,-1.81836995429042e+103,-1.81836995429042e+103
constant_head,230,pump_2,obs_near,0.00409524440633294,8.75608361508004e+103,8.75608361508004e+103
constant_head,231,pump_2,obs_near,0.00414089396101128,-4.21635872788392e+104,-4.21635872788392e+104
constant_head,232,pump_2,obs_near,0.00418638887251554,2.03032333907114e+105,2.03032333907114e+105
constant_head,233,pump_2,obs_near,0.00423172454174315,-9.776712863233e+105,-9.776712863233e+105
constant_head,234,pump_2,obs_near,0.00427689652652738,4.70782720037175e+106,4.70782720037175e+106
constant_head,235,pump_2,obs_near,0.00432190053875735,-2.26698249791113e+107,-2.26698249791113e+107
constant_head,236,pump_2,obs_near,0.00436673244149171,1.09163090046032e+108,1.09163090046032e+108
constant_head,237,pump_2,obs_near,0.00441138824607022,-5.25658236842225e+108,-5.25658236842225e+108
constant_head,238,pump_2,obs_near,0.00445586410922706,2.53122719277649e+109,2.53122719277649e+109
constant_head,239,pump_2,obs_near,0.00450015633020949,-1.21887390932902e+110,-1.21887390932902e+110
constant_head,240,pump_2,obs_near,0.00454426134790516,5.86930170140025e+110,5.86930170140025e+110
constant_head,241,pump_2,obs_near,0.00458817573798115,-2.82627285703614e+111,-2.82627285703614e+111
constant_head,242,pump_2,obs_near,0.00463189621003768,1.36094865605339e+112,1.36094865605339e+112
constant_head,243,pump_2,obs_near,0.00467541960477901,-6.55344100917818e+112,-6.55344100917818e+112
constant_head,244,pump_2,obs_near,0.0047187428912041,3.15570972266479e+113,3.15570972266479e+113
constant_head,245,pump_2,obs_near,0.00476186316381914,-1.5195839620749e+114,-1.5195839620749e+114
constant_head,246,pump_2,obs_near,0.00480477763987412,7.3173251683856e+114,7.3173251683856e+114
constant_head,247,pump_2,obs_near,0.00484748365662517,-3.52354650718984e+115,-3.52354650718984e+115
constant_head,248,pump_2,obs_near,0.00488997866862457,1.69671016427928e+116,1.69671016427928e+116
constant_head,249,pump_2,obs_near,0.0049322602450398,-8.17024942240108e+116,-8.17024942240108e+116
constant_head,250,pump_2,obs_near,0.00497432606700314,3.93425919348392e+117,3.93425919348392e+117
constant_head,251,pump_2,obs_near,0.00501617392499303,-1.89448260405811e+118,-1.89448260405811e+118
constant_head,252,pump_2,obs_near,0.00505780171624842,9.12259248953139e+118,9.12259248953139e+118
constant_head,253,pump_2,obs_near,0.005099207442217,-4.39284549527458e+119,-4.39284549527458e+119
constant_head,254,pump_2,obs_near,0.00514038920603825,2.11530785435363e+120,2.11530785435363e+120
constant_head,255,pump_2,obs_near,0.00518134521006212,-1.01859428553576e+121,-1.01859428553576e+121
constant_head,256,pump_2,obs_near,0.00522207375340406,4.9048856712735e+121,4.9048856712735e+121
constant_head,257,pump_2,obs_near,0.00526257322953683,-2.36187300382344e+122,-2.36187300382344e+122
constant_head,258,pump_2,obs_near,0.00530284212391977,1.13732397857792e+123,1.13732397857792e+123
constant_head,259,pump_2,obs_near,0.00534287901166587,-5.47661042812699e+123,-5.47661042812699e+123
constant_head,260,pump_2,obs_near,0.00538268255524691,2.63717835426755e+124,2.63717835426755e+124
constant_head,261,pump_2,obs_near,0.00542225150223706,-1.26989307778106e+125,-1.26989307778106e+125
constant_head,262,pump_2,obs_near,0.00546158468309503,6.11497673768972e+125,6.11497673768972e+125
constant_head,263,pump_2,obs_near,0.00550068100898492,-2.944573929724e+126,-2.944573929724e+126
constant_head,264,pump_2,obs_near,0.00553953946963591,1.41791473610696e+127,1.41791473610696e+127
constant_head,265,pump_2,obs_near,0.00557815913124072,-6.82775249295328e+127,-6.82775249295328e+127
constant_head,266,pump_2,obs_near,0.00561653913439278,3.28780024048221e+128,3.28780024048221e+128
constant_head,267,pump_2,obs_near,0.00565467869206217,-1.58319013947164e+129,-1.58319013947164e+129
constant_head,268,pump_2,obs_near,0.00569257708761006,7.62361102970193e+129,7.62361102970193e+129
constant_head,269,pump_2,obs_near,0.00573023367284153,-3.67103379964074e+130,-3.67103379964074e+130
constant_head,270,pump_2,obs_near,0.00576764786609655,1.76773042401582e+131,1.76773042401582e+131
constant_head,271,pump_2,obs_near,0.00580481915037893,-8.51223666834324e+131,-8.51223666834324e+131
constant_head,272,pump_2,obs_near,0.00584174707152295,4.09893794399235e+132,4.09893794399235e+132
constant_head,273,pump_2,obs_near,0.00587843123639722,-1.97378114864932e+133,-1.97378114864932e+133
constant_head,274,pump_2,obs_near,0.00591487131114576,9.50444255552106e+133,9.50444255552106e+133
constant_head,275,pump_2,obs_near,0.00595106701946557,-4.57671957975776e+134,-4.57671957975776e+134
constant_head,276,pump_2,obs_near,0.00598701814092069,2.20384961972778e+135,2.20384961972778e+135
constant_head,277,pump_2,obs_near,0.00602272450929198,-1.06123022433739e+136,-1.06123022433739e+136
constant_head,278,pump_2,obs_near,0.00605818601096254,5.11019254206093e+136,5.11019254206093e+136
constant_head,279,pump_2,obs_near,0.00609340258333816,-2.46073540102107e+137,-2.46073540102107e+137
constant_head,280,pump_2,obs_near,0.00612837421330235,1.18492966049878e+138,1.18492966049878e+138
constant_head,281,pump_2,obs_near,0.00616310093570563,-5.70584833997199e+138,-5.70584833997199e+138
constant_head,282,pump_2,obs_near,0.00619758283188847,2.74756437993938e+139,2.74756437993938e+139
constant_head,283,pump_2,obs_near,0.00623182002823743,-1.32304778747609e+140,-1.32304778747609e+140
constant_head,284,pump_2,obs_near,0.00626581269477413,6.37093514796417e+140,6.37093514796417e+140
constant_head,285,pump_2,obs_near,0.00629956104377646,-3.06782680443235e+141,-3.06782680443235e+141
constant_head,286,pump_2,obs_near,0.00633306532843147,1.47726528106154e+142,1.47726528106154e+142
constant_head,287,pump_2,obs_near,0.0063663258415196,-7.11354600421213e+142,-7.11354600421213e+142
constant_head,288,pump_2,obs_near,0.00639934291412966,3.4254197538461e+143,3.4254197538461e+143
constant_head,289,pump_2,obs_near,0.00643211691440399,-1.64945872044631e+144,-1.64945872044631e+144
constant_head,290,pump_2,obs_near,0.00646464824631341,7.94271729019474e+144,7.94271729019474e+144
constant_head,291,pump_2,obs_near,0.00649693734846136,-3.8246945599952e+145,-3.8246945599952e+145
constant_head,292,pump_2,obs_near,0.00652898469291678,1.84172342325624e+146,1.84172342325624e+146
constant_head,293,pump_2,obs_near,0.00656079078407511,-8.8685386885468e+146,-8.8685386885468e+146
constant_head,294,pump_2,obs_near,0.00659235615754711,4.27050975605122e+147,4.27050975605122e+147
constant_head,295,pump_2,obs_near,0.00662368137907469,-2.05639894209702e+148,-2.05639894209702e+148
constant_head,296,pump_2,obs_near,0.00665476704347349,9.90227595874362e+148,9.90227595874362e+148
constant_head,297,pump_2,obs_near,0.00668561377360169,-4.76829019697617e+149,-4.76829019697617e+149
constant_head,298,pump_2,obs_near,0.0067162222193543,2.29609753318676e+150,2.29609753318676e+150
constant_head,299,pump_2,obs_near,0.00674659305668279,-1.10565080234638e+151,-1.10565080234638e+151
constant_head,300,pump_2,obs_near,0.00677672698663924,5.32409307097669e+151,5.32409307097669e+151
constant_head,301,pump_2,obs_near,0.0068066247344448,-2.56373594354345e+152,-2.56373594354345e+152
constant_head,302,pump_2,obs_near,0.00683628704858166,1.23452800322824e+153,1.23452800322824e+153
constant_head,303,pump_2,obs_near,0.00686571469990844,-5.94468160674311e+153,-5.94468160674311e+153
constant_head,304,pump_2,obs_near,0.00689490848079812,2.86257090257777e+154,2.86257090257777e+154
constant_head,305,pump_2,obs_near,0.00692386920429832,-1.37842742714814e+155,-1.37842742714814e+155
constant_head,306,pump_2,obs_near,0.00695259770331338,6.63760736963969e+155,6.63760736963969e+155
constant_head,307,pump_2,obs_near,0.00698109482980772,-3.19623875193437e+156,-3.19623875193437e+156
constant_head,308,pump_2,obs_near,0.00700936145403009,1.53910009891432e+157,1.53910009891432e+157
constant_head,309,pump_2,obs_near,0.00703739846375828,-7.41130215353567e+157,-7.41130215353567e+157
constant_head,310,pump_2,obs_near,0.00706520676356387,3.56879969331624e+158,3.56879969331624e+158
constant_head,311,pump_2,obs_near,0.00709278727409636,-1.71850114692473e+159,-1.71850114692473e+159
constant_head,312,pump_2,obs_near,0.00712014093138658,8.27518058116992e+159,8.27518058116992e+159
constant_head,313,pump_2,obs_near,0.00714726868616878,-3.98478719504637e+160,-3.98478719504637e+160
constant_head,314,pump_2,obs_near,0.00717417150322091,1.91881359378814e+161,1.91881359378814e+161
constant_head,315,pump_2,obs_near,0.00720085036072296,-9.23975466544078e+161,-9.23975466544078e+161
constant_head,316,pump_2,obs_near,0.00722730624963256,4.44926315697036e+162,4.44926315697036e+162
constant_head,317,pump_2,obs_near,0.00725354017307781,-2.1424749202028e+163,-2.1424749202028e+163
constant_head,318,pump_2,obs_near,0.00727955314576677,1.03167617241026e+164,1.03167617241026e+164
constant_head,319,pump_2,obs_near,0.00730534619341321,-4.9678795053484e+164,-4.9678795053484e+164
constant_head,320,pump_2,obs_near,0.00733092035217835,2.39220672538663e+165,2.39220672538663e+165
constant_head,321,pump_2,obs_near,0.0073562766681281,-1.1519307202685e+166,-1.1519307202685e+166
constant_head,322,pump_2,obs_near,0.00738141619670562,5.54694696845484e+166,5.54694696845484e+166
constant_head,323,pump_2,obs_near,0.00740634000221857,-2.67104784418351e+167,-2.67104784418351e+167
constant_head,324,pump_2,obs_near,0.00743104915734096,1.28620241488435e+168,1.28620241488435e+168
constant_head,325,pump_2,obs_near,0.00745554474262917,-6.19351186698133e+168,-6.19351186698133e+168
constant_head,326,pump_2,obs_near,0.00747982784605166,2.98239132527777e+169,2.98239132527777e+169
constant_head,327,pump_2,obs_near,0.00750389956253236,-1.43612512707465e+170,-1.43612512707465e+170
constant_head,328,pump_2,obs_near,0.00752776099350705,6.91544185746976e+170,6.91544185746976e+170
constant_head,329,pump_2,obs_near,0.00755141324649275,-3.33002571872054e+171,-3.33002571872054e+171
constant_head,330,pump_2,obs_near,0.00757485743466945,1.60352317546474e+172,1.60352317546474e+172
constant_head,331,pump_2,obs_near,0.00759809467647428,-7.72152166845621e+172,-7.72152166845621e+172
constant_head,332,pump_2,obs_near,0.00762112609520756,3.71818117666348e+173,3.71818117666348e+173
constant_head,333,pump_2,obs_near,0.00764395281865039,-1.79043352550093e+174,-1.79043352550093e+174
constant_head,334,pump_2,obs_near,0.00766657597869376,8.62155999621411e+174,8.62155999621411e+174
constant_head,335,pump_2,obs_near,0.00768899671097859,-4.15158092778599e+175,-4.15158092778599e+175
constant_head,336,pump_2,obs_near,0.00771121615454675,1.99913057585773e+176,1.99913057585773e+176
constant_head,337,pump_2,obs_near,0.00773323545150246,-9.62650886197901e+176,-9.62650886197901e+176
constant_head,338,pump_2,obs_near,0.00775505574668409,4.63549875086407e+177,4.63549875086407e+177
constant_head,339,pump_2,obs_near,0.0077766781873459,-2.23215383446968e+178,-2.23215383446968e+178
constant_head,340,pump_2,obs_near,0.00779810392284957,1.07485968793513e+179,1.07485968793513e+179
constant_head,341,pump_2,obs_near,0.00781933410436533,-5.1758231485533e+179,-5.1758231485533e+179
constant_head,342,pump_2,obs_near,0.00784036988458228,2.49233882014994e+180,2.49233882014994e+180
constant_head,343,pump_2,obs_near,0.00786121241742781,-1.20014780572567e+181,-1.20014780572567e+181
constant_head,344,pump_2,obs_near,0.00788186285779579,5.77912900090654e+181,5.77912900090654e+181
constant_head,345,pump_2,obs_near,0.00790232236128354,-2.78285156631767e+182,-2.78285156631767e+182
constant_head,346,pump_2,obs_near,0.00792259208393686,1.34003979471054e+183,1.34003979471054e+183
constant_head,347,pump_2,obs_near,0.00794267318200355,-6.45275757135696e+183,-6.45275757135696e+183
constant_head,348,pump_2,obs_near,0.00796256681169465,3.10722714640246e+184,3.10722714640246e+184
constant_head,349,pump_2,obs_near,0.00798227412895358,-1.49623791575954e+185,-1.49623791575954e+185
constant_head,350,pump_2,obs_near,0.00800179628923274,7.20490583745551e+185,7.20490583745551e+185
constant_head,351,pump_2,obs_near,0.0080211344472775,-3.46941269031855e+186,-3.46941269031855e+186
constant_head,352,pump_2,obs_near,0.00804028975691737,1.6706428490908e+187,1.6706428490908e+187
constant_head,353,pump_2,obs_near,0.00805926337086408,-8.04472623573459e+187,-8.04472623573459e+187
constant_head,354,pump_2,obs_near,0.00807805644051656,3.87381541436201e+188,3.87381541436201e+188
constant_head,355,pump_2,obs_near,0.00809667011577245,-1.86537682265548e+189,-1.86537682265548e+189
constant_head,356,pump_2,obs_near,0.00811510554484601,8.98243803145979e+189,8.98243803145979e+189
constant_head,357,pump_2,obs_near,0.00813336387409254,-4.32535625021474e+190,-4.32535625021474e+190
constant_head,358,pump_2,obs_near,0.00815144624783855,2.08280943612884e+191,2.08280943612884e+191
constant_head,359,pump_2,obs_near,0.0081693538082182,-1.00294516711667e+192,-1.00294516711667e+192
constant_head,360,pump_2,obs_near,0.00818708769501532,4.829529724611e+192,4.829529724611e+192
constant_head,361,pump_2,obs_near,0.00820464904551118,-2.32558649518653e+193,-2.32558649518653e+193
constant_head,362,pump_2,obs_near,0.00822203899433766,1.11985076293414e+194,1.11985076293414e+194
constant_head,363,pump_2,obs_near,0.0082392586733358,-5.3924708188841e+194,-5.3924708188841e+194
constant_head,364,pump_2,obs_near,0.00825630921141958,2.59666220675566e+195,2.59666220675566e+195
constant_head,365,pump_2,obs_near,0.00827319173444463,-1.25038314390806e+196,-1.25038314390806e+196
constant_head,366,pump_2,obs_near,0.00828990736508198,6.02102962213598e+196,6.02102962213598e+196
constant_head,1,pump_2,obs_downstream,0,0,0
constant_head,2,pump_2,obs_downstream,0,0,0
constant_head,3,pump_2,obs_downstream,0,0,0
constant_head,4,pump_2,obs_downstream,0,0,0
constant_head,5,pump_2,obs_downstream,0,0,0
constant_head,6,pump_2,obs_downstream,0,0,0
constant_head,7,pump_2,obs_downstream,0,0,0
constant_head,8,pump_2,obs_downstream,0,0,0
constant_head,9,pump_2,obs_downstream,0,0,0
constant_head,10,pump_2,obs_downstream,0,0,0
constant_head,11,pump_2,obs_downstream,0,0,0
constant_head,12,pump_2,obs_downstream,0,0,0
constant_head,13,pump_2,obs_downstream,0,0,0
constant_head,14,pump_2,obs_downstream,0,0,0
constant_head,15,pump_2,obs_downstream,0,0,0
constant_head,16,pump_2,obs_downstream,0,0,0
constant_head,17,pump_2,obs_downstream,0,0,0
constant_head,18,pump_2,obs_downstream,0,0,0
constant_head,19,pump_2,obs_downstream,0,0,0
constant_head,20,pump_2,obs_downstream,0,0,0
constant_head,21,pump_2,obs_downstream,0,0,0
constant_head,22,pump_2,obs_downstream,0,0,0
constant_head,23,pump_2,obs_downstream,0,0,0
constant_head,24,pump_2,obs_downstream,0,0,0
constant_head,25,pump_2,obs_downstream,0,0,0
constant_head,26,pump_2,obs_downstream,0,0,0
constant_head,27,pump_2,obs_downstream,0,0,0
constant_head,28,pump_2,obs_downstream,0,0,0
constant_head,29,pump_2,obs_downstream,0,0,0
constant_head,30,pump_2,obs_downstream,0,0,0
constant_head,31,pump_2,obs_downstream,0,0,0
constant_head,32,pump_2,obs_downstream,0,0,0
constant_head,33,pump_2,obs_downstream,2.27080587758358e-31,2.54441968042887e-19,2.5444196804266e-19
constant_head,34,pump_2,obs_downstream,5.34667566698387e-17,1.85755190055325e-14,1.85220522488626e-14
constant_head,35,pump_2,obs_downstream,3.89516561524082e-12,3.39675182282019e-10,3.35780016666778e-10
constant_head,36,pump_2,obs_downstream,1.13721759830162e-09,2.36942779241483e-08,2.25570603258467e-08
constant_head,37,pump_2,obs_downstream,3.58802428479142e-08,5.01250257395257e-07,4.65370014547343e-07
constant_head,38,pump_2,obs_downstream,3.69047671759384e-07,3.26516030927042e-06,2.89611263751103e-06
constant_head,39,pump_2,obs_downstream,1.9911619395608e-06,1.33042777952345e-05,1.13131158556737e-05
constant_head,40,pump_2,obs_downstream,7.15724062155921e-06,3.59200305837618e-05,2.87627899622026e-05
constant_head,41,pump_2,obs_downstream,1.95868915485823e-05,8.96779455309011e-05,7.00910539823188e-05
constant_head,42,pump_2,obs_downstream,4.423009139997e-05,0.000137799715422339,9.3569624022369e-05
constant_head,43,pump_2,obs_downstream,8.67666949754708e-05,0.00041100538530479,0.000324238690329319
constant_head,44,pump_2,obs_downstream,0.000153053537620746,-0.000152964242557863,-0.000306017780178608
constant_head,45,pump_2,obs_downstream,0.000248658659752756,0.00360150695875942,0.00335284829900667
constant_head,46,pump_2,obs_downstream,0.000378536649028218,-0.0131207138245526,-0.0134992504735808
constant_head,47,pump_2,obs_downstream,0.000546843532853708,0.0690991780045409,0.0685523344716871
constant_head,48,pump_2,obs_downstream,0.000756864439226204,-0.32476863175811,-0.325525496197337
constant_head,49,pump_2,obs_downstream,0.00101102130402256,1.57425054747939,1.57323952617537
constant_head,50,pump_2,obs_downstream,0.00131093128800926,-7.56741879451895,-7.56872972580696
constant_head,51,pump_2,obs_downstream,0.00165749312308785,36.4560217501291,36.454364257006
constant_head,52,pump_2,obs_downstream,0.00205098526535673,-175.528680317519,-175.530731302784
constant_head,53,pump_2,obs_downstream,0.00249116528290553,845.255181802881,845.252690637598
constant_head,54,pump_2,obs_downstream,0.00297736408138428,-4070.1699257886,-4070.17290315268
constant_head,55,pump_2,obs_downstream,0.00350857150420387,19599.315613111,19599.3121045395
constant_head,56,pump_2,obs_downstream,0.00408351179588796,-94377.4828830372,-94377.486966549
constant_head,57,pump_2,obs_downstream,0.00470070864770832,454460.439026972,454460.434326263
constant_head,58,pump_2,obs_downstream,0.00535854027236944,-2188384.99208966,-2188384.9974482
constant_head,59,pump_2,obs_downstream,0.00605528534532802,10537834.7369222,10537834.7308669
constant_head,60,pump_2,obs_downstream,0.00678916082408704,-50743338.4251809,-50743338.4319701
constant_head,61,pump_2,obs_downstream,0.00755835269648606,244346819.101622,244346819.094064
constant_head,62,pump_2,obs_downstream,0.00836104067036628,-1176614898.40124,-1176614898.4096
constant_head,63,pump_2,obs_downstream,0.00919541773641471,5665809869.47915,5665809869.46995
constant_head,64,pump_2,obs_downstream,0.0100597054365375,-27282844642.0027,-27282844642.0128
constant_head,65,pump_2,obs_downstream,0.0109521655658564,131376383766.796,131376383766.785
constant_head,66,pump_2,obs_downstream,0.0118711089355341,-632622970152.199,-632622970152.21
constant_head,67,pump_2,obs_downstream,0.0128149017304892,3046299577515.03,3046299577515.02
constant_head,68,pump_2,obs_downstream,0.0137819699126376,-14668991727782.2,-14668991727782.2
constant_head,69,pump_2,obs_downstream,0.0147708020471443,70636295884354.8,70636295884354.7
constant_head,70,pump_2,obs_downstream,0.0157799508659832,-340138326399914,-340138326399914
constant_head,71,pump_2,obs_downstream,0.0168080338291374,1637884314822313,1637884314822313
constant_head,72,pump_2,obs_downstream,0.0178537328980881,-7886982502485820,-7886982502485820
constant_head,73,pump_2,obs_downstream,0.018915793697812,37978563218163032,37978563218163032
constant_head,74,pump_2,obs_downstream,0.0199930242113716,-182879987835828736,-182879987835828736
constant_head,75,pump_2,obs_downstream,0.0210842931244136,880630732624392192,880630732624392192
constant_head,76,pump_2,obs_downstream,0.0221885279146879,-4240543191301755904,-4240543191301755904
constant_head,77,pump_2,obs_downstream,0.0233047127633255,20419689991634071552,20419689991634071552
constant_head,78,pump_2,obs_downstream,0.0244318863494688,-98327907662800945152,-98327907662800945152
constant_head,79,pump_2,obs_downstream,0.0255691395773821,4.73483066065425e+20,4.73483066065425e+20
constant_head,80,pump_2,obs_downstream,0.0267156132749445,-2.27998560306523e+21,-2.27998560306523e+21
constant_head,81,pump_2,obs_downstream,0.0278704958940545,1.09789234774163e+22,1.09789234774163e+22
constant_head,82,pump_2,obs_downstream,0.0290330212366408,-5.28673341449667e+22,-5.28673341449667e+22
constant_head,83,pump_2,obs_downstream,0.0302024662244086,2.54574596985288e+23,2.54574596985288e+23
constant_head,84,pump_2,obs_downstream,0.0313781487259328,-1.22586520539341e+24,-1.22586520539341e+24
constant_head,85,pump_2,obs_downstream,0.0325594254510531,5.90296722292784e+24,5.90296722292784e+24
constant_head,86,pump_2,obs_downstream,0.0337456899195834,-2.84248397635025e+25,-2.84248397635025e+25
constant_head,87,pump_2,obs_downstream,0.034936370508984,1.36875487372271e+26,1.36875487372271e+26
constant_head,88,pump_2,obs_downstream,0.0361309285837621,-6.59103066165825e+26,-6.59103066165825e+26
constant_head,89,pump_2,obs_downstream,0.0373288567078762,3.17381044750311e+27,3.17381044750311e+27
constant_head,90,pump_2,obs_downstream,0.0385296769402425,-1.52830009049686e+28,-1.52830009049686e+28
constant_head,91,pump_2,obs_downstream,0.0397329392125385,7.35929635763294e+28,7.35929635763294e+28
constant_head,92,pump_2,obs_downstream,0.0409382197877931,-3.54375709431924e+29,-3.54375709431924e+29
constant_head,93,pump_2,obs_downstream,0.0421451197977327,1.70644226475712e+30,1.70644226475712e+30
constant_head,94,pump_2,obs_downstream,0.0433532638525677,-8.21711287045418e+30,-8.21711287045418e+30
constant_head,95,pump_2,obs_downstream,0.044562297610575,3.95682557331611e+31,3.95682557331611e+31
constant_head,96,pump_2,obs_downstream,0.045771856303085,-1.90534910064864e+32,-1.90534910064864e+32
constant_head,97,pump_2,obs_downstream,0.0469813625806726,9.17491844933692e+32,9.17491844933692e+32
constant_head,98,pump_2,obs_downstream,0.0481895320304624,-4.41804226445042e+33,-4.41804226445042e+33
constant_head,99,pump_2,obs_downstream,0.0493938333410273,2.12744097489835e+34,2.12744097489835e+34
constant_head,100,pump_2,obs_downstream,0.0505902872182457,-1.02443680498368e+35,-1.02443680498368e+35
constant_head,101,pump_2,obs_downstream,0.051773699673379,4.93301943408943e+35,4.93301943408943e+35
constant_head,102,pump_2,obs_downstream,0.0529381616332713,-2.37542038891229e+36,-2.37542038891229e+36
constant_head,103,pump_2,obs_downstream,0.0540776010073885,1.14384751559403e+37,1.14384751559403e+37
constant_head,104,pump_2,obs_downstream,0.0551862476800433,-5.50802352727862e+37,-5.50802352727862e+37
constant_head,105,pump_2,obs_downstream,0.0562589574296572,2.65230485387728e+38,2.65230485387728e+38
constant_head,106,pump_2,obs_downstream,0.0572913963398727,-1.27717701332634e+39,-1.27717701332634e+39
constant_head,107,pump_2,obs_downstream,0.0582801124821458,6.15005142031338e+39,6.15005142031338e+39
constant_head,108,pump_2,obs_downstream,0.0592225275894359,-2.96146360902552e+40,-2.96146360902552e+40
constant_head,109,pump_2,obs_downstream,0.060116878055569,1.42604770402644e+41,1.42604770402644e+41
constant_head,110,pump_2,obs_downstream,0.0609621280387167,-6.86691556148567e+41,-6.86691556148567e+41
constant_head,111,pump_2,obs_downstream,0.0617578707894767,3.3066586198648e+42,3.3066586198648e+42
constant_head,112,pump_2,obs_downstream,0.0625042287738087,-1.59227110489772e+43,-1.59227110489772e+43
constant_head,113,pump_2,obs_downstream,0.0632017589860562,7.66733903603235e+43,7.66733903603235e+43
constant_head,114,pump_2,obs_downstream,0.0638513669135649,-3.69209035525652e+44,-3.69209035525652e+44
constant_head,115,pump_2,obs_downstream,0.0644542306628414,1.77786988775603e+45,1.77786988775603e+45
constant_head,116,pump_2,obs_downstream,0.0650117355266681,-8.56106171207188e+45,-8.56106171207188e+45
constant_head,117,pump_2,obs_downstream,0.065525418544045,4.12244890037537e+46,4.12244890037537e+46
constant_head,118,pump_2,obs_downstream,0.0659969222140862,-1.98510249169705e+47,-1.98510249169705e+47
constant_head,119,pump_2,obs_downstream,0.0664279563513227,9.55895875915652e+47,9.55895875915652e+47
constant_head,120,pump_2,obs_downstream,0.0668202670302519,-4.60297102751309e+48,-4.60297102751309e+48
constant_head,121,pump_2,obs_downstream,0.0671756116056858,2.21649060467276e+49,2.21649060467276e+49
constant_head,122,pump_2,obs_downstream,0.0674957388760876,-1.06731729816187e+50,-1.06731729816187e+50
constant_head,123,pump_2,obs_downstream,0.0677823735566022,5.13950391918645e+50,5.13950391918645e+50
constant_head,124,pump_2,obs_downstream,0.0680372043327978,-2.47484984838377e+51,-2.47484984838377e+51
constant_head,125,pump_2,obs_downstream,0.0682618748670772,1.19172625769973e+52,1.19172625769973e+52
constant_head,126,pump_2,obs_downstream,0.0684579772229161,-5.73857631895729e+52,-5.73857631895729e+52
constant_head,127,pump_2,obs_downstream,0.0686270472555527,2.76332403987315e+53,2.76332403987315e+53
constant_head,128,pump_2,obs_downstream,0.0687705615909522,-1.33063661175257e+54,-1.33063661175257e+54
constant_head,129,pump_2,obs_downstream,0.0688899358780996,6.4074779757558e+54,6.4074779757558e+54
constant_head,130,pump_2,obs_downstream,0.0689865240536743,-3.08542344673059e+55,-3.08542344673059e+55
constant_head,131,pump_2,obs_downstream,0.0690616184038871,1.48573867622417e+56,1.48573867622417e+56
constant_head,132,pump_2,obs_downstream,0.0691164502467165,-7.15434834841682e+56,-7.15434834841682e+56
constant_head,133,pump_2,obs_downstream,0.0691521910899557,3.4450675014111e+57,3.4450675014111e+57
constant_head,134,pump_2,obs_downstream,0.0691699541472741,-1.65891979412846e+58,-1.65891979412846e+58
constant_head,135,pump_2,obs_downstream,0.0691707961167368,7.98827564982107e+58,7.98827564982107e+58
constant_head,136,pump_2,obs_downstream,0.0691557191446187,-3.84663249443288e+59,-3.84663249443288e+59
constant_head,137,pump_2,obs_downstream,0.0691256729125246,1.85228730152275e+60,1.85228730152275e+60
constant_head,138,pump_2,obs_downstream,0.0690815567983144,-8.91940743584933e+60,-8.91940743584933e+60
constant_head,139,pump_2,obs_downstream,0.0690242220715804,4.29500482680423e+61,4.29500482680423e+61
constant_head,140,pump_2,obs_downstream,0.0689544740928169,-2.06819417040289e+62,-2.06819417040289e+62
constant_head,141,pump_2,obs_downstream,0.0688730744922778,9.95907408483914e+62,9.95907408483914e+62
constant_head,142,pump_2,obs_downstream,0.0687807433100989,-4.79564046967568e+63,-4.79564046967568e+63
constant_head,143,pump_2,obs_downstream,0.068678161083801,2.3092676405934e+64,2.3092676405934e+64
constant_head,144,pump_2,obs_downstream,0.068565970872956,-1.11199266700917e+65,-1.11199266700917e+65
constant_head,145,pump_2,obs_downstream,0.0684447802137636,5.35463135474603e+65,5.35463135474603e+65
constant_head,146,pump_2,obs_downstream,0.0683151629986563,-2.57844118903643e+66,-2.57844118903643e+66
constant_head,147,pump_2,obs_downstream,0.0681776612779532,1.2416090903115e+67,1.2416090903115e+67
constant_head,148,pump_2,obs_downstream,0.0680327869820825,-5.97877950328679e+67,-5.97877950328679e+67
constant_head,149,pump_2,obs_downstream,0.0678810235640804,2.87899022549475e+68,2.87899022549475e+68
constant_head,150,pump_2,obs_downstream,0.0677228275629927,-1.38633390208448e+69,-1.38633390208448e+69
constant_head,151,pump_2,obs_downstream,0.0675586300895155,6.67567979581629e+69,6.67567979581629e+69
constant_head,152,pump_2,obs_downstream,0.067388838235748,-3.21457194902777e+70,-3.21457194902777e+70
constant_head,153,pump_2,obs_downstream,0.0672138364113212,1.54792817084371e+71,1.54792817084371e+71
constant_head,154,pump_2,obs_downstream,0.0670339876084554,-7.45381238959743e+71,-7.45381238959743e+71
constant_head,155,pump_2,obs_downstream,0.0668496345986829,3.58926985023041e+72,3.58926985023041e+72
constant_head,156,pump_2,obs_downstream,0.0666611010640979,-1.72835823930213e+73,-1.72835823930213e+73
constant_head,157,pump_2,obs_downstream,0.0664686926660506,8.3226459085315e+73,8.3226459085315e+73
constant_head,158,pump_2,obs_downstream,0.066272698054223,-4.00764340075495e+74,-4.00764340075495e+74
constant_head,159,pump_2,obs_downstream,0.066073389819,1.92981965160268e+75,1.92981965160268e+75
constant_head,160,pump_2,obs_downstream,0.0658710253900057,-9.29275266110336e+75,-9.29275266110336e+75
constant_head,161,pump_2,obs_downstream,0.0656658478836029,4.47478353475815e+76,4.47478353475815e+76
constant_head,162,pump_2,obs_downstream,0.0654580869020754,-2.15476386956425e+77,-2.15476386956425e+77
constant_head,163,pump_2,obs_downstream,0.0652479592871134,1.03759372883955e+78,1.03759372883955e+78
constant_head,164,pump_2,obs_downstream,0.065035669830125,-4.99637459739326e+78,-4.99637459739326e+78
constant_head,165,pump_2,obs_downstream,0.064821411941788,2.40592810303473e+79,2.40592810303473e+79
constant_head,166,pump_2,obs_downstream,0.0646053682831475,-1.15853804076105e+80,-1.15853804076105e+80
constant_head,167,pump_2,obs_downstream,0.0643877113604566,5.57876351416097e+80,5.57876351416097e+80
constant_head,168,pump_2,obs_downstream,0.0641686040858467,-2.68636861733854e+81,-2.68636861733854e+81
constant_head,169,pump_2,obs_downstream,0.0639482003058083,1.29357989990129e+82,1.29357989990129e+82
constant_head,170,pump_2,obs_downstream,0.0637266452993582,-6.22903702279877e+82,-6.22903702279877e+82
constant_head,171,pump_2,obs_downstream,0.0635040762476653,2.99949792311696e+83,2.99949792311696e+83
constant_head,172,pump_2,obs_downstream,0.0632806226768133,-1.44436254879418e+84,-1.44436254879418e+84
constant_head,173,pump_2,obs_downstream,0.0630564068752794,6.95510790749725e+84,6.95510790749725e+84
constant_head,174,pump_2,obs_downstream,0.0628315442876226,-3.34912630110183e+85,-3.34912630110183e+85
constant_head,175,pump_2,obs_downstream,0.0626061438857846,1.61272077010352e+86,1.61272077010352e+86
constant_head,176,pump_2,obs_downstream,0.0623803085193283,-7.76581128477489e+86,-7.76581128477489e+86
constant_head,177,pump_2,obs_downstream,0.0621541352458573,3.73950816711226e+87,3.73950816711226e+87
constant_head,178,pump_2,obs_downstream,0.0619277156427897,-1.80070321298115e+88,-1.80070321298115e+88
constant_head,179,pump_2,obs_downstream,0.0617011361015859,8.67101211265588e+88,8.67101211265588e+88
constant_head,180,pump_2,obs_downstream,0.0614744781054675,-4.17539384146215e+89,-4.17539384146215e+89
constant_head,181,pump_2,obs_downstream,0.0612478184915992,2.01059732183675e+90,2.01059732183675e+90
constant_head,182,pump_2,obs_downstream,0.061021229698648,-9.68172523136531e+90,-9.68172523136531e+90
constant_head,183,pump_2,obs_downstream,0.0607947800005808,4.6620873527288e+91,4.6620873527288e+91
constant_head,184,pump_2,obs_downstream,0.0605685337275041,-2.2449571708625e+92,-2.2449571708625e+92
constant_head,185,pump_2,obs_downstream,0.0603425514743065,1.08102493962432e+93,1.08102493962432e+93
constant_head,186,pump_2,obs_downstream,0.0601168902978147,-5.20551097926199e+93,-5.20551097926199e+93
constant_head,187,pump_2,obs_downstream,0.0598916039031318,2.50663454301378e+94,2.50663454301378e+94
constant_head,188,pump_2,obs_downstream,0.0596667428197861,-1.20703169338445e+95,-1.20703169338445e+95
constant_head,189,pump_2,obs_downstream,0.0594423545682799,5.81227731379955e+95,5.81227731379955e+95
constant_head,190,pump_2,obs_downstream,0.0592184838175931,-2.79881363162756e+96,-2.79881363162756e+96
constant_head,191,pump_2,obs_downstream,0.0589951725341618,1.34772608422971e+97,1.34772608422971e+97
constant_head,192,pump_2,obs_downstream,0.0587724601228203,-6.48976972810048e+97,-6.48976972810048e+97
constant_head,193,pump_2,obs_downstream,0.0585503835601672,3.12504978694104e+98,3.12504978694104e+98
constant_head,194,pump_2,obs_downstream,0.0583289775207869,-1.50482013692629e+99,-1.50482013692629e+99
constant_head,195,pump_2,obs_downstream,0.0581082744967311,7.24623221672084e+99,7.24623221672084e+99
constant_head,196,pump_2,obs_downstream,0.0578883049106446,-3.4893127789939e+100,-3.4893127789939e+100
constant_head,197,pump_2,obs_downstream,0.0576690972228903,1.6802254337855e+101,1.6802254337855e+101
constant_head,198,pump_2,obs_downstream,0.0574506780330146,-8.09086971318661e+101,-8.09086971318661e+101
constant_head,199,pump_2,obs_downstream,0.0572330721758661,3.89603510335369e+102,3.89603510335369e+102
constant_head,200,pump_2,obs_downstream,0.0570163028126699,-1.87607637555024e+103,-1.87607637555024e+103
constant_head,201,pump_2,obs_downstream,0.0568003915173354,9.03396009925064e+103,9.03396009925064e+103
constant_head,202,pump_2,obs_downstream,0.0565853583582619,-4.35016591746788e+104,-4.35016591746788e+104
constant_head,203,pump_2,obs_downstream,0.0563712219758921,2.09475615362401e+105,2.09475615362401e+105
constant_head,204,pump_2,obs_downstream,0.0561579996562458,-1.00869792702064e+106,-1.00869792702064e+106
constant_head,205,pump_2,obs_downstream,0.0559457074006548,4.85723126396105e+106,4.85723126396105e+106
constant_head,206,pump_2,obs_downstream,0.0557343599919056,-2.33892574968263e+107,-2.33892574968263e+107
constant_head,207,pump_2,obs_downstream,0.0555239710569867,1.12627407781017e+108,1.12627407781017e+108
constant_head,208,pump_2,obs_downstream,0.0553145531266233,-5.4234013136983e+108,-5.4234013136983e+108
constant_head,209,pump_2,obs_downstream,0.0551061176917731,2.61155631554738e+109,2.61155631554738e+109
constant_head,210,pump_2,obs_downstream,0.0548986752572469,-1.25755517520878e+110,-1.25755517520878e+110
constant_head,211,pump_2,obs_downstream,0.0546922353926075,6.05556544685469e+110,6.05556544685469e+110
constant_head,212,pump_2,obs_downstream,0.0544868067804943,-2.91596532733066e+111,-2.91596532733066e+111
constant_head,213,pump_2,obs_downstream,0.0542823972625063,1.40413869932016e+112,1.40413869932016e+112
constant_head,214,pump_2,obs_downstream,0.0540790138827782,-6.76141608560679e+112,-6.76141608560679e+112
constant_head,215,pump_2,obs_downstream,0.0538766629293672,3.25585695379215e+113,3.25585695379215e+113
constant_head,216,pump_2,obs_downstream,0.0536753499735676,-1.56780833620379e+114,-1.56780833620379e+114
constant_head,217,pump_2,obs_downstream,0.0534750799072624,7.54954229855584e+114,7.54954229855584e+114
constant_head,218,pump_2,obs_downstream,0.0532758569784124,-3.6353671301232e+115,-3.6353671301232e+115
constant_head,219,pump_2,obs_downstream,0.0530776848247819,1.75055568246941e+116,1.75055568246941e+116
constant_head,220,pump_2,obs_downstream,0.0528805665059915,-8.42953431589761e+116,-8.42953431589761e+116
constant_head,221,pump_2,obs_downstream,0.052684504533984,4.05911388563539e+117,4.05911388563539e+117
constant_head,222,pump_2,obs_downstream,0.0524895009019866,-1.9546044798091e+118,-1.9546044798091e+118
constant_head,223,pump_2,obs_downstream,0.052295557112045,9.41210022712086e+118,9.41210022712086e+118
constant_head,224,pump_2,obs_downstream,0.0521026742012035,-4.53225353776025e+119,-4.53225353776025e+119
constant_head,225,pump_2,obs_downstream,0.0519108527664006,2.18243767436207e+120,2.18243767436207e+120
constant_head,226,pump_2,obs_downstream,0.051720092988143,-1.05091962812582e+121,-1.05091962812582e+121
constant_head,227,pump_2,obs_downstream,0.0515303946530228,5.06054343615074e+121,5.06054343615074e+121
constant_head,228,pump_2,obs_downstream,0.0513417571751353,-2.43682763018129e+122,-2.43682763018129e+122
constant_head,229,pump_2,obs_downstream,0.0511541796164511,1.17341723752336e+123,1.17341723752336e+123
constant_head,230,pump_2,obs_downstream,0.0509676607061976,-5.65041202037964e+123,-5.65041202037964e+123
constant_head,231,pump_2,obs_downstream,0.0507821988592977,2.72086986445135e+124,2.72086986445135e+124
constant_head,232,pump_2,obs_downstream,0.0505977921939129,-1.3101934500667e+125,-1.3101934500667e+125
constant_head,233,pump_2,obs_downstream,0.0504144385481362,6.30903704372431e+125,6.30903704372431e+125
constant_head,234,pump_2,obs_downstream,0.0502321354958756,-3.0380207149608e+126,-3.0380207149608e+126
constant_head,235,pump_2,obs_downstream,0.0500508803619696,1.4629126125851e+127,1.4629126125851e+127
constant_head,236,pump_2,obs_downstream,0.049870670236571,-7.04443291489595e+127,-7.04443291489595e+127
constant_head,237,pump_2,obs_downstream,0.0496915019888363,3.39213939818179e+128,3.39213939818179e+128
constant_head,238,pump_2,obs_downstream,0.0495133722799542,-1.63343307200294e+129,-1.63343307200294e+129
constant_head,239,pump_2,obs_downstream,0.0493362775755447,7.86554822052152e+129,7.86554822052152e+129
constant_head,240,pump_2,obs_downstream,0.0491602141574612,-3.78753496973629e+130,-3.78753496973629e+130
constant_head,241,pump_2,obs_downstream,0.0489851781350225,1.82382978843707e+131,1.82382978843707e+131
constant_head,242,pump_2,obs_downstream,0.0488111654557038,-8.78237461507054e+131,-8.78237461507054e+131
constant_head,243,pump_2,obs_downstream,0.0486381719153126,4.22901875868209e+132,4.22901875868209e+132
constant_head,244,pump_2,obs_downstream,0.0484661931676734,-2.03641958412878e+133,-2.03641958412878e+133
constant_head,245,pump_2,obs_downstream,0.0482952247338464,9.80606840324249e+133,9.80606840324249e+133
constant_head,246,pump_2,obs_downstream,0.0481252620109007,-4.72196291366006e+134,-4.72196291366006e+134
constant_head,247,pump_2,obs_downstream,0.0479563002802645,2.27378933544948e+135,2.27378933544948e+135
constant_head,248,pump_2,obs_downstream,0.0477883347156729,-1.09490862942766e+136,-1.09490862942766e+136
constant_head,249,pump_2,obs_downstream,0.0476213603907303,5.27236577331463e+136,5.27236577331463e+136
constant_head,250,pump_2,obs_downstream,0.0474553722861084,-2.53882745103127e+137,-2.53882745103127e+137
constant_head,251,pump_2,obs_downstream,0.0472903652963952,1.22253369800966e+138,1.22253369800966e+138
constant_head,252,pump_2,obs_downstream,0.0471263342366123,-5.88692485644142e+138,-5.88692485644142e+138
constant_head,253,pump_2,obs_downstream,0.0469632738484153,2.83475901906093e+139,2.83475901906093e+139
constant_head,254,pump_2,obs_downstream,0.046801178805994,-1.36503503817524e+140,-1.36503503817524e+140
constant_head,255,pump_2,obs_downstream,0.0466400437216842,6.57311836003379e+140,6.57311836003379e+140
constant_head,256,pump_2,obs_downstream,0.0464798631513066,-3.16518505142335e+141,-3.16518505142335e+141
constant_head,257,pump_2,obs_downstream,0.0463206315992439,1.52414666236167e+142,1.52414666236167e+142
constant_head,258,pump_2,obs_downstream,0.0461623435232698,-7.33929615692961e+142,-7.33929615692961e+142
constant_head,259,pump_2,obs_downstream,0.0460049933391407,3.53412630223244e+143,3.53412630223244e+143
constant_head,260,pump_2,obs_downstream,0.045848575424961,-1.70180470348485e+144,-1.70180470348485e+144
constant_head,261,pump_2,obs_downstream,0.045693084125333,8.19478140035277e+144,8.19478140035277e+144
constant_head,262,pump_2,obs_downstream,0.0455385137553013,-3.94607219395108e+145,-3.94607219395108e+145
constant_head,263,pump_2,obs_downstream,0.0453848586041005,1.90017097456725e+146,1.90017097456725e+146
constant_head,264,pump_2,obs_downstream,0.0452321129387167,-9.14998397171402e+146,-9.14998397171402e+146
constant_head,265,pump_2,obs_downstream,0.0450802710072702,4.40603544645188e+147,4.40603544645188e+147
constant_head,266,pump_2,obs_downstream,0.0449293270422272,-2.12165927453029e+148,-2.12165927453029e+148
constant_head,267,pump_2,obs_downstream,0.0447792752634515,1.02165271521483e+149,1.02165271521483e+149
constant_head,268,pump_2,obs_downstream,0.0446301098810986,-4.91961307376712e+149,-4.91961307376712e+149
constant_head,269,pump_2,obs_downstream,0.0444818250983636,2.36896476025037e+150,2.36896476025037e+150
constant_head,270,pump_2,obs_downstream,0.0443344151140886,-1.14073890591781e+151,-1.14073890591781e+151
constant_head,271,pump_2,obs_downstream,0.0441878741252337,5.49305449076008e+151,5.49305449076008e+151
constant_head,272,pump_2,obs_downstream,0.0440421963292223,-2.64509674228939e+152,-2.64509674228939e+152
constant_head,273,pump_2,obs_downstream,0.043897375926161,1.2737060569559e+153,1.2737060569559e+153
constant_head,274,pump_2,obs_downstream,0.0437534071209457,-6.13333755846674e+153,-6.13333755846674e+153
constant_head,275,pump_2,obs_downstream,0.0436102841252536,2.95341530337098e+154,2.95341530337098e+154
constant_head,276,pump_2,obs_downstream,0.0434680011594308,-1.42217216499763e+155,-1.42217216499763e+155
constant_head,277,pump_2,obs_downstream,0.0433265524542769,6.84825349345727e+155,6.84825349345727e+155
constant_head,278,pump_2,obs_downstream,0.0431859322527338,-3.29767218519061e+156,-3.29767218519061e+156
constant_head,279,pump_2,obs_downstream,0.0430461348114808,1.58794382412527e+157,1.58794382412527e+157
constant_head,280,pump_2,obs_downstream,0.0429071544024437,-7.64650167442839e+157,-7.64650167442839e+157
constant_head,281,pump_2,obs_downstream,0.0427689853142168,3.68205644108627e+158,3.68205644108627e+158
constant_head,282,pump_2,obs_downstream,0.0426316218534065,-1.77303820918321e+159,-1.77303820918321e+159
constant_head,283,pump_2,obs_downstream,0.0424950583458984,8.53779549966966e+159,8.53779549966966e+159
constant_head,284,pump_2,obs_downstream,0.042359289138049,-4.11124541008962e+160,-4.11124541008962e+160
constant_head,285,pump_2,obs_downstream,0.0422243085978105,1.97970762155603e+161,1.97970762155603e+161
constant_head,286,pump_2,obs_downstream,0.0420901111157872,-9.53298058352015e+161,-9.53298058352015e+161
constant_head,287,pump_2,obs_downstream,0.0419566911062282,4.59046163262953e+162,4.59046163262953e+162
constant_head,288,pump_2,obs_downstream,0.04182404300796,-2.21046689605893e+163,-2.21046689605893e+163
constant_head,289,pump_2,obs_downstream,0.0416921612852614,1.06441667300756e+164,1.06441667300756e+164
constant_head,290,pump_2,obs_downstream,0.0415610404286829,-5.12553640046139e+164,-5.12553640046139e+164
constant_head,291,pump_2,obs_downstream,0.0414306749558129,2.46812400243828e+165,2.46812400243828e+165
constant_head,292,pump_2,obs_downstream,0.0413010594119944,-1.18848752900548e+166,-1.18848752900548e+166
constant_head,293,pump_2,obs_downstream,0.0411721883709931,5.72298071412178e+166,5.72298071412178e+166
constant_head,294,pump_2,obs_downstream,0.0410440564356206,-2.75581421385359e+167,-2.75581421385359e+167
constant_head,295,pump_2,obs_downstream,0.0409166582383129,1.32702036939205e+168,1.32702036939205e+168
constant_head,296,pump_2,obs_downstream,0.040789988441668,-6.39006451134796e+168,-6.39006451134796e+168
constant_head,297,pump_2,obs_downstream,0.0406640417389436,3.07703825811623e+169,3.07703825811623e+169
constant_head,298,pump_2,obs_downstream,0.0405388128545173,-1.48170091633609e+170,-1.48170091633609e+170
constant_head,299,pump_2,obs_downstream,0.0404142965443097,7.13490513054348e+170,7.13490513054348e+170
constant_head,300,pump_2,obs_downstream,0.0402904875961745,-3.43570491592438e+171,-3.43570491592438e+171
constant_head,301,pump_2,obs_downstream,0.0401673808302549,1.65441138366024e+172,1.65441138366024e+172
constant_head,302,pump_2,obs_downstream,0.0400449710993088,-7.9665660857495e+172,-7.9665660857495e+172
constant_head,303,pump_2,obs_downstream,0.0399232532890049,3.83617858444619e+173,3.83617858444619e+173
constant_head,304,pump_2,obs_downstream,0.0398022223181894,-1.84725338036019e+174,-1.84725338036019e+174
constant_head,305,pump_2,obs_downstream,0.0396818731391266,8.89516735505358e+174,8.89516735505358e+174
constant_head,306,pump_2,obs_downstream,0.0395622007377135,-4.2833323850236e+175,-4.2833323850236e+175
constant_head,307,pump_2,obs_downstream,0.0394432001336693,2.06257348381069e+176,2.06257348381069e+176
constant_head,308,pump_2,obs_downstream,0.0393248663807026,-9.93200852446928e+176,-9.93200852446928e+176
constant_head,309,pump_2,obs_downstream,0.0392071945666559,4.78260746123236e+177,4.78260746123236e+177
constant_head,310,pump_2,obs_downstream,0.0390901798136285,-2.30299179384341e+178,-2.30299179384341e+178
constant_head,311,pump_2,obs_downstream,0.0389738172780799,1.10897062857494e+179,1.10897062857494e+179
constant_head,312,pump_2,obs_downstream,0.0388581021509143,-5.34007918886025e+179,-5.34007918886025e+179
constant_head,313,pump_2,obs_downstream,0.0387430296575461,2.57143381515367e+180,2.57143381515367e+180
constant_head,314,pump_2,obs_downstream,0.038628595057949,-1.23823479612613e+181,-1.23823479612613e+181
constant_head,315,pump_2,obs_downstream,0.0385147936466873,5.96253110347274e+181,5.96253110347274e+181
constant_head,316,pump_2,obs_downstream,0.038401620752934,-2.87116605599397e+182,-2.87116605599397e+182
constant_head,317,pump_2,obs_downstream,0.0382890717404714,1.38256629240738e+183,1.38256629240738e+183
constant_head,318,pump_2,obs_downstream,0.0381771420076794,-6.65753744514563e+183,-6.65753744514563e+183
constant_head,319,pump_2,obs_downstream,0.03806582698751,3.20583577633297e+184,3.20583577633297e+184
constant_head,320,pump_2,obs_downstream,0.0379551221474485,-1.54372139991646e+185,-1.54372139991646e+185
constant_head,321,pump_2,obs_downstream,0.0378450229894642,7.43355532480189e+185,7.43355532480189e+185
constant_head,322,pump_2,obs_downstream,0.0377355250499479,-3.5795153691515e+186,-3.5795153691515e+186
constant_head,323,pump_2,obs_downstream,0.0376266238996397,1.72366111747926e+187,1.72366111747926e+187
constant_head,324,pump_2,obs_downstream,0.0375183151435469,-8.30002763366845e+187,-8.30002763366845e+187
constant_head,325,pump_2,obs_downstream,0.0374105944208517,3.99675191492441e+188,3.99675191492441e+188
constant_head,326,pump_2,obs_downstream,0.0373034574048088,-1.9245750224559e+189,-1.9245750224559e+189
constant_head,327,pump_2,obs_downstream,0.0371968998026371,9.26749794809609e+189,9.26749794809609e+189
constant_head,328,pump_2,obs_downstream,0.0370909173554002,-4.4626225122868e+190,-4.4626225122868e+190
constant_head,329,pump_2,obs_downstream,0.0369855058378813,2.14890791438053e+191,2.14890791438053e+191
constant_head,330,pump_2,obs_downstream,0.0368806610584505,-1.03477388279497e+192,-1.03477388279497e+192
constant_head,331,pump_2,obs_downstream,0.0367763788589235,4.9827960581701e+192,4.9827960581701e+192
constant_head,332,pump_2,obs_downstream,0.0366726551144173,-2.39938956424502e+193,-2.39938956424502e+193
constant_head,333,pump_2,obs_downstream,0.0365694857331965,1.15538950697536e+194,1.15538950697536e+194
constant_head,334,pump_2,obs_downstream,0.0364668666565156,-5.56360222917283e+194,-5.56360222917283e+194
constant_head,335,pump_2,obs_downstream,0.0363647938584562,2.67906793142766e+195,2.67906793142766e+195
constant_head,336,pump_2,obs_downstream,0.0362632633457582,-1.29006436577534e+196,-1.29006436577534e+196
constant_head,337,pump_2,obs_downstream,0.0361622711576472,6.2121085035587e+196,6.2121085035587e+196
constant_head,338,pump_2,obs_downstream,0.036061813365657,-2.99134625246341e+197,-2.99134625246341e+197
constant_head,339,pump_2,obs_downstream,0.0359618860734482,1.44043723592413e+198,1.44043723592413e+198
constant_head,340,pump_2,obs_downstream,0.0358624854166233,-6.93620616111588e+198,-6.93620616111588e+198
constant_head,341,pump_2,obs_downstream,0.0357636075625378,3.34002445296658e+199,3.34002445296658e+199
constant_head,342,pump_2,obs_downstream,0.0356652487101084,-1.6083379137364e+200,-1.6083379137364e+200
constant_head,343,pump_2,obs_downstream,0.0355674050896181,7.74470630735785e+200,7.74470630735785e+200
constant_head,344,pump_2,obs_downstream,0.0354700729625182,-3.72934538662245e+201,-3.72934538662245e+201
constant_head,345,pump_2,obs_downstream,0.0353732486212282,1.79580948079451e+202,1.79580948079451e+202
constant_head,346,pump_2,obs_downstream,0.035276928388933,-8.64744709052583e+202,-8.64744709052583e+202
constant_head,347,pump_2,obs_downstream,0.0351811086193785,4.16404646390221e+203,4.16404646390221e+203
constant_head,348,pump_2,obs_downstream,0.0350857856966639,-2.00513316496996e+204,-2.00513316496996e+204
constant_head,349,pump_2,obs_downstream,0.0349909560350341,9.65541341605189e+204,9.65541341605189e+204
constant_head,350,pump_2,obs_downstream,0.0348966160786691,-4.64941729873943e+205,-4.64941729873943e+205
constant_head,351,pump_2,obs_downstream,0.0348027623014724,2.23885609930277e+206,2.23885609930277e+206
constant_head,352,pump_2,obs_downstream,0.0347093912068578,-1.07808706152149e+207,-1.07808706152149e+207
constant_head,353,pump_2,obs_downstream,0.0346164993275363,5.19136407463619e+207,5.19136407463619e+207
constant_head,354,pump_2,obs_downstream,0.0345240832253003,-2.49982231651946e+208,-2.49982231651946e+208
constant_head,355,pump_2,obs_downstream,0.0344321394908078,1.2037513694523e+209,1.2037513694523e+209
constant_head,356,pump_2,obs_downstream,0.0343406647433666,-5.7964814134301e+209,-5.7964814134301e+209
constant_head,357,pump_2,obs_downstream,0.0342496556307163,2.79120735634369e+210,2.79120735634369e+210
constant_head,358,pump_2,obs_downstream,0.0341591088288113,-1.34406339819468e+211,-1.34406339819468e+211
constant_head,359,pump_2,obs_downstream,0.0340690210416027,6.47213262125052e+211,6.47213262125052e+211
constant_head,360,pump_2,obs_downstream,0.0339793890008198,-3.11655690671429e+212,-3.11655690671429e+212
constant_head,361,pump_2,obs_downstream,0.0338902094657525,1.50073051978219e+213,1.50073051978219e+213
constant_head,362,pump_2,obs_downstream,0.0338014792230321,-7.22653928812787e+213,-7.22653928812787e+213
constant_head,363,pump_2,obs_downstream,0.0337131950864141,3.47982994911274e+214,3.47982994911274e+214
constant_head,364,pump_2,obs_downstream,0.0336253538965586,-1.67565912146021e+215,-1.67565912146021e+215
constant_head,365,pump_2,obs_downstream,0.0335379525208135,8.06888133153951e+215,8.06888133153951e+215
constant_head,366,pump_2,obs_downstream,0.0334509878529963,-3.88544693300936e+216,-3.88544693300936e+216
