method,time,pump_id,reach_id,stream_depletion,rmse
ADF,1,pump_1,downstream,0,NA
ADF,2,pump_1,downstream,0,NA
ADF,3,pump_1,downstream,0,NA
ADF,4,pump_1,downstream,1.67053672219418e-14,NA
ADF,5,pump_1,downstream,1.40770561123563e-11,NA
ADF,6,pump_1,downstream,1.18169312963424e-09,NA
ADF,7,pump_1,downstream,2.89017609347306e-08,NA
ADF,8,pump_1,downstream,3.28574368956404e-07,NA
ADF,9,pump_1,downstream,2.23416709757198e-06,NA
ADF,10,pump_1,downstream,1.05399151388994e-05,NA
ADF,11,pump_1,downstream,3.79279272710246e-05,NA
ADF,12,pump_1,downstream,0.000111026332458091,NA
ADF,13,pump_1,downstream,0.000276711655614399,NA
ADF,14,pump_1,downstream,0.000607017520949248,NA
ADF,15,pump_1,downstream,0.00120149564665075,NA
ADF,16,pump_1,downstream,0.00218666967578366,NA
ADF,17,pump_1,downstream,0.00371291475585521,NA
ADF,18,pump_1,downstream,0.00594949595980761,NA
ADF,19,pump_1,downstream,0.0090786095465239,NA
ADF,20,pump_1,downstream,0.013289184637843,NA
ADF,21,pump_1,downstream,0.0187710208490357,NA
ADF,22,pump_1,downstream,0.0257096353873375,NA
ADF,23,pump_1,downstream,0.0342820144851263,NA
ADF,24,pump_1,downstream,0.0446533266665049,NA
ADF,25,pump_1,downstream,0.0569745612881065,NA
ADF,26,pump_1,downstream,0.071380999101541,NA
ADF,27,pump_1,downstream,0.0879913935324433,NA
ADF,28,pump_1,downstream,0.106907733332639,NA
ADF,29,pump_1,downstream,0.128215461992375,NA
ADF,30,pump_1,downstream,0.151984041292983,NA
ADF,31,pump_1,downstream,0.178267761761052,NA
ADF,32,pump_1,downstream,0.207106719011247,NA
ADF,33,pump_1,downstream,0.238527890496322,NA
ADF,34,pump_1,downstream,0.272546261187287,NA
ADF,35,pump_1,downstream,0.309165958822092,NA
ADF,36,pump_1,downstream,0.348381369520228,NA
ADF,37,pump_1,downstream,0.390178212867626,NA
ADF,38,pump_1,downstream,0.434534562223132,NA
ADF,39,pump_1,downstream,0.481421801211525,NA
ADF,40,pump_1,downstream,0.530805511378402,NA
ADF,41,pump_1,downstream,0.58264628900441,NA
ADF,42,pump_1,downstream,0.636900491300732,NA
ADF,43,pump_1,downstream,0.693520913799164,NA
ADF,44,pump_1,downstream,0.752457401845874,NA
ADF,45,pump_1,downstream,0.813657399821316,NA
ADF,46,pump_1,downstream,0.877066442131693,NA
ADF,47,pump_1,downstream,0.942628590222851,NA
ADF,48,pump_1,downstream,1.01028681991342,NA
ADF,49,pump_1,downstream,1.07998336327568,NA
ADF,50,pump_1,downstream,1.15166000914514,NA
ADF,51,pump_1,downstream,1.22525836613932,NA
ADF,52,pump_1,downstream,1.30072009183356,NA
ADF,53,pump_1,downstream,1.37798709149157,NA
ADF,54,pump_1,downstream,1.45700168949168,NA
ADF,55,pump_1,downstream,1.53770677633498,NA
ADF,56,pump_1,downstream,1.62004593387326,NA
ADF,57,pump_1,downstream,1.70396354115791,NA
ADF,58,pump_1,downstream,1.78940486308686,NA
ADF,59,pump_1,downstream,1.87631612381727,NA
ADF,60,pump_1,downstream,1.96464456671744,NA
ADF,61,pump_1,downstream,2.05433850245276,NA
ADF,62,pump_1,downstream,2.145347346636,NA
ADF,63,pump_1,downstream,2.23762164832299,NA
ADF,64,pump_1,downstream,2.33111311049278,NA
ADF,65,pump_1,downstream,2.42577460310034,NA
ADF,66,pump_1,downstream,2.5215601612419,NA
ADF,67,pump_1,downstream,2.61842490900823,NA
ADF,68,pump_1,downstream,2.71632470965847,NA
ADF,69,pump_1,downstream,2.81521521062878,NA
ADF,70,pump_1,downstream,2.91505006283224,NA
ADF,71,pump_1,downstream,3.01577848489625,NA
ADF,72,pump_1,downstream,3.11734272730394,NA
ADF,73,pump_1,downstream,3.21967609198994,NA
ADF,74,pump_1,downstream,3.32270196934859,NA
ADF,75,pump_1,downstream,3.42633403673883,NA
ADF,76,pump_1,downstream,3.53047748558582,NA
ADF,77,pump_1,downstream,3.63503098407498,NA
ADF,78,pump_1,downstream,3.73988903804247,NA
ADF,79,pump_1,downstream,3.84494444720896,NA
ADF,80,pump_1,downstream,3.95009062669644,NA
ADF,81,pump_1,downstream,4.05522364455652,NA
ADF,82,pump_1,downstream,4.16024389747985,NA
ADF,83,pump_1,downstream,4.2650574017874,NA
ADF,84,pump_1,downstream,4.36957671441341,NA
ADF,85,pump_1,downstream,4.47372152125478,NA
ADF,86,pump_1,downstream,4.57741894147159,NA
ADF,87,pump_1,downstream,4.68060359952903,NA
ADF,88,pump_1,downstream,4.78321751487053,NA
ADF,89,pump_1,downstream,4.88520985430673,NA
ADF,90,pump_1,downstream,4.98653658604615,NA
ADF,91,pump_1,downstream,5.08716006779729,NA
ADF,92,pump_1,downstream,5.18704859515403,NA
ADF,93,pump_1,downstream,5.28617593087019,NA
ADF,94,pump_1,downstream,5.38452083077903,NA
ADF,95,pump_1,downstream,5.48206657803798,NA
ADF,96,pump_1,downstream,5.57880053341164,NA
ADF,97,pump_1,downstream,5.67471369473975,NA
ADF,98,pump_1,downstream,5.7698001788531,NA
ADF,99,pump_1,downstream,5.86405632781527,NA
ADF,100,pump_1,downstream,5.95747894210239,NA
ADF,101,pump_1,downstream,6.0500623089642,NA
ADF,102,pump_1,downstream,6.14179428045401,NA
ADF,103,pump_1,downstream,6.2326522317443,NA
ADF,104,pump_1,downstream,6.32259988101187,NA
ADF,105,pump_1,downstream,6.41158566168803,NA
ADF,106,pump_1,downstream,6.49954286103744,NA
ADF,107,pump_1,downstream,6.58639132359028,NA
ADF,108,pump_1,downstream,6.67204027787087,NA
ADF,109,pump_1,downstream,6.75639177838172,NA
ADF,110,pump_1,downstream,6.8393443067345,NA
ADF,111,pump_1,downstream,6.92079618513645,NA
ADF,112,pump_1,downstream,7.00064857675415,NA
ADF,113,pump_1,downstream,7.07880795476815,NA
ADF,114,pump_1,downstream,7.15518800445444,NA
ADF,115,pump_1,downstream,7.22971097916298,NA
ADF,116,pump_1,downstream,7.30230856517444,NA
ADF,117,pump_1,downstream,7.37292232733741,NA
ADF,118,pump_1,downstream,7.44150381229518,NA
ADF,119,pump_1,downstream,7.50801438335124,NA
ADF,120,pump_1,downstream,7.57242485389761,NA
ADF,121,pump_1,downstream,7.63471497716831,NA
ADF,122,pump_1,downstream,7.69487284040399,NA
ADF,123,pump_1,downstream,7.75289420225014,NA
ADF,124,pump_1,downstream,7.80878180385775,NA
ADF,125,pump_1,downstream,7.86254467693102,NA
ADF,126,pump_1,downstream,7.91419746591174,NA
ADF,127,pump_1,downstream,7.96375977654217,NA
ADF,128,pump_1,downstream,8.01125555909246,NA
ADF,129,pump_1,downstream,8.05671253144027,NA
ADF,130,pump_1,downstream,8.10016164480994,NA
ADF,131,pump_1,downstream,8.14163659318886,NA
ADF,132,pump_1,downstream,8.1811733661252,NA
ADF,133,pump_1,downstream,8.21880984367482,NA
ADF,134,pump_1,downstream,8.25458543162473,NA
ADF,135,pump_1,downstream,8.2885407347071,NA
ADF,136,pump_1,downstream,8.32071726527771,NA
ADF,137,pump_1,downstream,8.35115718482095,NA
ADF,138,pump_1,downstream,8.3799030756266,NA
ADF,139,pump_1,downstream,8.40699774003401,NA
ADF,140,pump_1,downstream,8.43248402473603,NA
ADF,141,pump_1,downstream,8.45640466776289,NA
ADF,142,pump_1,downstream,8.47880216591203,NA
ADF,143,pump_1,downstream,8.49971866054619,NA
ADF,144,pump_1,downstream,8.519195839841,NA
ADF,145,pump_1,downstream,8.53727485572081,NA
ADF,146,pump_1,downstream,8.55399625387437,NA
ADF,147,pump_1,downstream,8.56939991538797,NA
ADF,148,pump_1,downstream,8.58352500867065,NA
ADF,149,pump_1,downstream,8.59640995047514,NA
ADF,150,pump_1,downstream,8.60809237493659,NA
ADF,151,pump_1,downstream,8.61860910966109,NA
ADF,152,pump_1,downstream,8.62799615799591,NA
ADF,153,pump_1,downstream,8.6362886867053,NA
ADF,154,pump_1,downstream,8.64352101835851,NA
ADF,155,pump_1,downstream,8.64972662781208,NA
ADF,156,pump_1,downstream,8.65493814223634,NA
ADF,157,pump_1,downstream,8.65918734419748,NA
ADF,158,pump_1,downstream,8.66250517736143,NA
ADF,159,pump_1,downstream,8.66492175443542,NA
ADF,160,pump_1,downstream,8.66646636700721,NA
ADF,161,pump_1,downstream,8.66716749698175,NA
ADF,162,pump_1,downstream,8.66705282935037,NA
ADF,163,pump_1,downstream,8.66614926605926,NA
ADF,164,pump_1,downstream,8.66448294077215,NA
ADF,165,pump_1,downstream,8.66207923434736,NA
ADF,166,pump_1,downstream,8.6589627908713,NA
ADF,167,pump_1,downstream,8.65515753411101,NA
ADF,168,pump_1,downstream,8.65068668426539,NA
ADF,169,pump_1,downstream,8.64557277491079,NA
ADF,170,pump_1,downstream,8.63983767005009,NA
ADF,171,pump_1,downstream,8.63350258118747,NA
ADF,172,pump_1,downstream,8.6265880843609,NA
ADF,173,pump_1,downstream,8.61911413707495,NA
ADF,174,pump_1,downstream,8.61110009508444,NA
ADF,175,pump_1,downstream,8.60256472898713,NA
ADF,176,pump_1,downstream,8.5935262405903,NA
ADF,177,pump_1,downstream,8.58400227902185,NA
ADF,178,pump_1,downstream,8.57400995656159,NA
ADF,179,pump_1,downstream,8.56356586417301,NA
ADF,180,pump_1,downstream,8.55268608671964,NA
ADF,181,pump_1,downstream,8.54138621785367,NA
ADF,182,pump_1,downstream,8.52968137456738,NA
ADF,183,pump_1,downstream,8.51758621140059,NA
ADF,184,pump_1,downstream,8.50511493429978,NA
ADF,185,pump_1,downstream,8.49228131412616,NA
ADF,186,pump_1,downstream,8.47909869981211,NA
ADF,187,pump_1,downstream,8.46558003116636,NA
ADF,188,pump_1,downstream,8.45173785133014,NA
ADF,189,pump_1,downstream,8.43758431888707,NA
ADF,190,pump_1,downstream,8.42313121963073,NA
ADF,191,pump_1,downstream,8.40838997799471,NA
ADF,192,pump_1,downstream,8.39337166815021,NA
ADF,193,pump_1,downstream,8.37808702477722,NA
ADF,194,pump_1,downstream,8.36254645351556,NA
ADF,195,pump_1,downstream,8.34676004110215,NA
ADF,196,pump_1,downstream,8.33073756520173,NA
ADF,197,pump_1,downstream,8.31448850393781,NA
ADF,198,pump_1,downstream,8.2980220451313,NA
ADF,199,pump_1,downstream,8.28134709525409,NA
ADF,200,pump_1,downstream,8.26447228810487,NA
ADF,201,pump_1,downstream,8.24740599321486,NA
ADF,202,pump_1,downstream,8.23015632399052,NA
ADF,203,pump_1,downstream,8.21273114560083,NA
ADF,204,pump_1,downstream,8.19513808261633,NA
ADF,205,pump_1,downstream,8.17738452640728,NA
ADF,206,pump_1,downstream,8.15947764230778,NA
ADF,207,pump_1,downstream,8.14142437655308,NA
ADF,208,pump_1,downstream,8.12323146299689,NA
ADF,209,pump_1,downstream,8.10490542961542,NA
ADF,210,pump_1,downstream,8.08645260480463,NA
ADF,211,pump_1,downstream,8.06787912347742,NA
ADF,212,pump_1,downstream,8.04919093296675,NA
ADF,213,pump_1,downstream,8.03039379874099,NA
ADF,214,pump_1,downstream,8.01149330993743,NA
ADF,215,pump_1,downstream,7.99249488471988,NA
ADF,216,pump_1,downstream,7.97340377546585,NA
ADF,217,pump_1,downstream,7.95422507378888,NA
ADF,218,pump_1,downstream,7.93496371540145,NA
ADF,219,pump_1,downstream,7.91562448482357,NA
ADF,220,pump_1,downstream,7.8962120199421,NA
ADF,221,pump_1,downstream,7.87673081642564,NA
ADF,222,pump_1,downstream,7.85718523199985,NA
ADF,223,pump_1,downstream,7.83757949058768,NA
ADF,224,pump_1,downstream,7.81791768631886,NA
ADF,225,pump_1,downstream,7.79820378741328,NA
ADF,226,pump_1,downstream,7.77844163994195,NA
ADF,227,pump_1,downstream,7.75863497146999,NA
ADF,228,pump_1,downstream,7.73878739458528,NA
ADF,229,pump_1,downstream,7.71890241031665,NA
ADF,230,pump_1,downstream,7.69898341144524,NA
ADF,231,pump_1,downstream,7.67903368571246,NA
ADF,232,pump_1,downstream,7.6590564189281,NA
ADF,233,pump_1,downstream,7.63905469798185,NA
ADF,234,pump_1,downstream,7.61903151376122,NA
ADF,235,pump_1,downstream,7.5989897639792,NA
ADF,236,pump_1,downstream,7.57893225591443,NA
ADF,237,pump_1,downstream,7.55886170906693,NA
ADF,238,pump_1,downstream,7.53878075773191,NA
ADF,239,pump_1,downstream,7.51869195349461,NA
ADF,240,pump_1,downstream,7.4985977676485,NA
ADF,241,pump_1,downstream,7.47850059353962,NA
ADF,242,pump_1,downstream,7.45840274883912,NA
ADF,243,pump_1,downstream,7.43830647774673,NA
ADF,244,pump_1,downstream,7.41821395312705,NA
ADF,245,pump_1,downstream,7.39812727858099,NA
ADF,246,pump_1,downstream,7.37804849045461,NA
ADF,247,pump_1,downstream,7.35797955978704,NA
ADF,248,pump_1,downstream,7.33792239419979,NA
ADF,249,pump_1,downstream,7.31787883972907,NA
ADF,250,pump_1,downstream,7.29785068260311,NA
ADF,251,pump_1,downstream,7.2778396509662,NA
ADF,252,pump_1,downstream,7.2578474165512,NA
ADF,253,pump_1,downstream,7.23787559630199,NA
ADF,254,pump_1,downstream,7.21792575394769,NA
ADF,255,pump_1,downstream,7.19799940153004,NA
ADF,256,pump_1,downstream,7.17809800088546,NA
ADF,257,pump_1,downstream,7.15822296508329,NA
ADF,258,pump_1,downstream,7.13837565982141,NA
ADF,259,pump_1,downstream,7.1185574047808,NA
ADF,260,pump_1,downstream,7.09876947494023,NA
ADF,261,pump_1,downstream,7.0790131018523,NA
ADF,262,pump_1,downstream,7.05928947488217,NA
ADF,263,pump_1,downstream,7.0395997424099,NA
ADF,264,pump_1,downstream,7.01994501299785,NA
ADF,265,pump_1,downstream,7.000326356524,NA
ADF,266,pump_1,downstream,6.98074480528231,NA
ADF,267,pump_1,downstream,6.96120135505116,NA
ADF,268,pump_1,downstream,6.94169696613086,NA
ADF,269,pump_1,downstream,6.92223256435113,NA
ADF,270,pump_1,downstream,6.90280904204957,NA
ADF,271,pump_1,downstream,6.88342725902186,NA
ADF,272,pump_1,downstream,6.86408804344478,NA
ADF,273,pump_1,downstream,6.84479219277261,NA
ADF,274,pump_1,downstream,6.82554047460797,NA
ADF,275,pump_1,downstream,6.80633362754771,NA
ADF,276,pump_1,downstream,6.78717236200466,NA
ADF,277,pump_1,downstream,6.76805736100599,NA
ADF,278,pump_1,downstream,6.74898928096891,NA
ADF,279,pump_1,downstream,6.72996875245432,NA
ADF,280,pump_1,downstream,6.71099638089906,NA
ADF,281,pump_1,downstream,6.69207274732754,NA
ADF,282,pump_1,downstream,6.67319840904325,NA
ADF,283,pump_1,downstream,6.65437390030075,NA
ADF,284,pump_1,downstream,6.63559973295875,NA
ADF,285,pump_1,downstream,6.61687639711491,NA
ADF,286,pump_1,downstream,6.59820436172276,NA
ADF,287,pump_1,downstream,6.57958407519137,NA
ADF,288,pump_1,downstream,6.56101596596829,NA
ADF,289,pump_1,downstream,6.54250044310616,NA
ADF,290,pump_1,downstream,6.52403789681359,NA
ADF,291,pump_1,downstream,6.50562869899064,NA
ADF,292,pump_1,downstream,6.4872732037495,NA
ADF,293,pump_1,downstream,6.46897174792067,NA
ADF,294,pump_1,downstream,6.45072465154512,NA
ADF,295,pump_1,downstream,6.43253221835288,NA
ADF,296,pump_1,downstream,6.41439473622834,NA
ADF,297,pump_1,downstream,6.39631247766283,NA
ADF,298,pump_1,downstream,6.37828570019455,NA
ADF,299,pump_1,downstream,6.36031464683655,NA
ADF,300,pump_1,downstream,6.34239954649296,NA
ADF,301,pump_1,downstream,6.3245406143637,NA
ADF,302,pump_1,downstream,6.30673805233812,NA
ADF,303,pump_1,downstream,6.28899204937792,NA
ADF,304,pump_1,downstream,6.27130278188963,NA
ADF,305,pump_1,downstream,6.25367041408678,NA
ADF,306,pump_1,downstream,6.23609509834235,NA
ADF,307,pump_1,downstream,6.21857697553149,NA
ADF,308,pump_1,downstream,6.20111617536507,NA
ADF,309,pump_1,downstream,6.183712816714,NA
ADF,310,pump_1,downstream,6.16636700792484,NA
ADF,311,pump_1,downstream,6.14907884712689,NA
ADF,312,pump_1,downstream,6.13184842253082,NA
ADF,313,pump_1,downstream,6.11467581271937,NA
ADF,314,pump_1,downstream,6.0975610869301,NA
ADF,315,pump_1,downstream,6.08050430533055,NA
ADF,316,pump_1,downstream,6.06350551928593,NA
ADF,317,pump_1,downstream,6.04656477161962,NA
ADF,318,pump_1,downstream,6.0296820968667,NA
ADF,319,pump_1,downstream,6.01285752152055,NA
ADF,320,pump_1,downstream,5.99609106427294,NA
ADF,321,pump_1,downstream,5.97938273624754,NA
ADF,322,pump_1,downstream,5.96273254122729,NA
ADF,323,pump_1,downstream,5.94614047587558,NA
ADF,324,pump_1,downstream,5.92960652995155,NA
ADF,325,pump_1,downstream,5.91313068651958,NA
ADF,326,pump_1,downstream,5.89671292215321,NA
ADF,327,pump_1,downstream,5.8803532071336,NA
ADF,328,pump_1,downstream,5.86405150564263,NA
ADF,329,pump_1,downstream,5.84780777595095,NA
ADF,330,pump_1,downstream,5.83162197060087,NA
ADF,331,pump_1,downstream,5.81549403658444,NA
ADF,332,pump_1,downstream,5.79942391551686,NA
ADF,333,pump_1,downstream,5.78341154380508,NA
ADF,334,pump_1,downstream,5.76745685281202,NA
ADF,335,pump_1,downstream,5.75155976901644,NA
ADF,336,pump_1,downstream,5.73572021416848,NA
ADF,337,pump_1,downstream,5.71993810544109,NA
ADF,338,pump_1,downstream,5.70421335557741,NA
ADF,339,pump_1,downstream,5.68854587303423,NA
ADF,340,pump_1,downstream,5.67293556212167,NA
ADF,341,pump_1,downstream,5.6573823231391,NA
ADF,342,pump_1,downstream,5.64188605250744,NA
ADF,343,pump_1,downstream,5.62644664289798,NA
ADF,344,pump_1,downstream,5.61106398335771,NA
ADF,345,pump_1,downstream,5.5957379594314,NA
ADF,346,pump_1,downstream,5.58046845328037,NA
ADF,347,pump_1,downstream,5.56525534379809,NA
ADF,348,pump_1,downstream,5.55009850672278,NA
ADF,349,pump_1,downstream,5.53499781474689,NA
ADF,350,pump_1,downstream,5.51995313762383,NA
ADF,351,pump_1,downstream,5.5049643422717,NA
ADF,352,pump_1,downstream,5.49003129287437,NA
ADF,353,pump_1,downstream,5.47515385097974,NA
ADF,354,pump_1,downstream,5.4603318755956,NA
ADF,355,pump_1,downstream,5.44556522328267,NA
ADF,356,pump_1,downstream,5.43085374824537,NA
ADF,357,pump_1,downstream,5.41619730242006,NA
ADF,358,pump_1,downstream,5.40159573556095,NA
ADF,359,pump_1,downstream,5.3870488953237,NA
ADF,360,pump_1,downstream,5.37255662734685,NA
ADF,361,pump_1,downstream,5.35811877533095,NA
ADF,362,pump_1,downstream,5.34373518111575,NA
ADF,363,pump_1,downstream,5.3294056847551,NA
ADF,364,pump_1,downstream,5.31513012459006,NA
ADF,365,pump_1,downstream,5.3009083373199,NA
ADF,1,pump_1,upstream_1,0,NA
ADF,2,pump_1,upstream_1,3.95889947129793e-14,NA
ADF,3,pump_1,upstream_1,2.77533176042014e-09,NA
ADF,4,pump_1,upstream_1,7.23766124371016e-07,NA
ADF,5,pump_1,upstream_1,2.16313892212113e-05,NA
ADF,6,pump_1,upstream_1,0.000222876123405715,NA
ADF,7,pump_1,upstream_1,0.00123995670501637,NA
ADF,8,pump_1,upstream_1,0.00462686595110553,NA
ADF,9,pump_1,upstream_1,0.0131006088556259,NA
ADF,10,pump_1,upstream_1,0.0304147359877871,NA
ADF,11,pump_1,upstream_1,0.060952165709683,NA
ADF,12,pump_1,upstream_1,0.109232706117489,NA
ADF,13,pump_1,upstream_1,0.179485862331996,NA
ADF,14,pump_1,upstream_1,0.275355417651543,NA
ADF,15,pump_1,upstream_1,0.399740178954704,NA
ADF,16,pump_1,upstream_1,0.554745071325021,NA
ADF,17,pump_1,upstream_1,0.741708821198051,NA
ADF,18,pump_1,upstream_1,0.961277726924817,NA
ADF,19,pump_1,upstream_1,1.21350216933807,NA
ADF,20,pump_1,upstream_1,1.49793983626365,NA
ADF,21,pump_1,upstream_1,1.81375566048116,NA
ADF,22,pump_1,upstream_1,2.1598128944176,NA
ADF,23,pump_1,upstream_1,2.53475274701206,NA
ADF,24,pump_1,upstream_1,2.93706191177294,NA
ADF,25,pump_1,upstream_1,3.36512843574037,NA
ADF,26,pump_1,upstream_1,3.81728697336537,NA
ADF,27,pump_1,upstream_1,4.29185472705262,NA
ADF,28,pump_1,upstream_1,4.78715942971859,NA
ADF,29,pump_1,upstream_1,5.30156066260121,NA
ADF,30,pump_1,upstream_1,5.83346568052846,NA
ADF,31,pump_1,upstream_1,6.38134077200973,NA
ADF,32,pump_1,upstream_1,6.94371903353319,NA
ADF,33,pump_1,upstream_1,7.51920529772398,NA
ADF,34,pump_1,upstream_1,8.1064788291136,NA
ADF,35,pump_1,upstream_1,8.70429429125234,NA
ADF,36,pump_1,upstream_1,9.31148139480269,NA
ADF,37,pump_1,upstream_1,9.92694355703059,NA
ADF,38,pump_1,upstream_1,10.5496558372072,NA
ADF,39,pump_1,upstream_1,11.1786623581208,NA
ADF,40,pump_1,upstream_1,11.8130733794767,NA
ADF,41,pump_1,upstream_1,12.4520621528675,NA
ADF,42,pump_1,upstream_1,13.0948616588266,NA
ADF,43,pump_1,upstream_1,13.7407613030269,NA
ADF,44,pump_1,upstream_1,14.3891036299241,NA
ADF,45,pump_1,upstream_1,15.0392810972071,NA
ADF,46,pump_1,upstream_1,15.6907329425803,NA
ADF,47,pump_1,upstream_1,16.3429421650802,NA
ADF,48,pump_1,upstream_1,16.9954326358218,NA
ADF,49,pump_1,upstream_1,17.6477663473969,NA
ADF,50,pump_1,upstream_1,18.2995408067616,NA
ADF,51,pump_1,upstream_1,18.950386573114,NA
ADF,52,pump_1,upstream_1,19.5999649397445,NA
ADF,53,pump_1,upstream_1,20.2479657569797,NA
ADF,54,pump_1,upstream_1,20.8941053919946,NA
ADF,55,pump_1,upstream_1,21.5381248203257,NA
ADF,56,pump_1,upstream_1,22.1797878432948,NA
ADF,57,pump_1,upstream_1,22.8188794251693,NA
ADF,58,pump_1,upstream_1,23.4552041436981,NA
ADF,59,pump_1,upstream_1,24.0885847476118,NA
ADF,60,pump_1,upstream_1,24.7188608147365,NA
ADF,61,pump_1,upstream_1,25.3458875045094,NA
ADF,62,pump_1,upstream_1,25.9695343977711,NA
ADF,63,pump_1,upstream_1,26.5896841363209,NA
ADF,64,pump_1,upstream_1,27.2062242073932,NA
ADF,65,pump_1,upstream_1,27.8189972444764,NA
ADF,66,pump_1,upstream_1,28.427666300183,NA
ADF,67,pump_1,upstream_1,29.0315367894969,NA
ADF,68,pump_1,upstream_1,29.6294579419506,NA
ADF,69,pump_1,upstream_1,30.2198727014125,NA
ADF,70,pump_1,upstream_1,30.8009799602297,NA
ADF,71,pump_1,upstream_1,31.370930959779,NA
ADF,72,pump_1,upstream_1,31.9279996198268,NA
ADF,73,pump_1,upstream_1,32.4707001981818,NA
ADF,74,pump_1,upstream_1,32.997850521586,NA
ADF,75,pump_1,upstream_1,33.5085911111666,NA
ADF,76,pump_1,upstream_1,34.0023737042289,NA
ADF,77,pump_1,upstream_1,34.4789313705151,NA
ADF,78,pump_1,upstream_1,34.9382395597449,NA
ADF,79,pump_1,upstream_1,35.3804744888676,NA
ADF,80,pump_1,upstream_1,35.8059728673794,NA
ADF,81,pump_1,upstream_1,36.2151951896793,NA
ADF,82,pump_1,upstream_1,36.6086936227069,NA
ADF,83,pump_1,upstream_1,36.9870847557845,NA
ADF,84,pump_1,upstream_1,37.3510270314209,NA
ADF,85,pump_1,upstream_1,37.7012024382136,NA
ADF,86,pump_1,upstream_1,38.0383019439882,NA
ADF,87,pump_1,upstream_1,38.3630141259525,NA
ADF,88,pump_1,upstream_1,38.6760164795759,NA
ADF,89,pump_1,upstream_1,38.9779689363851,NA
ADF,90,pump_1,upstream_1,39.269509178873,NA
ADF,91,pump_1,upstream_1,39.5512493999777,NA
ADF,92,pump_1,upstream_1,39.8237742105322,NA
ADF,93,pump_1,upstream_1,40.0876394468405,NA
ADF,94,pump_1,upstream_1,40.3433712536521,NA
ADF,95,pump_1,upstream_1,40.5914553041132,NA
ADF,96,pump_1,upstream_1,40.8322640889718,NA
ADF,97,pump_1,upstream_1,41.0658568597299,NA
ADF,98,pump_1,upstream_1,41.2917146956872,NA
ADF,99,pump_1,upstream_1,41.5085948925433,NA
ADF,100,pump_1,upstream_1,41.7146080344705,NA
ADF,101,pump_1,upstream_1,41.9074635449684,NA
ADF,102,pump_1,upstream_1,42.0847664387883,NA
ADF,103,pump_1,upstream_1,42.2442748999117,NA
ADF,104,pump_1,upstream_1,42.3840787748333,NA
ADF,105,pump_1,upstream_1,42.5026963340301,NA
ADF,106,pump_1,upstream_1,42.5991047814955,NA
ADF,107,pump_1,upstream_1,42.6727247625614,NA
ADF,108,pump_1,upstream_1,42.7233771667632,NA
ADF,109,pump_1,upstream_1,42.7512262320529,NA
ADF,110,pump_1,upstream_1,42.7567185652061,NA
ADF,111,pump_1,upstream_1,42.7405240789463,NA
ADF,112,pump_1,upstream_1,42.7034821928056,NA
ADF,113,pump_1,upstream_1,42.646554843993,NA
ADF,114,pump_1,upstream_1,42.5707867127822,NA
ADF,115,pump_1,upstream_1,42.4772723947744,NA
ADF,116,pump_1,upstream_1,42.3671298959738,NA
ADF,117,pump_1,upstream_1,42.2414796720582,NA
ADF,118,pump_1,upstream_1,42.1014284010886,NA
ADF,119,pump_1,upstream_1,41.9480567161587,NA
ADF,120,pump_1,upstream_1,41.7824101970495,NA
ADF,121,pump_1,upstream_1,41.6054930067903,NA
ADF,122,pump_1,upstream_1,41.4182636477277,NA
ADF,123,pump_1,upstream_1,41.2216323954394,NA
ADF,124,pump_1,upstream_1,41.01646004427,NA
ADF,125,pump_1,upstream_1,40.8035576641653,NA
ADF,126,pump_1,upstream_1,40.583687124829,NA
ADF,127,pump_1,upstream_1,40.3575621906487,NA
ADF,128,pump_1,upstream_1,40.1258500292771,NA
ADF,129,pump_1,upstream_1,39.8891730092339,NA
ADF,130,pump_1,upstream_1,39.6481106884536,NA
ADF,131,pump_1,upstream_1,39.4032019172636,NA
ADF,132,pump_1,upstream_1,39.1549469966911,NA
ADF,133,pump_1,upstream_1,38.9038098469817,NA
ADF,134,pump_1,upstream_1,38.6502201523931,NA
ADF,135,pump_1,upstream_1,38.3945754572109,NA
ADF,136,pump_1,upstream_1,38.137243194971,NA
ADF,137,pump_1,upstream_1,37.8785626383958,NA
ADF,138,pump_1,upstream_1,37.6188467618798,NA
ADF,139,pump_1,upstream_1,37.3583840117041,NA
ADF,140,pump_1,upstream_1,37.0974399817377,NA
ADF,141,pump_1,upstream_1,36.8362589943392,NA
ADF,142,pump_1,upstream_1,36.5750655876342,NA
ADF,143,pump_1,upstream_1,36.3140659114216,NA
ADF,144,pump_1,upstream_1,36.0534490347294,NA
ADF,145,pump_1,upstream_1,35.7933881685689,NA
ADF,146,pump_1,upstream_1,35.5340418077801,NA
ADF,147,pump_1,upstream_1,35.2755547960541,NA
ADF,148,pump_1,upstream_1,35.0180593183094,NA
ADF,149,pump_1,upstream_1,34.7616758245967,NA
ADF,150,pump_1,upstream_1,34.5065138896493,NA
ADF,151,pump_1,upstream_1,34.2526730120881,NA
ADF,152,pump_1,upstream_1,34.0002433571542,NA
ADF,153,pump_1,upstream_1,33.7493064466774,NA
ADF,154,pump_1,upstream_1,33.4999357998171,NA
ADF,155,pump_1,upstream_1,33.252197527928,NA
ADF,156,pump_1,upstream_1,33.006150886716,NA
ADF,157,pump_1,upstream_1,32.7618487886666,NA
ADF,158,pump_1,upstream_1,32.5193382785417,NA
ADF,159,pump_1,upstream_1,32.2786609745682,NA
ADF,160,pump_1,upstream_1,32.0398534777658,NA
ADF,161,pump_1,upstream_1,31.8029477517023,NA
ADF,162,pump_1,upstream_1,31.5679714748044,NA
ADF,163,pump_1,upstream_1,31.3349483672098,NA
ADF,164,pump_1,upstream_1,31.1038984940021,NA
ADF,165,pump_1,upstream_1,30.8748385465435,NA
ADF,166,pump_1,upstream_1,30.6477821034953,NA
ADF,167,pump_1,upstream_1,30.4227398730022,NA
ADF,168,pump_1,upstream_1,30.1997199174089,NA
ADF,169,pump_1,upstream_1,29.9787278617799,NA
ADF,170,pump_1,upstream_1,29.759767087397,NA
ADF,171,pump_1,upstream_1,29.5428389113248,NA
ADF,172,pump_1,upstream_1,29.3279427530551,NA
ADF,173,pump_1,upstream_1,29.1150762891651,NA
ADF,174,pump_1,upstream_1,28.9042355968551,NA
ADF,175,pump_1,upstream_1,28.6954152871692,NA
ADF,176,pump_1,upstream_1,28.4886086286421,NA
ADF,177,pump_1,upstream_1,28.2838076620603,NA
ADF,178,pump_1,upstream_1,28.0810033069752,NA
ADF,179,pump_1,upstream_1,27.8801854605601,NA
ADF,180,pump_1,upstream_1,27.6813430893566,NA
ADF,181,pump_1,upstream_1,27.4844643144194,NA
ADF,182,pump_1,upstream_1,27.289536490328,NA
ADF,183,pump_1,upstream_1,27.0965462785022,NA
ADF,184,pump_1,upstream_1,26.905479715224,NA
ADF,185,pump_1,upstream_1,26.7163222747417,NA
ADF,186,pump_1,upstream_1,26.5290589278017,NA
ADF,187,pump_1,upstream_1,26.3436741959319,NA
ADF,188,pump_1,upstream_1,26.1601522017738,NA
ADF,189,pump_1,upstream_1,25.9784767157417,NA
ADF,190,pump_1,upstream_1,25.7986311992658,NA
ADF,191,pump_1,upstream_1,25.6205988448576,NA
ADF,192,pump_1,upstream_1,25.4443626132202,NA
ADF,193,pump_1,upstream_1,25.269905267609,NA
ADF,194,pump_1,upstream_1,25.0972094056342,NA
ADF,195,pump_1,upstream_1,24.9262574886825,NA
ADF,196,pump_1,upstream_1,24.7570318691232,NA
ADF,197,pump_1,upstream_1,24.5895148154531,NA
ADF,198,pump_1,upstream_1,24.4236885355214,NA
ADF,199,pump_1,upstream_1,24.2595351979692,NA
ADF,200,pump_1,upstream_1,24.0970369520043,NA
ADF,201,pump_1,upstream_1,23.9361759456298,NA
ADF,202,pump_1,upstream_1,23.7769343424299,NA
ADF,203,pump_1,upstream_1,23.6192943370143,NA
ADF,204,pump_1,upstream_1,23.463238169213,NA
ADF,205,pump_1,upstream_1,23.3087481371086,NA
ADF,206,pump_1,upstream_1,23.1558066089845,NA
ADF,207,pump_1,upstream_1,23.0043960342664,NA
ADF,208,pump_1,upstream_1,22.8544989535238,NA
ADF,209,pump_1,upstream_1,22.7060980075988,NA
ADF,210,pump_1,upstream_1,22.5591759459213,NA
ADF,211,pump_1,upstream_1,22.4137156340673,NA
ADF,212,pump_1,upstream_1,22.269700060613,NA
ADF,213,pump_1,upstream_1,22.1271123433337,NA
ADF,214,pump_1,upstream_1,21.985935734792,NA
ADF,215,pump_1,upstream_1,21.8461536273606,NA
ADF,216,pump_1,upstream_1,21.7077495577156,NA
ADF,217,pump_1,upstream_1,21.5707072108415,NA
ADF,218,pump_1,upstream_1,21.4350104235787,NA
ADF,219,pump_1,upstream_1,21.3006431877489,NA
ADF,220,pump_1,upstream_1,21.1675896528855,NA
ADF,221,pump_1,upstream_1,21.0358341286003,NA
ADF,222,pump_1,upstream_1,20.9053610866095,NA
ADF,223,pump_1,upstream_1,20.7761551624466,NA
ADF,224,pump_1,upstream_1,20.6482011568819,NA
ADF,225,pump_1,upstream_1,20.5214840370728,NA
ADF,226,pump_1,upstream_1,20.3959889374626,NA
ADF,227,pump_1,upstream_1,20.2717011604478,NA
ADF,228,pump_1,upstream_1,20.1486061768304,NA
ADF,229,pump_1,upstream_1,20.0266896260721,NA
ADF,230,pump_1,upstream_1,19.9059373163647,NA
ADF,231,pump_1,upstream_1,19.7863352245316,NA
ADF,232,pump_1,upstream_1,19.667869495773,NA
ADF,233,pump_1,upstream_1,19.5505264432676,NA
ADF,234,pump_1,upstream_1,19.4342925476423,NA
ADF,235,pump_1,upstream_1,19.3191544563191,NA
ADF,236,pump_1,upstream_1,19.2050989827523,NA
ADF,237,pump_1,upstream_1,19.0921131055621,NA
ADF,238,pump_1,upstream_1,18.9801839675753,NA
ADF,239,pump_1,upstream_1,18.8692988747808,NA
ADF,240,pump_1,upstream_1,18.759445295207,NA
ADF,241,pump_1,upstream_1,18.6506108577288,NA
ADF,242,pump_1,upstream_1,18.5427833508103,NA
ADF,243,pump_1,upstream_1,18.4359507211903,NA
ADF,244,pump_1,upstream_1,18.3301010725145,NA
ADF,245,pump_1,upstream_1,18.2252226639219,NA
ADF,246,pump_1,upstream_1,18.121303908589,NA
ADF,247,pump_1,upstream_1,18.0183333722367,NA
ADF,248,pump_1,upstream_1,17.9162997716047,NA
ADF,249,pump_1,upstream_1,17.8151919728968,NA
ADF,250,pump_1,upstream_1,17.7149989902011,NA
ADF,251,pump_1,upstream_1,17.615709983889,NA
ADF,252,pump_1,upstream_1,17.5173142589954,NA
ADF,253,pump_1,upstream_1,17.4198012635838,NA
ADF,254,pump_1,upstream_1,17.3231605870989,NA
ADF,255,pump_1,upstream_1,17.2273819587089,NA
ADF,256,pump_1,upstream_1,17.1324552456408,NA
ADF,257,pump_1,upstream_1,17.0383704515102,NA
ADF,258,pump_1,upstream_1,16.9451177146475,NA
ADF,259,pump_1,upstream_1,16.8526873064232,NA
ADF,260,pump_1,upstream_1,16.7610696295736,NA
ADF,261,pump_1,upstream_1,16.6702552165282,NA
ADF,262,pump_1,upstream_1,16.5802347277416,NA
ADF,263,pump_1,upstream_1,16.4909989500287,NA
ADF,264,pump_1,upstream_1,16.4025387949085,NA
ADF,265,pump_1,upstream_1,16.3148452969528,NA
ADF,266,pump_1,upstream_1,16.2279096121455,NA
ADF,267,pump_1,upstream_1,16.1417230162503,NA
ADF,268,pump_1,upstream_1,16.056276903189,NA
ADF,269,pump_1,upstream_1,15.971562783431,NA
ADF,270,pump_1,upstream_1,15.8875722823951,NA
ADF,271,pump_1,upstream_1,15.8042971388634,NA
ADF,272,pump_1,upstream_1,15.7217292034095,NA
ADF,273,pump_1,upstream_1,15.639860436839,NA
ADF,274,pump_1,upstream_1,15.5586829086461,NA
ADF,275,pump_1,upstream_1,15.4781887954833,NA
ADF,276,pump_1,upstream_1,15.3983703796478,NA
ADF,277,pump_1,upstream_1,15.3192200475824,NA
ADF,278,pump_1,upstream_1,15.2407302883928,NA
ADF,279,pump_1,upstream_1,15.1628936923808,NA
ADF,280,pump_1,upstream_1,15.0857029495941,NA
ADF,281,pump_1,upstream_1,15.0091508483927,NA
ADF,282,pump_1,upstream_1,14.9332302740315,NA
ADF,283,pump_1,upstream_1,14.8579342072604,NA
ADF,284,pump_1,upstream_1,14.7832557229415,NA
ADF,285,pump_1,upstream_1,14.7091879886828,NA
ADF,286,pump_1,upstream_1,14.6357242634891,NA
ADF,287,pump_1,upstream_1,14.5628578964312,NA
ADF,288,pump_1,upstream_1,14.4905823253308,NA
ADF,289,pump_1,upstream_1,14.4188910754634,NA
ADF,290,pump_1,upstream_1,14.3477777582784,NA
ADF,291,pump_1,upstream_1,14.2772360701364,NA
ADF,292,pump_1,upstream_1,14.2072597910633,NA
ADF,293,pump_1,upstream_1,14.1378427835218,NA
ADF,294,pump_1,upstream_1,14.0689789911996,NA
ADF,295,pump_1,upstream_1,14.0006624378147,NA
ADF,296,pump_1,upstream_1,13.9328872259377,NA
ADF,297,pump_1,upstream_1,13.8656475358304,NA
ADF,298,pump_1,upstream_1,13.7989376243008,NA
ADF,299,pump_1,upstream_1,13.7327518235756,NA
ADF,300,pump_1,upstream_1,13.6670845401876,NA
ADF,301,pump_1,upstream_1,13.6019302538809,NA
ADF,302,pump_1,upstream_1,13.5372835165303,NA
ADF,303,pump_1,upstream_1,13.4731389510783,NA
ADF,304,pump_1,upstream_1,13.409491250487,NA
ADF,305,pump_1,upstream_1,13.3463351767052,NA
ADF,306,pump_1,upstream_1,13.2836655596522,NA
ADF,307,pump_1,upstream_1,13.2214772962157,NA
ADF,308,pump_1,upstream_1,13.1597653492651,NA
ADF,309,pump_1,upstream_1,13.0985247466798,NA
ADF,310,pump_1,upstream_1,13.0377505803926,NA
ADF,311,pump_1,upstream_1,12.9774380054468,NA
ADF,312,pump_1,upstream_1,12.9175822390684,NA
ADF,313,pump_1,upstream_1,12.8581785597526,NA
ADF,314,pump_1,upstream_1,12.7992223063634,NA
ADF,315,pump_1,upstream_1,12.7407088772483,NA
ADF,316,pump_1,upstream_1,12.6826337293654,NA
ADF,317,pump_1,upstream_1,12.6249923774253,NA
ADF,318,pump_1,upstream_1,12.5677803930451,NA
ADF,319,pump_1,upstream_1,12.5109934039162,NA
ADF,320,pump_1,upstream_1,12.4546270929849,NA
ADF,321,pump_1,upstream_1,12.3986771976459,NA
ADF,322,pump_1,upstream_1,12.3431395089479,NA
ADF,323,pump_1,upstream_1,12.288009870812,NA
ADF,324,pump_1,upstream_1,12.2332841792625,NA
ADF,325,pump_1,upstream_1,12.178958381669,NA
ADF,326,pump_1,upstream_1,12.1250284760013,NA
ADF,327,pump_1,upstream_1,12.0714905100953,NA
ADF,328,pump_1,upstream_1,12.0183405809306,NA
ADF,329,pump_1,upstream_1,11.9655748339195,NA
ADF,330,pump_1,upstream_1,11.9131894622075,NA
ADF,331,pump_1,upstream_1,11.8611807059837,NA
ADF,332,pump_1,upstream_1,11.8095448518036,NA
ADF,333,pump_1,upstream_1,11.7582782319213,NA
ADF,334,pump_1,upstream_1,11.7073772236327,NA
ADF,335,pump_1,upstream_1,11.6568382486292,NA
ADF,336,pump_1,upstream_1,11.6066577723611,NA
ADF,337,pump_1,upstream_1,11.5568323034114,NA
ADF,338,pump_1,upstream_1,11.5073583928794,NA
ADF,339,pump_1,upstream_1,11.458232633774,NA
ADF,340,pump_1,upstream_1,11.4094516604163,NA
ADF,341,pump_1,upstream_1,11.3610121478521,NA
ADF,342,pump_1,upstream_1,11.312910811273,NA
ADF,343,pump_1,upstream_1,11.2651444054473,NA
ADF,344,pump_1,upstream_1,11.217709724159,NA
ADF,345,pump_1,upstream_1,11.170603599657,NA
ADF,346,pump_1,upstream_1,11.123822902111,NA
ADF,347,pump_1,upstream_1,11.0773645390779,NA
ADF,348,pump_1,upstream_1,11.0312254549751,NA
ADF,349,pump_1,upstream_1,10.9854026305632,NA
ADF,350,pump_1,upstream_1,10.9398930824357,NA
ADF,351,pump_1,upstream_1,10.8946938625175,NA
ADF,352,pump_1,upstream_1,10.8498020575713,NA
ADF,353,pump_1,upstream_1,10.8052147887108,NA
ADF,354,pump_1,upstream_1,10.7609292109228,NA
ADF,355,pump_1,upstream_1,10.7169425125957,NA
ADF,356,pump_1,upstream_1,10.6732519150558,NA
ADF,357,pump_1,upstream_1,10.6298546721109,NA
ADF,358,pump_1,upstream_1,10.5867480696009,NA
ADF,359,pump_1,upstream_1,10.5439294249554,NA
ADF,360,pump_1,upstream_1,10.501396086758,NA
ADF,361,pump_1,upstream_1,10.4591454343178,NA
ADF,362,pump_1,upstream_1,10.4171748772472,NA
ADF,363,pump_1,upstream_1,10.3754818550461,NA
ADF,364,pump_1,upstream_1,10.3340638366933,NA
ADF,365,pump_1,upstream_1,10.292918320243,NA
ADF,1,pump_1,upstream_2,0,NA
ADF,2,pump_1,upstream_2,3.95889947129793e-14,NA
ADF,3,pump_1,upstream_2,2.77533176042014e-09,NA
ADF,4,pump_1,upstream_2,7.23766124371016e-07,NA
ADF,5,pump_1,upstream_2,2.16313892212113e-05,NA
ADF,6,pump_1,upstream_2,0.000222876123405715,NA
ADF,7,pump_1,upstream_2,0.00123995670501637,NA
ADF,8,pump_1,upstream_2,0.00462686595110553,NA
ADF,9,pump_1,upstream_2,0.0131006088556259,NA
ADF,10,pump_1,upstream_2,0.0304147359877871,NA
ADF,11,pump_1,upstream_2,0.060952165709683,NA
ADF,12,pump_1,upstream_2,0.109232706117489,NA
ADF,13,pump_1,upstream_2,0.179485862331996,NA
ADF,14,pump_1,upstream_2,0.275355417651543,NA
ADF,15,pump_1,upstream_2,0.399740178954704,NA
ADF,16,pump_1,upstream_2,0.554745071325021,NA
ADF,17,pump_1,upstream_2,0.741708821198051,NA
ADF,18,pump_1,upstream_2,0.961277726924817,NA
ADF,19,pump_1,upstream_2,1.21350216933807,NA
ADF,20,pump_1,upstream_2,1.49793983626365,NA
ADF,21,pump_1,upstream_2,1.81375566048116,NA
ADF,22,pump_1,upstream_2,2.1598128944176,NA
ADF,23,pump_1,upstream_2,2.53475274701206,NA
ADF,24,pump_1,upstream_2,2.93706191177294,NA
ADF,25,pump_1,upstream_2,3.36512843574037,NA
ADF,26,pump_1,upstream_2,3.81728697336537,NA
ADF,27,pump_1,upstream_2,4.29185472705262,NA
ADF,28,pump_1,upstream_2,4.78715942971859,NA
ADF,29,pump_1,upstream_2,5.30156066260121,NA
ADF,30,pump_1,upstream_2,5.83346568052846,NA
ADF,31,pump_1,upstream_2,6.38134077200973,NA
ADF,32,pump_1,upstream_2,6.94371903353319,NA
ADF,33,pump_1,upstream_2,7.51920529772398,NA
ADF,34,pump_1,upstream_2,8.1064788291136,NA
ADF,35,pump_1,upstream_2,8.70429429125234,NA
ADF,36,pump_1,upstream_2,9.31148139480269,NA
ADF,37,pump_1,upstream_2,9.92694355703059,NA
ADF,38,pump_1,upstream_2,10.5496558372072,NA
ADF,39,pump_1,upstream_2,11.1786623581208,NA
ADF,40,pump_1,upstream_2,11.8130733794767,NA
ADF,41,pump_1,upstream_2,12.4520621528675,NA
ADF,42,pump_1,upstream_2,13.0948616588266,NA
ADF,43,pump_1,upstream_2,13.7407613030269,NA
ADF,44,pump_1,upstream_2,14.3891036299241,NA
ADF,45,pump_1,upstream_2,15.0392810972071,NA
ADF,46,pump_1,upstream_2,15.6907329425803,NA
ADF,47,pump_1,upstream_2,16.3429421650802,NA
ADF,48,pump_1,upstream_2,16.9954326358218,NA
ADF,49,pump_1,upstream_2,17.6477663473969,NA
ADF,50,pump_1,upstream_2,18.2995408067616,NA
ADF,51,pump_1,upstream_2,18.950386573114,NA
ADF,52,pump_1,upstream_2,19.5999649397445,NA
ADF,53,pump_1,upstream_2,20.2479657569797,NA
ADF,54,pump_1,upstream_2,20.8941053919946,NA
ADF,55,pump_1,upstream_2,21.5381248203257,NA
ADF,56,pump_1,upstream_2,22.1797878432948,NA
ADF,57,pump_1,upstream_2,22.8188794251693,NA
ADF,58,pump_1,upstream_2,23.4552041436981,NA
ADF,59,pump_1,upstream_2,24.0885847476118,NA
ADF,60,pump_1,upstream_2,24.7188608147365,NA
ADF,61,pump_1,upstream_2,25.3458875045094,NA
ADF,62,pump_1,upstream_2,25.9695343977711,NA
ADF,63,pump_1,upstream_2,26.5896841363209,NA
ADF,64,pump_1,upstream_2,27.2062242073932,NA
ADF,65,pump_1,upstream_2,27.8189972444764,NA
ADF,66,pump_1,upstream_2,28.427666300183,NA
ADF,67,pump_1,upstream_2,29.0315367894969,NA
ADF,68,pump_1,upstream_2,29.6294579419506,NA
ADF,69,pump_1,upstream_2,30.2198727014125,NA
ADF,70,pump_1,upstream_2,30.8009799602297,NA
ADF,71,pump_1,upstream_2,31.370930959779,NA
ADF,72,pump_1,upstream_2,31.9279996198268,NA
ADF,73,pump_1,upstream_2,32.4707001981818,NA
ADF,74,pump_1,upstream_2,32.997850521586,NA
ADF,75,pump_1,upstream_2,33.5085911111666,NA
ADF,76,pump_1,upstream_2,34.0023737042289,NA
ADF,77,pump_1,upstream_2,34.4789313705151,NA
ADF,78,pump_1,upstream_2,34.9382395597449,NA
ADF,79,pump_1,upstream_2,35.3804744888676,NA
ADF,80,pump_1,upstream_2,35.8059728673794,NA
ADF,81,pump_1,upstream_2,36.2151951896793,NA
ADF,82,pump_1,upstream_2,36.6086936227069,NA
ADF,83,pump_1,upstream_2,36.9870847557845,NA
ADF,84,pump_1,upstream_2,37.3510270314209,NA
ADF,85,pump_1,upstream_2,37.7012024382136,NA
ADF,86,pump_1,upstream_2,38.0383019439882,NA
ADF,87,pump_1,upstream_2,38.3630141259525,NA
ADF,88,pump_1,upstream_2,38.6760164795759,NA
ADF,89,pump_1,upstream_2,38.9779689363851,NA
ADF,90,pump_1,upstream_2,39.269509178873,NA
ADF,91,pump_1,upstream_2,39.5512493999777,NA
ADF,92,pump_1,upstream_2,39.8237742105322,NA
ADF,93,pump_1,upstream_2,40.0876394468405,NA
ADF,94,pump_1,upstream_2,40.3433712536521,NA
ADF,95,pump_1,upstream_2,40.5914553041132,NA
ADF,96,pump_1,upstream_2,40.8322640889718,NA
ADF,97,pump_1,upstream_2,41.0658568597299,NA
ADF,98,pump_1,upstream_2,41.2917146956872,NA
ADF,99,pump_1,upstream_2,41.5085948925433,NA
ADF,100,pump_1,upstream_2,41.7146080344705,NA
ADF,101,pump_1,upstream_2,41.9074635449684,NA
ADF,102,pump_1,upstream_2,42.0847664387883,NA
ADF,103,pump_1,upstream_2,42.2442748999117,NA
ADF,104,pump_1,upstream_2,42.3840787748333,NA
ADF,105,pump_1,upstream_2,42.5026963340301,NA
ADF,106,pump_1,upstream_2,42.5991047814955,NA
ADF,107,pump_1,upstream_2,42.6727247625614,NA
ADF,108,pump_1,upstream_2,42.7233771667632,NA
ADF,109,pump_1,upstream_2,42.7512262320529,NA
ADF,110,pump_1,upstream_2,42.7567185652061,NA
ADF,111,pump_1,upstream_2,42.7405240789463,NA
ADF,112,pump_1,upstream_2,42.7034821928056,NA
ADF,113,pump_1,upstream_2,42.646554843993,NA
ADF,114,pump_1,upstream_2,42.5707867127822,NA
ADF,115,pump_1,upstream_2,42.4772723947744,NA
ADF,116,pump_1,upstream_2,42.3671298959738,NA
ADF,117,pump_1,upstream_2,42.2414796720582,NA
ADF,118,pump_1,upstream_2,42.1014284010886,NA
ADF,119,pump_1,upstream_2,41.9480567161587,NA
ADF,120,pump_1,upstream_2,41.7824101970495,NA
ADF,121,pump_1,upstream_2,41.6054930067903,NA
ADF,122,pump_1,upstream_2,41.4182636477277,NA
ADF,123,pump_1,upstream_2,41.2216323954394,NA
ADF,124,pump_1,upstream_2,41.01646004427,NA
ADF,125,pump_1,upstream_2,40.8035576641653,NA
ADF,126,pump_1,upstream_2,40.583687124829,NA
ADF,127,pump_1,upstream_2,40.3575621906487,NA
ADF,128,pump_1,upstream_2,40.1258500292771,NA
ADF,129,pump_1,upstream_2,39.8891730092339,NA
ADF,130,pump_1,upstream_2,39.6481106884536,NA
ADF,131,pump_1,upstream_2,39.4032019172636,NA
ADF,132,pump_1,upstream_2,39.1549469966911,NA
ADF,133,pump_1,upstream_2,38.9038098469817,NA
ADF,134,pump_1,upstream_2,38.6502201523931,NA
ADF,135,pump_1,upstream_2,38.3945754572109,NA
ADF,136,pump_1,upstream_2,38.137243194971,NA
ADF,137,pump_1,upstream_2,37.8785626383958,NA
ADF,138,pump_1,upstream_2,37.6188467618798,NA
ADF,139,pump_1,upstream_2,37.3583840117041,NA
ADF,140,pump_1,upstream_2,37.0974399817377,NA
ADF,141,pump_1,upstream_2,36.8362589943392,NA
ADF,142,pump_1,upstream_2,36.5750655876342,NA
ADF,143,pump_1,upstream_2,36.3140659114216,NA
ADF,144,pump_1,upstream_2,36.0534490347294,NA
ADF,145,pump_1,upstream_2,35.7933881685689,NA
ADF,146,pump_1,upstream_2,35.5340418077801,NA
ADF,147,pump_1,upstream_2,35.2755547960541,NA
ADF,148,pump_1,upstream_2,35.0180593183094,NA
ADF,149,pump_1,upstream_2,34.7616758245967,NA
ADF,150,pump_1,upstream_2,34.5065138896493,NA
ADF,151,pump_1,upstream_2,34.2526730120881,NA
ADF,152,pump_1,upstream_2,34.0002433571542,NA
ADF,153,pump_1,upstream_2,33.7493064466774,NA
ADF,154,pump_1,upstream_2,33.4999357998171,NA
ADF,155,pump_1,upstream_2,33.252197527928,NA
ADF,156,pump_1,upstream_2,33.006150886716,NA
ADF,157,pump_1,upstream_2,32.7618487886666,NA
ADF,158,pump_1,upstream_2,32.5193382785417,NA
ADF,159,pump_1,upstream_2,32.2786609745682,NA
ADF,160,pump_1,upstream_2,32.0398534777658,NA
ADF,161,pump_1,upstream_2,31.8029477517023,NA
ADF,162,pump_1,upstream_2,31.5679714748044,NA
ADF,163,pump_1,upstream_2,31.3349483672098,NA
ADF,164,pump_1,upstream_2,31.1038984940021,NA
ADF,165,pump_1,upstream_2,30.8748385465435,NA
ADF,166,pump_1,upstream_2,30.6477821034953,NA
ADF,167,pump_1,upstream_2,30.4227398730022,NA
ADF,168,pump_1,upstream_2,30.1997199174089,NA
ADF,169,pump_1,upstream_2,29.9787278617799,NA
ADF,170,pump_1,upstream_2,29.759767087397,NA
ADF,171,pump_1,upstream_2,29.5428389113248,NA
ADF,172,pump_1,upstream_2,29.3279427530551,NA
ADF,173,pump_1,upstream_2,29.1150762891651,NA
ADF,174,pump_1,upstream_2,28.9042355968551,NA
ADF,175,pump_1,upstream_2,28.6954152871692,NA
ADF,176,pump_1,upstream_2,28.4886086286421,NA
ADF,177,pump_1,upstream_2,28.2838076620603,NA
ADF,178,pump_1,upstream_2,28.0810033069752,NA
ADF,179,pump_1,upstream_2,27.8801854605601,NA
ADF,180,pump_1,upstream_2,27.6813430893566,NA
ADF,181,pump_1,upstream_2,27.4844643144194,NA
ADF,182,pump_1,upstream_2,27.289536490328,NA
ADF,183,pump_1,upstream_2,27.0965462785022,NA
ADF,184,pump_1,upstream_2,26.905479715224,NA
ADF,185,pump_1,upstream_2,26.7163222747417,NA
ADF,186,pump_1,upstream_2,26.5290589278017,NA
ADF,187,pump_1,upstream_2,26.3436741959319,NA
ADF,188,pump_1,upstream_2,26.1601522017738,NA
ADF,189,pump_1,upstream_2,25.9784767157417,NA
ADF,190,pump_1,upstream_2,25.7986311992658,NA
ADF,191,pump_1,upstream_2,25.6205988448576,NA
ADF,192,pump_1,upstream_2,25.4443626132202,NA
ADF,193,pump_1,upstream_2,25.269905267609,NA
ADF,194,pump_1,upstream_2,25.0972094056342,NA
ADF,195,pump_1,upstream_2,24.9262574886825,NA
ADF,196,pump_1,upstream_2,24.7570318691232,NA
ADF,197,pump_1,upstream_2,24.5895148154531,NA
ADF,198,pump_1,upstream_2,24.4236885355214,NA
ADF,199,pump_1,upstream_2,24.2595351979692,NA
ADF,200,pump_1,upstream_2,24.0970369520043,NA
ADF,201,pump_1,upstream_2,23.9361759456298,NA
ADF,202,pump_1,upstream_2,23.7769343424299,NA
ADF,203,pump_1,upstream_2,23.6192943370143,NA
ADF,204,pump_1,upstream_2,23.463238169213,NA
ADF,205,pump_1,upstream_2,23.3087481371086,NA
ADF,206,pump_1,upstream_2,23.1558066089845,NA
ADF,207,pump_1,upstream_2,23.0043960342664,NA
ADF,208,pump_1,upstream_2,22.8544989535238,NA
ADF,209,pump_1,upstream_2,22.7060980075988,NA
ADF,210,pump_1,upstream_2,22.5591759459213,NA
ADF,211,pump_1,upstream_2,22.4137156340673,NA
ADF,212,pump_1,upstream_2,22.269700060613,NA
ADF,213,pump_1,upstream_2,22.1271123433337,NA
ADF,214,pump_1,upstream_2,21.985935734792,NA
ADF,215,pump_1,upstream_2,21.8461536273606,NA
ADF,216,pump_1,upstream_2,21.7077495577156,NA
ADF,217,pump_1,upstream_2,21.5707072108415,NA
ADF,218,pump_1,upstream_2,21.4350104235787,NA
ADF,219,pump_1,upstream_2,21.3006431877489,NA
ADF,220,pump_1,upstream_2,21.1675896528855,NA
ADF,221,pump_1,upstream_2,21.0358341286003,NA
ADF,222,pump_1,upstream_2,20.9053610866095,NA
ADF,223,pump_1,upstream_2,20.7761551624466,NA
ADF,224,pump_1,upstream_2,20.6482011568819,NA
ADF,225,pump_1,upstream_2,20.5214840370728,NA
ADF,226,pump_1,upstream_2,20.3959889374626,NA
ADF,227,pump_1,upstream_2,20.2717011604478,NA
ADF,228,pump_1,upstream_2,20.1486061768304,NA
ADF,229,pump_1,upstream_2,20.0266896260721,NA
ADF,230,pump_1,upstream_2,19.9059373163647,NA
ADF,231,pump_1,upstream_2,19.7863352245316,NA
ADF,232,pump_1,upstream_2,19.667869495773,NA
ADF,233,pump_1,upstream_2,19.5505264432676,NA
ADF,234,pump_1,upstream_2,19.4342925476423,NA
ADF,235,pump_1,upstream_2,19.3191544563191,NA
ADF,236,pump_1,upstream_2,19.2050989827523,NA
ADF,237,pump_1,upstream_2,19.0921131055621,NA
ADF,238,pump_1,upstream_2,18.9801839675753,NA
ADF,239,pump_1,upstream_2,18.8692988747808,NA
ADF,240,pump_1,upstream_2,18.759445295207,NA
ADF,241,pump_1,upstream_2,18.6506108577288,NA
ADF,242,pump_1,upstream_2,18.5427833508103,NA
ADF,243,pump_1,upstream_2,18.4359507211903,NA
ADF,244,pump_1,upstream_2,18.3301010725145,NA
ADF,245,pump_1,upstream_2,18.2252226639219,NA
ADF,246,pump_1,upstream_2,18.121303908589,NA
ADF,247,pump_1,upstream_2,18.0183333722367,NA
ADF,248,pump_1,upstream_2,17.9162997716047,NA
ADF,249,pump_1,upstream_2,17.8151919728968,NA
ADF,250,pump_1,upstream_2,17.7149989902011,NA
ADF,251,pump_1,upstream_2,17.615709983889,NA
ADF,252,pump_1,upstream_2,17.5173142589954,NA
ADF,253,pump_1,upstream_2,17.4198012635838,NA
ADF,254,pump_1,upstream_2,17.3231605870989,NA
ADF,255,pump_1,upstream_2,17.2273819587089,NA
ADF,256,pump_1,upstream_2,17.1324552456408,NA
ADF,257,pump_1,upstream_2,17.0383704515102,NA
ADF,258,pump_1,upstream_2,16.9451177146475,NA
ADF,259,pump_1,upstream_2,16.8526873064232,NA
ADF,260,pump_1,upstream_2,16.7610696295736,NA
ADF,261,pump_1,upstream_2,16.6702552165282,NA
ADF,262,pump_1,upstream_2,16.5802347277416,NA
ADF,263,pump_1,upstream_2,16.4909989500287,NA
ADF,264,pump_1,upstream_2,16.4025387949085,NA
ADF,265,pump_1,upstream_2,16.3148452969528,NA
ADF,266,pump_1,upstream_2,16.2279096121455,NA
ADF,267,pump_1,upstream_2,16.1417230162503,NA
ADF,268,pump_1,upstream_2,16.056276903189,NA
ADF,269,pump_1,upstream_2,15.971562783431,NA
ADF,270,pump_1,upstream_2,15.8875722823951,NA
ADF,271,pump_1,upstream_2,15.8042971388634,NA
ADF,272,pump_1,upstream_2,15.7217292034095,NA
ADF,273,pump_1,upstream_2,15.639860436839,NA
ADF,274,pump_1,upstream_2,15.5586829086461,NA
ADF,275,pump_1,upstream_2,15.4781887954833,NA
ADF,276,pump_1,upstream_2,15.3983703796478,NA
ADF,277,pump_1,upstream_2,15.3192200475824,NA
ADF,278,pump_1,upstream_2,15.2407302883928,NA
ADF,279,pump_1,upstream_2,15.1628936923808,NA
ADF,280,pump_1,upstream_2,15.0857029495941,NA
ADF,281,pump_1,upstream_2,15.0091508483927,NA
ADF,282,pump_1,upstream_2,14.9332302740315,NA
ADF,283,pump_1,upstream_2,14.8579342072604,NA
ADF,284,pump_1,upstream_2,14.7832557229415,NA
ADF,285,pump_1,upstream_2,14.7091879886828,NA
ADF,286,pump_1,upstream_2,14.6357242634891,NA
ADF,287,pump_1,upstream_2,14.5628578964312,NA
ADF,288,pump_1,upstream_2,14.4905823253308,NA
ADF,289,pump_1,upstream_2,14.4188910754634,NA
ADF,290,pump_1,upstream_2,14.3477777582784,NA
ADF,291,pump_1,upstream_2,14.2772360701364,NA
ADF,292,pump_1,upstream_2,14.2072597910633,NA
ADF,293,pump_1,upstream_2,14.1378427835218,NA
ADF,294,pump_1,upstream_2,14.0689789911996,NA
ADF,295,pump_1,upstream_2,14.0006624378147,NA
ADF,296,pump_1,upstream_2,13.9328872259377,NA
ADF,297,pump_1,upstream_2,13.8656475358304,NA
ADF,298,pump_1,upstream_2,13.7989376243008,NA
ADF,299,pump_1,upstream_2,13.7327518235756,NA
ADF,300,pump_1,upstream_2,13.6670845401876,NA
ADF,301,pump_1,upstream_2,13.6019302538809,NA
ADF,302,pump_1,upstream_2,13.5372835165303,NA
ADF,303,pump_1,upstream_2,13.4731389510783,NA
ADF,304,pump_1,upstream_2,13.409491250487,NA
ADF,305,pump_1,upstream_2,13.3463351767052,NA
ADF,306,pump_1,upstream_2,13.2836655596522,NA
ADF,307,pump_1,upstream_2,13.2214772962157,NA
ADF,308,pump_1,upstream_2,13.1597653492651,NA
ADF,309,pump_1,upstream_2,13.0985247466798,NA
ADF,310,pump_1,upstream_2,13.0377505803926,NA
ADF,311,pump_1,upstream_2,12.9774380054468,NA
ADF,312,pump_1,upstream_2,12.9175822390684,NA
ADF,313,pump_1,upstream_2,12.8581785597526,NA
ADF,314,pump_1,upstream_2,12.7992223063634,NA
ADF,315,pump_1,upstream_2,12.7407088772483,NA
ADF,316,pump_1,upstream_2,12.6826337293654,NA
ADF,317,pump_1,upstream_2,12.6249923774253,NA
ADF,318,pump_1,upstream_2,12.5677803930451,NA
ADF,319,pump_1,upstream_2,12.5109934039162,NA
ADF,320,pump_1,upstream_2,12.4546270929849,NA
ADF,321,pump_1,upstream_2,12.3986771976459,NA
ADF,322,pump_1,upstream_2,12.3431395089479,NA
ADF,323,pump_1,upstream_2,12.288009870812,NA
ADF,324,pump_1,upstream_2,12.2332841792625,NA
ADF,325,pump_1,upstream_2,12.178958381669,NA
ADF,326,pump_1,upstream_2,12.1250284760013,NA
ADF,327,pump_1,upstream_2,12.0714905100953,NA
ADF,328,pump_1,upstream_2,12.0183405809306,NA
ADF,329,pump_1,upstream_2,11.9655748339195,NA
ADF,330,pump_1,upstream_2,11.9131894622075,NA
ADF,331,pump_1,upstream_2,11.8611807059837,NA
ADF,332,pump_1,upstream_2,11.8095448518036,NA
ADF,333,pump_1,upstream_2,11.7582782319213,NA
ADF,334,pump_1,upstream_2,11.7073772236327,NA
ADF,335,pump_1,upstream_2,11.6568382486292,NA
ADF,336,pump_1,upstream_2,11.6066577723611,NA
ADF,337,pump_1,upstream_2,11.5568323034114,NA
ADF,338,pump_1,upstream_2,11.5073583928794,NA
ADF,339,pump_1,upstream_2,11.458232633774,NA
ADF,340,pump_1,upstream_2,11.4094516604163,NA
ADF,341,pump_1,upstream_2,11.3610121478521,NA
ADF,342,pump_1,upstream_2,11.312910811273,NA
ADF,343,pump_1,upstream_2,11.2651444054473,NA
ADF,344,pump_1,upstream_2,11.217709724159,NA
ADF,345,pump_1,upstream_2,11.170603599657,NA
ADF,346,pump_1,upstream_2,11.123822902111,NA
ADF,347,pump_1,upstream_2,11.0773645390779,NA
ADF,348,pump_1,upstream_2,11.0312254549751,NA
ADF,349,pump_1,upstream_2,10.9854026305632,NA
ADF,350,pump_1,upstream_2,10.9398930824357,NA
ADF,351,pump_1,upstream_2,10.8946938625175,NA
ADF,352,pump_1,upstream_2,10.8498020575713,NA
ADF,353,pump_1,upstream_2,10.8052147887108,NA
ADF,354,pump_1,upstream_2,10.7609292109228,NA
ADF,355,pump_1,upstream_2,10.7169425125957,NA
ADF,356,pump_1,upstream_2,10.6732519150558,NA
ADF,357,pump_1,upstream_2,10.6298546721109,NA
ADF,358,pump_1,upstream_2,10.5867480696009,NA
ADF,359,pump_1,upstream_2,10.5439294249554,NA
ADF,360,pump_1,upstream_2,10.501396086758,NA
ADF,361,pump_1,upstream_2,10.4591454343178,NA
ADF,362,pump_1,upstream_2,10.4171748772472,NA
ADF,363,pump_1,upstream_2,10.3754818550461,NA
ADF,364,pump_1,upstream_2,10.3340638366933,NA
ADF,365,pump_1,upstream_2,10.292918320243,NA
ADF,1,pump_2,downstream,0,NA
ADF,2,pump_2,downstream,0,NA
ADF,3,pump_2,downstream,0,NA
ADF,4,pump_2,downstream,0,NA
ADF,5,pump_2,downstream,0,NA
ADF,6,pump_2,downstream,0,NA
ADF,7,pump_2,downstream,0,NA
ADF,8,pump_2,downstream,0,NA
ADF,9,pump_2,downstream,0,NA
ADF,10,pump_2,downstream,0,NA
ADF,11,pump_2,downstream,0,NA
ADF,12,pump_2,downstream,0,NA
ADF,13,pump_2,downstream,0,NA
ADF,14,pump_2,downstream,0,NA
ADF,15,pump_2,downstream,0,NA
ADF,16,pump_2,downstream,0,NA
ADF,17,pump_2,downstream,0,NA
ADF,18,pump_2,downstream,0,NA
ADF,19,pump_2,downstream,0,NA
ADF,20,pump_2,downstream,0,NA
ADF,21,pump_2,downstream,0,NA
ADF,22,pump_2,downstream,0,NA
ADF,23,pump_2,downstream,0,NA
ADF,24,pump_2,downstream,0,NA
ADF,25,pump_2,downstream,0,NA
ADF,26,pump_2,downstream,0,NA
ADF,27,pump_2,downstream,0,NA
ADF,28,pump_2,downstream,0,NA
ADF,29,pump_2,downstream,0,NA
ADF,30,pump_2,downstream,0,NA
ADF,31,pump_2,downstream,0,NA
ADF,32,pump_2,downstream,6.70982418940126e-07,NA
ADF,33,pump_2,downstream,0.00340086457367473,NA
ADF,34,pump_2,downstream,0.0682722563174715,NA
ADF,35,pump_2,downstream,0.360393611773013,NA
ADF,36,pump_2,downstream,1.04574769053763,NA
ADF,37,pump_2,downstream,2.16486211096014,NA
ADF,38,pump_2,downstream,3.65944233211335,NA
ADF,39,pump_2,downstream,5.43815671520204,NA
ADF,40,pump_2,downstream,7.41293547248724,NA
ADF,41,pump_2,downstream,9.51131478684586,NA
ADF,42,pump_2,downstream,11.6778578630147,NA
ADF,43,pump_2,downstream,13.8718103228671,NA
ADF,44,pump_2,downstream,16.0639836639132,NA
ADF,45,pump_2,downstream,18.2339188366523,NA
ADF,46,pump_2,downstream,20.3675998239557,NA
ADF,47,pump_2,downstream,22.4557063300258,NA
ADF,48,pump_2,downstream,24.4923129807064,NA
ADF,49,pump_2,downstream,26.4739337133661,NA
ADF,50,pump_2,downstream,28.3988243872763,NA
ADF,51,pump_2,downstream,30.2664754102357,NA
ADF,52,pump_2,downstream,32.0772430894773,NA
ADF,53,pump_2,downstream,33.8320819331127,NA
ADF,54,pump_2,downstream,35.532350370092,NA
ADF,55,pump_2,downstream,37.1796699116949,NA
ADF,56,pump_2,downstream,38.775823275763,NA
ADF,57,pump_2,downstream,40.3226809707425,NA
ADF,58,pump_2,downstream,41.8221487052229,NA
ADF,59,pump_2,downstream,43.2761300589402,NA
ADF,60,pump_2,downstream,44.6865003480121,NA
ADF,61,pump_2,downstream,46.0550887023011,NA
ADF,62,pump_2,downstream,47.3836661620299,NA
ADF,63,pump_2,downstream,48.67393817683,NA
ADF,64,pump_2,downstream,49.9275403123851,NA
ADF,65,pump_2,downstream,51.1460362800562,NA
ADF,66,pump_2,downstream,52.3309176337329,NA
ADF,67,pump_2,downstream,53.4836046475365,NA
ADF,68,pump_2,downstream,54.605448013731,NA
ADF,69,pump_2,downstream,55.6977310937774,NA
ADF,70,pump_2,downstream,56.7616725252763,NA
ADF,71,pump_2,downstream,57.7984290397062,NA
ADF,72,pump_2,downstream,58.8090983849056,NA
ADF,73,pump_2,downstream,59.7947222754726,NA
ADF,74,pump_2,downstream,60.7562893161482,NA
ADF,75,pump_2,downstream,61.6947378596238,NA
ADF,76,pump_2,downstream,62.610958772449,NA
ADF,77,pump_2,downstream,63.5057980918219,NA
ADF,78,pump_2,downstream,64.3800595628001,NA
ADF,79,pump_2,downstream,65.2345070504432,NA
ADF,80,pump_2,downstream,66.0698668250294,NA
ADF,81,pump_2,downstream,66.8868297211073,NA
ADF,82,pump_2,downstream,67.6860531729948,NA
ADF,83,pump_2,downstream,68.4681631306171,NA
ADF,84,pump_2,downstream,69.2337558604225,NA
ADF,85,pump_2,downstream,69.9833996366393,NA
ADF,86,pump_2,downstream,70.7176363284252,NA
ADF,87,pump_2,downstream,71.4369828885715,NA
ADF,88,pump_2,downstream,72.1419327494098,NA
ADF,89,pump_2,downstream,72.8329571314612,NA
ADF,90,pump_2,downstream,73.5105062702019,NA
ADF,91,pump_2,downstream,74.1750098951211,NA
ADF,92,pump_2,downstream,74.8234807982986,NA
ADF,93,pump_2,downstream,75.398241202238,NA
ADF,94,pump_2,downstream,75.7338894421511,NA
ADF,95,pump_2,downstream,75.6648039517459,NA
ADF,96,pump_2,downstream,75.1508032336437,NA
ADF,97,pump_2,downstream,74.2505136615055,NA
ADF,98,pump_2,downstream,73.055585155098,NA
ADF,99,pump_2,downstream,71.6543929233998,NA
ADF,100,pump_2,downstream,70.1196939955943,NA
ADF,101,pump_2,downstream,68.5072067816616,NA
ADF,102,pump_2,downstream,66.857956252792,NA
ADF,103,pump_2,downstream,65.2013910248231,NA
ADF,104,pump_2,downstream,63.5582202912942,NA
ADF,105,pump_2,downstream,61.9427007250091,NA
ADF,106,pump_2,downstream,60.3643842424841,NA
ADF,107,pump_2,downstream,58.8294192312937,NA
ADF,108,pump_2,downstream,57.3415065637524,NA
ADF,109,pump_2,downstream,55.9025973675582,NA
ADF,110,pump_2,downstream,54.5134007590814,NA
ADF,111,pump_2,downstream,53.1737528325989,NA
ADF,112,pump_2,downstream,51.8828846804637,NA
ADF,113,pump_2,downstream,50.6396169773872,NA
ADF,114,pump_2,downstream,49.4425011068967,NA
ADF,115,pump_2,downstream,48.2899213097605,NA
ADF,116,pump_2,downstream,47.1801683582474,NA
ADF,117,pump_2,downstream,46.1114923914036,NA
ADF,118,pump_2,downstream,45.0821404761942,NA
ADF,119,pump_2,downstream,44.0903829624943,NA
ADF,120,pump_2,downstream,43.1345316147464,NA
ADF,121,pump_2,downstream,42.2129517138144,NA
ADF,122,pump_2,downstream,41.3240697464727,NA
ADF,123,pump_2,downstream,40.4663778779439,NA
ADF,124,pump_2,downstream,39.6384360926359,NA
ADF,125,pump_2,downstream,38.8388726593382,NA
ADF,126,pump_2,downstream,38.0663834077221,NA
ADF,127,pump_2,downstream,37.3197301772309,NA
ADF,128,pump_2,downstream,36.5977387058357,NA
ADF,129,pump_2,downstream,35.8992961563014,NA
ADF,130,pump_2,downstream,35.2233484254153,NA
ADF,131,pump_2,downstream,34.5688973425737,NA
ADF,132,pump_2,downstream,33.9349978348683,NA
ADF,133,pump_2,downstream,33.3207551139101,NA
ADF,134,pump_2,downstream,32.7253219232269,NA
ADF,135,pump_2,downstream,32.1478958728275,NA
ADF,136,pump_2,downstream,31.5877168783952,NA
ADF,137,pump_2,downstream,31.0440647158087,NA
ADF,138,pump_2,downstream,30.5162566966975,NA
ADF,139,pump_2,downstream,30.0036454670975,NA
ADF,140,pump_2,downstream,29.5056169286407,NA
ADF,141,pump_2,downstream,29.0215882798496,NA
ADF,142,pump_2,downstream,28.5510061738181,NA
ADF,143,pump_2,downstream,28.0933449877036,NA
ADF,144,pump_2,downstream,27.64810519892,NA
ADF,145,pump_2,downstream,27.2148118626269,NA
ADF,146,pump_2,downstream,26.7930131849879,NA
ADF,147,pump_2,downstream,26.3822791866818,NA
ADF,148,pump_2,downstream,25.9822004512469,NA
ADF,149,pump_2,downstream,25.5923869530028,NA
ADF,150,pump_2,downstream,25.2124669594979,NA
ADF,151,pump_2,downstream,24.8420860036639,NA
ADF,152,pump_2,downstream,24.4809059211061,NA
ADF,153,pump_2,downstream,24.1286039482128,NA
ADF,154,pump_2,downstream,23.7848718770211,NA
ADF,155,pump_2,downstream,23.4494152630283,NA
ADF,156,pump_2,downstream,23.1219526823812,NA
ADF,157,pump_2,downstream,22.8022150351103,NA
ADF,158,pump_2,downstream,22.4899448912979,NA
ADF,159,pump_2,downstream,22.1848958772833,NA
ADF,160,pump_2,downstream,21.8868320992054,NA
ADF,161,pump_2,downstream,21.5955276013745,NA
ADF,162,pump_2,downstream,21.3107658571368,NA
ADF,163,pump_2,downstream,21.0323392900638,NA
ADF,164,pump_2,downstream,20.7600488234498,NA
ADF,165,pump_2,downstream,20.4937034562435,NA
ADF,166,pump_2,downstream,20.2331198636753,NA
ADF,167,pump_2,downstream,19.9781220209601,NA
ADF,168,pump_2,downstream,19.7285408485772,NA
ADF,169,pump_2,downstream,19.4842138777264,NA
ADF,170,pump_2,downstream,19.244984934667,NA
ADF,171,pump_2,downstream,19.0107038427297,NA
ADF,172,pump_2,downstream,18.7812261408804,NA
ADF,173,pump_2,downstream,18.5564128177923,NA
ADF,174,pump_2,downstream,18.3361300604556,NA
ADF,175,pump_2,downstream,18.1202490164179,NA
ADF,176,pump_2,downstream,17.908645568816,NA
ADF,177,pump_2,downstream,17.7012001234138,NA
ADF,178,pump_2,downstream,17.4977974069142,NA
ADF,179,pump_2,downstream,17.2983262758641,NA
ADF,180,pump_2,downstream,17.1026795355172,NA
ADF,181,pump_2,downstream,16.91075376806,NA
ADF,182,pump_2,downstream,16.7224491696479,NA
ADF,183,pump_2,downstream,16.537669395734,NA
ADF,184,pump_2,downstream,16.3563214142066,NA
ADF,185,pump_2,downstream,16.1783153658844,NA
ADF,186,pump_2,downstream,16.003564431946,NA
ADF,187,pump_2,downstream,15.8319847078981,NA
ADF,188,pump_2,downstream,15.6634950837128,NA
ADF,189,pump_2,downstream,15.4980171297877,NA
ADF,190,pump_2,downstream,15.3354749884022,NA
ADF,191,pump_2,downstream,15.1757952703674,NA
ADF,192,pump_2,downstream,15.0189069565829,NA
ADF,193,pump_2,downstream,14.8647413042339,NA
ADF,194,pump_2,downstream,14.7132317573748,NA
ADF,195,pump_2,downstream,14.5643138616661,NA
ADF,196,pump_2,downstream,14.4179251830405,NA
ADF,197,pump_2,downstream,14.2740052300907,NA
ADF,198,pump_2,downstream,14.1324953799834,NA
ADF,199,pump_2,downstream,13.9933388077134,NA
ADF,200,pump_2,downstream,13.8564804185263,NA
ADF,201,pump_2,downstream,13.7218667833449,NA
ADF,202,pump_2,downstream,13.5894460770469,NA
ADF,203,pump_2,downstream,13.4591680194466,NA
ADF,204,pump_2,downstream,13.3309838188473,NA
ADF,205,pump_2,downstream,13.2048461180323,NA
ADF,206,pump_2,downstream,13.0807089425746,NA
ADF,207,pump_2,downstream,12.9585276513511,NA
ADF,208,pump_2,downstream,12.8382588891512,NA
ADF,209,pump_2,downstream,12.7198605412791,NA
ADF,210,pump_2,downstream,12.6032916900521,NA
ADF,211,pump_2,downstream,12.4885125731048,NA
ADF,212,pump_2,downstream,12.3754845434112,NA
ADF,213,pump_2,downstream,12.264170030944,NA
ADF,214,pump_2,downstream,12.1545325058939,NA
ADF,215,pump_2,downstream,12.0465364433752,NA
ADF,216,pump_2,downstream,11.9401472895486,NA
ADF,217,pump_2,downstream,11.8353314290953,NA
ADF,218,pump_2,downstream,11.7320561539809,NA
ADF,219,pump_2,downstream,11.6302896334498,NA
ADF,220,pump_2,downstream,11.5300008851927,NA
ADF,221,pump_2,downstream,11.4311597476376,NA
ADF,222,pump_2,downstream,11.3337368533101,NA
ADF,223,pump_2,downstream,11.2377036032177,NA
ADF,224,pump_2,downstream,11.1430321422123,NA
ADF,225,pump_2,downstream,11.0496953352869,NA
ADF,226,pump_2,downstream,10.9576667447669,NA
ADF,227,pump_2,downstream,10.8669206083555,NA
ADF,228,pump_2,downstream,10.7774318179984,NA
ADF,229,pump_2,downstream,10.6891758995297,NA
ADF,230,pump_2,downstream,10.6021289930686,NA
ADF,231,pump_2,downstream,10.516267834133,NA
ADF,232,pump_2,downstream,10.43156973544,NA
ADF,233,pump_2,downstream,10.3480125693655,NA
ADF,234,pump_2,downstream,10.2655747510338,NA
ADF,235,pump_2,downstream,10.1842352220125,NA
ADF,236,pump_2,downstream,10.1039734345872,NA
ADF,237,pump_2,downstream,10.0247693365908,NA
ADF,238,pump_2,downstream,9.94660335676814,NA
ADF,239,pump_2,downstream,9.86945639065015,NA
ADF,240,pump_2,downstream,9.79330978692047,NA
ADF,241,pump_2,downstream,9.7181453342524,NA
ADF,242,pump_2,downstream,9.64394524859867,NA
ADF,243,pump_2,downstream,9.57069216091568,NA
ADF,244,pump_2,downstream,9.49836910530491,NA
ADF,245,pump_2,downstream,9.42695950755536,NA
ADF,246,pump_2,downstream,9.35644717407152,NA
ADF,247,pump_2,downstream,9.28681628117134,NA
ADF,248,pump_2,downstream,9.2180513647404,NA
ADF,249,pump_2,downstream,9.15013731022851,NA
ADF,250,pump_2,downstream,9.08305934297561,NA
ADF,251,pump_2,downstream,9.01680301885424,NA
ADF,252,pump_2,downstream,8.95135421521696,NA
ADF,253,pump_2,downstream,8.8866991221373,NA
ADF,254,pump_2,downstream,8.82282423393267,NA
ADF,255,pump_2,downstream,8.75971634095944,NA
ADF,256,pump_2,downstream,8.69736252166968,NA
ADF,257,pump_2,downstream,8.63575013492016,NA
ADF,258,pump_2,downstream,8.57486681252406,NA
ADF,259,pump_2,downstream,8.51470045203689,NA
ADF,260,pump_2,downstream,8.45523920976812,NA
ADF,261,pump_2,downstream,8.39647149400973,NA
ADF,262,pump_2,downstream,8.3383859584749,NA
ADF,263,pump_2,downstream,8.28097149593862,NA
ADF,264,pump_2,downstream,8.22421723207314,NA
ADF,265,pump_2,downstream,8.1681125194715,NA
ADF,266,pump_2,downstream,8.11264693185268,NA
ADF,267,pump_2,downstream,8.05781025844148,NA
ADF,268,pump_2,downstream,8.00359249851754,NA
ADF,269,pump_2,downstream,7.94998385612749,NA
ADF,270,pump_2,downstream,7.89697473495447,NA
ADF,271,pump_2,downstream,7.84455573333963,NA
ADF,272,pump_2,downstream,7.79271763945059,NA
ADF,273,pump_2,downstream,7.74145142659184,NA
ADF,274,pump_2,downstream,7.69074824865179,NA
ADF,275,pump_2,downstream,7.64059943568268,NA
ADF,276,pump_2,downstream,7.59099648960828,NA
ADF,277,pump_2,downstream,7.54193108005509,NA
ADF,278,pump_2,downstream,7.49339504030348,NA
ADF,279,pump_2,downstream,7.44538036335418,NA
ADF,280,pump_2,downstream,7.39787919810665,NA
ADF,281,pump_2,downstream,7.3508838456456,NA
ADF,282,pump_2,downstream,7.30438675563221,NA
ADF,283,pump_2,downstream,7.25838052279635,NA
ADF,284,pump_2,downstream,7.21285788352686,NA
ADF,285,pump_2,downstream,7.16781171255671,NA
ADF,286,pump_2,downstream,7.1232350197396,NA
ADF,287,pump_2,downstream,7.07912094691562,NA
ADF,288,pump_2,downstream,7.03546276486289,NA
ADF,289,pump_2,downstream,6.99225387033219,NA
ADF,290,pump_2,downstream,6.94948778316254,NA
ADF,291,pump_2,downstream,6.90715814347475,NA
ADF,292,pump_2,downstream,6.86525870894056,NA
ADF,293,pump_2,downstream,6.82378335212522,NA
ADF,294,pump_2,downstream,6.78272605790103,NA
ADF,295,pump_2,downstream,6.7420809209297,NA
ADF,296,pump_2,downstream,6.70184214321156,NA
ADF,297,pump_2,downstream,6.66200403169935,NA
ADF,298,pump_2,downstream,6.62256099597471,NA
ADF,299,pump_2,downstream,6.58350754598561,NA
ADF,300,pump_2,downstream,6.54483828984263,NA
ADF,301,pump_2,downstream,6.50654793167251,NA
ADF,302,pump_2,downstream,6.4686312695272,NA
ADF,303,pump_2,downstream,6.4310831933467,NA
ADF,304,pump_2,downstream,6.39389868297419,NA
ADF,305,pump_2,downstream,6.35707280622174,NA
ADF,306,pump_2,downstream,6.32060071698538,NA
ADF,307,pump_2,downstream,6.28447765340789,NA
ADF,308,pump_2,downstream,6.24869893608772,NA
ADF,309,pump_2,downstream,6.21325996633319,NA
ADF,310,pump_2,downstream,6.17815622446036,NA
ADF,311,pump_2,downstream,6.14338326813319,NA
ADF,312,pump_2,downstream,6.10893673074496,NA
ADF,313,pump_2,downstream,6.07481231983983,NA
ADF,314,pump_2,downstream,6.04100581557329,NA
ADF,315,pump_2,downstream,6.00751306921018,NA
ADF,316,pump_2,downstream,5.97433000165972,NA
ADF,317,pump_2,downstream,5.94145260204608,NA
ADF,318,pump_2,downstream,5.90887692631353,NA
ADF,319,pump_2,downstream,5.87659909586549,NA
ADF,320,pump_2,downstream,5.84461529623638,NA
ADF,321,pump_2,downstream,5.81292177579498,NA
ADF,322,pump_2,downstream,5.78151484447909,NA
ADF,323,pump_2,downstream,5.75039087256031,NA
ADF,324,pump_2,downstream,5.71954628943798,NA
ADF,325,pump_2,downstream,5.6889775824616,NA
ADF,326,pump_2,downstream,5.65868129578111,NA
ADF,327,pump_2,downstream,5.62865402922401,NA
ADF,328,pump_2,downstream,5.59889243719875,NA
ADF,329,pump_2,downstream,5.5693932276237,NA
ADF,330,pump_2,downstream,5.54015316088087,NA
ADF,331,pump_2,downstream,5.51116904879393,NA
ADF,332,pump_2,downstream,5.48243775362954,NA
ADF,333,pump_2,downstream,5.4539561871219,NA
ADF,334,pump_2,downstream,5.42572130951935,NA
ADF,335,pump_2,downstream,5.39773012865272,NA
ADF,336,pump_2,downstream,5.36997969902503,NA
ADF,337,pump_2,downstream,5.3424671209214,NA
ADF,338,pump_2,downstream,5.31518953953937,NA
ADF,339,pump_2,downstream,5.28814414413865,NA
ADF,340,pump_2,downstream,5.26132816720977,NA
ADF,341,pump_2,downstream,5.23473888366131,NA
ADF,342,pump_2,downstream,5.20837361002531,NA
ADF,343,pump_2,downstream,5.18222970368018,NA
ADF,344,pump_2,downstream,5.15630456209069,NA
ADF,345,pump_2,downstream,5.13059562206487,NA
ADF,346,pump_2,downstream,5.10510035902694,NA
ADF,347,pump_2,downstream,5.07981628630626,NA
ADF,348,pump_2,downstream,5.05474095444178,NA
ADF,349,pump_2,downstream,5.02987195050153,NA
ADF,350,pump_2,downstream,5.00520689741673,NA
ADF,351,pump_2,downstream,4.98074345333039,NA
ADF,352,pump_2,downstream,4.95647931095983,NA
ADF,353,pump_2,downstream,4.93241219697278,NA
ADF,354,pump_2,downstream,4.90853987137693,NA
ADF,355,pump_2,downstream,4.88486012692223,NA
ADF,356,pump_2,downstream,4.86137078851609,NA
ADF,357,pump_2,downstream,4.83806971265075,NA
ADF,358,pump_2,downstream,4.81495478684281,NA
ADF,359,pump_2,downstream,4.79202392908438,NA
ADF,360,pump_2,downstream,4.76927508730586,NA
ADF,361,pump_2,downstream,4.74670623884979,NA
ADF,362,pump_2,downstream,4.72431538995571,NA
ADF,363,pump_2,downstream,4.7021005752556,NA
ADF,364,pump_2,downstream,4.68005985727985,NA
ADF,365,pump_2,downstream,4.65819132597318,NA
ADF,1,pump_2,upstream_1,0,NA
ADF,2,pump_2,upstream_1,0,NA
ADF,3,pump_2,upstream_1,0,NA
ADF,4,pump_2,upstream_1,0,NA
ADF,5,pump_2,upstream_1,0,NA
ADF,6,pump_2,upstream_1,0,NA
ADF,7,pump_2,upstream_1,0,NA
ADF,8,pump_2,upstream_1,0,NA
ADF,9,pump_2,upstream_1,0,NA
ADF,10,pump_2,upstream_1,0,NA
ADF,11,pump_2,upstream_1,0,NA
ADF,12,pump_2,upstream_1,0,NA
ADF,13,pump_2,upstream_1,0,NA
ADF,14,pump_2,upstream_1,0,NA
ADF,15,pump_2,upstream_1,0,NA
ADF,16,pump_2,upstream_1,0,NA
ADF,17,pump_2,upstream_1,0,NA
ADF,18,pump_2,upstream_1,0,NA
ADF,19,pump_2,upstream_1,0,NA
ADF,20,pump_2,upstream_1,0,NA
ADF,21,pump_2,upstream_1,0,NA
ADF,22,pump_2,upstream_1,0,NA
ADF,23,pump_2,upstream_1,0,NA
ADF,24,pump_2,upstream_1,0,NA
ADF,25,pump_2,upstream_1,0,NA
ADF,26,pump_2,upstream_1,0,NA
ADF,27,pump_2,upstream_1,0,NA
ADF,28,pump_2,upstream_1,0,NA
ADF,29,pump_2,upstream_1,0,NA
ADF,30,pump_2,upstream_1,0,NA
ADF,31,pump_2,upstream_1,0,NA
ADF,32,pump_2,upstream_1,0,NA
ADF,33,pump_2,upstream_1,4.74288531575997e-10,NA
ADF,34,pump_2,upstream_1,8.82639880056161e-07,NA
ADF,35,pump_2,upstream_1,4.03969768326508e-05,NA
ADF,36,pump_2,upstream_1,0.00043484320130153,NA
ADF,37,pump_2,upstream_1,0.00225681360551705,NA
ADF,38,pump_2,upstream_1,0.00754653095322863,NA
ADF,39,pump_2,upstream_1,0.0189125888674698,NA
ADF,40,pump_2,upstream_1,0.0388767349715508,NA
ADF,41,pump_2,upstream_1,0.0694006775077194,NA
ADF,42,pump_2,upstream_1,0.111708136702753,NA
ADF,43,pump_2,upstream_1,0.166318301035902,NA
ADF,44,pump_2,upstream_1,0.233179404332508,NA
ADF,45,pump_2,upstream_1,0.311826290542159,NA
ADF,46,pump_2,upstream_1,0.4015234375915,NA
ADF,47,pump_2,upstream_1,0.501379435919365,NA
ADF,48,pump_2,upstream_1,0.61043164352327,NA
ADF,49,pump_2,upstream_1,0.727705081981754,NA
ADF,50,pump_2,upstream_1,0.852251109207974,NA
ADF,51,pump_2,upstream_1,0.983171130597717,NA
ADF,52,pump_2,upstream_1,1.11962971012769,NA
ADF,53,pump_2,upstream_1,1.260860442848,NA
ADF,54,pump_2,upstream_1,1.40616706324454,NA
ADF,55,pump_2,upstream_1,1.55492155231657,NA
ADF,56,pump_2,upstream_1,1.70656046653713,NA
ADF,57,pump_2,upstream_1,1.8605803171191,NA
ADF,58,pump_2,upstream_1,2.01653254658251,NA
ADF,59,pump_2,upstream_1,2.17401845296041,NA
ADF,60,pump_2,upstream_1,2.33268427692636,NA
ADF,61,pump_2,upstream_1,2.49221657593588,NA
ADF,62,pump_2,upstream_1,2.65233794902733,NA
ADF,63,pump_2,upstream_1,2.8128031367487,NA
ADF,64,pump_2,upstream_1,2.97339549603219,NA
ADF,65,pump_2,upstream_1,3.13392383500548,NA
ADF,66,pump_2,upstream_1,3.29421958442558,NA
ADF,67,pump_2,upstream_1,3.45413427839195,NA
ADF,68,pump_2,upstream_1,3.61353731569893,NA
ADF,69,pump_2,upstream_1,3.77231397358311,NA
ADF,70,pump_2,upstream_1,3.93036364701391,NA
ADF,71,pump_2,upstream_1,4.08759828860529,NA
ADF,72,pump_2,upstream_1,4.2439410263972,NA
ADF,73,pump_2,upstream_1,4.39932493897859,NA
ADF,74,pump_2,upstream_1,4.55369196958499,NA
ADF,75,pump_2,upstream_1,4.70699196283812,NA
ADF,76,pump_2,upstream_1,4.85918180966792,NA
ADF,77,pump_2,upstream_1,5.01022468765625,NA
ADF,78,pump_2,upstream_1,5.16008938556602,NA
ADF,79,pump_2,upstream_1,5.30874970217607,NA
ADF,80,pump_2,upstream_1,5.45618391074325,NA
ADF,81,pump_2,upstream_1,5.60237428147123,NA
ADF,82,pump_2,upstream_1,5.74730665529561,NA
ADF,83,pump_2,upstream_1,5.89097006310985,NA
ADF,84,pump_2,upstream_1,6.03335638527069,NA
ADF,85,pump_2,upstream_1,6.17446004684531,NA
ADF,86,pump_2,upstream_1,6.31427774460883,NA
ADF,87,pump_2,upstream_1,6.45280820227725,NA
ADF,88,pump_2,upstream_1,6.59005195087836,NA
ADF,89,pump_2,upstream_1,6.72601113152763,NA
ADF,90,pump_2,upstream_1,6.86068931819543,NA
ADF,91,pump_2,upstream_1,6.99409135833143,NA
ADF,92,pump_2,upstream_1,7.12622322898259,NA
ADF,93,pump_2,upstream_1,7.25709102741076,NA
ADF,94,pump_2,upstream_1,7.38666486626654,NA
ADF,95,pump_2,upstream_1,7.5146370887988,NA
ADF,96,pump_2,upstream_1,7.63994443101231,NA
ADF,97,pump_2,upstream_1,7.7605565985396,NA
ADF,98,pump_2,upstream_1,7.87387544935901,NA
ADF,99,pump_2,upstream_1,7.97739014126637,NA
ADF,100,pump_2,upstream_1,8.06915026263346,NA
ADF,101,pump_2,upstream_1,8.14794372451947,NA
ADF,102,pump_2,upstream_1,8.21326325338535,NA
ADF,103,pump_2,upstream_1,8.26517276795457,NA
ADF,104,pump_2,upstream_1,8.30414977288325,NA
ADF,105,pump_2,upstream_1,8.3309422974197,NA
ADF,106,pump_2,upstream_1,8.34645438305979,NA
ADF,107,pump_2,upstream_1,8.35166139802139,NA
ADF,108,pump_2,upstream_1,8.34755111376048,NA
ADF,109,pump_2,upstream_1,8.33508500749138,NA
ADF,110,pump_2,upstream_1,8.3151745287933,NA
ADF,111,pump_2,upstream_1,8.28866796851755,NA
ADF,112,pump_2,upstream_1,8.2563445683436,NA
ADF,113,pump_2,upstream_1,8.2189133963205,NA
ADF,114,pump_2,upstream_1,8.17701522537827,NA
ADF,115,pump_2,upstream_1,8.13122619148744,NA
ADF,116,pump_2,upstream_1,8.08206240290452,NA
ADF,117,pump_2,upstream_1,8.02998495338089,NA
ADF,118,pump_2,upstream_1,7.97540498888304,NA
ADF,119,pump_2,upstream_1,7.91868861243655,NA
ADF,120,pump_2,upstream_1,7.8601615029068,NA
ADF,121,pump_2,upstream_1,7.80011318398441,NA
ADF,122,pump_2,upstream_1,7.73880091883077,NA
ADF,123,pump_2,upstream_1,7.67645323049003,NA
ADF,124,pump_2,upstream_1,7.613273063014,NA
ADF,125,pump_2,upstream_1,7.54944060655447,NA
ADF,126,pump_2,upstream_1,7.48511581371242,NA
ADF,127,pump_2,upstream_1,7.42044063573489,NA
ADF,128,pump_2,upstream_1,7.35554100675883,NA
ADF,129,pump_2,upstream_1,7.29052860291286,NA
ADF,130,pump_2,upstream_1,7.2255024011614,NA
ADF,131,pump_2,upstream_1,7.16055006060863,NA
ADF,132,pump_2,upstream_1,7.09574914675911,NA
ADF,133,pump_2,upstream_1,7.03116821707368,NA
ADF,134,pump_2,upstream_1,6.966867784127,NA
ADF,135,pump_2,upstream_1,6.9029011708028,NA
ADF,136,pump_2,upstream_1,6.83931527026557,NA
ADF,137,pump_2,upstream_1,6.7761512219253,NA
ADF,138,pump_2,upstream_1,6.71344501325658,NA
ADF,139,pump_2,upstream_1,6.65122801613425,NA
ADF,140,pump_2,upstream_1,6.5895274652906,NA
ADF,141,pump_2,upstream_1,6.52836688557101,NA
ADF,142,pump_2,upstream_1,6.46776647385042,NA
ADF,143,pump_2,upstream_1,6.4077434407608,NA
ADF,144,pump_2,upstream_1,6.34831231675649,NA
ADF,145,pump_2,upstream_1,6.28948522649917,NA
ADF,146,pump_2,upstream_1,6.23127213506865,NA
ADF,147,pump_2,upstream_1,6.1736810690887,NA
ADF,148,pump_2,upstream_1,6.11671831549374,NA
ADF,149,pump_2,upstream_1,6.06038860034311,NA
ADF,150,pump_2,upstream_1,6.00469524981106,NA
ADF,151,pump_2,upstream_1,5.94964033523617,NA
ADF,152,pump_2,upstream_1,5.89522480389918,NA
ADF,153,pump_2,upstream_1,5.84144859701024,NA
ADF,154,pump_2,upstream_1,5.7883107562211,NA
ADF,155,pump_2,upstream_1,5.73580951983179,NA
ADF,156,pump_2,upstream_1,5.68394240973356,NA
ADF,157,pump_2,upstream_1,5.63270631001632,NA
ADF,158,pump_2,upstream_1,5.58209753806904,NA
ADF,159,pump_2,upstream_1,5.53211190891329,NA
ADF,160,pump_2,upstream_1,5.48274479343186,NA
ADF,161,pump_2,upstream_1,5.43399117108515,NA
ADF,162,pump_2,upstream_1,5.38584567764651,NA
ADF,163,pump_2,upstream_1,5.33830264843316,NA
ADF,164,pump_2,upstream_1,5.29135615746082,NA
ADF,165,pump_2,upstream_1,5.24500005290673,NA
ADF,166,pump_2,upstream_1,5.19922798922756,NA
ADF,167,pump_2,upstream_1,5.15403345624396,NA
ADF,168,pump_2,upstream_1,5.10940980547306,NA
ADF,169,pump_2,upstream_1,5.06535027396265,NA
ADF,170,pump_2,upstream_1,5.02184800585621,NA
ADF,171,pump_2,upstream_1,4.97889607189583,NA
ADF,172,pump_2,upstream_1,4.93648748705056,NA
ADF,173,pump_2,upstream_1,4.89461522643963,NA
ADF,174,pump_2,upstream_1,4.85327223970428,NA
ADF,175,pump_2,upstream_1,4.81245146396761,NA
ADF,176,pump_2,upstream_1,4.77214583550868,NA
ADF,177,pump_2,upstream_1,4.73234830026572,NA
ADF,178,pump_2,upstream_1,4.69305182327264,NA
ADF,179,pump_2,upstream_1,4.65424939712376,NA
ADF,180,pump_2,upstream_1,4.61593404955266,NA
ADF,181,pump_2,upstream_1,4.57809885020392,NA
ADF,182,pump_2,upstream_1,4.54073691666893,NA
ADF,183,pump_2,upstream_1,4.50384141985101,NA
ADF,184,pump_2,upstream_1,4.4674055887191,NA
ADF,185,pump_2,upstream_1,4.43142271450405,NA
ADF,186,pump_2,upstream_1,4.39588615438706,NA
ADF,187,pump_2,upstream_1,4.3607893347251,NA
ADF,188,pump_2,upstream_1,4.32612575385466,NA
ADF,189,pump_2,upstream_1,4.2918889845112,NA
ADF,190,pump_2,upstream_1,4.25807267589887,NA
ADF,191,pump_2,upstream_1,4.22467055544166,NA
ADF,192,pump_2,upstream_1,4.1916764302449,NA
ADF,193,pump_2,upstream_1,4.15908418829325,NA
ADF,194,pump_2,upstream_1,4.12688779940917,NA
ADF,195,pump_2,upstream_1,4.09508131599401,NA
ADF,196,pump_2,upstream_1,4.06365887357165,NA
ADF,197,pump_2,upstream_1,4.03261469115326,NA
ADF,198,pump_2,upstream_1,4.00194307143994,NA
ADF,199,pump_2,upstream_1,3.97163840087883,NA
ADF,200,pump_2,upstream_1,3.94169514958662,NA
ADF,201,pump_2,upstream_1,3.91210787115362,NA
ADF,202,pump_2,upstream_1,3.88287120234019,NA
ADF,203,pump_2,upstream_1,3.85397986267628,NA
ADF,204,pump_2,upstream_1,3.82542865397424,NA
ADF,205,pump_2,upstream_1,3.79721245976389,NA
ADF,206,pump_2,upstream_1,3.7693262446582,NA
ADF,207,pump_2,upstream_1,3.74176505365728,NA
ADF,208,pump_2,upstream_1,3.71452401139758,NA
ADF,209,pump_2,upstream_1,3.68759832135287,NA
ADF,210,pump_2,upstream_1,3.66098326499273,NA
ADF,211,pump_2,upstream_1,3.63467420090387,NA
ADF,212,pump_2,upstream_1,3.60866656387939,NA
ADF,213,pump_2,upstream_1,3.58295586398026,NA
ADF,214,pump_2,upstream_1,3.55753768557314,NA
ADF,215,pump_2,upstream_1,3.53240768634842,NA
ADF,216,pump_2,upstream_1,3.50756159632176,NA
ADF,217,pump_2,upstream_1,3.48299521682225,NA
ADF,218,pump_2,upstream_1,3.4587044194701,NA
ADF,219,pump_2,upstream_1,3.43468514514635,NA
ADF,220,pump_2,upstream_1,3.41093340295703,NA
ADF,221,pump_2,upstream_1,3.38744526919388,NA
ADF,222,pump_2,upstream_1,3.36421688629352,NA
ADF,223,pump_2,upstream_1,3.34124446179685,NA
ADF,224,pump_2,upstream_1,3.31852426731035,NA
ADF,225,pump_2,upstream_1,3.29605263747059,NA
ADF,226,pump_2,upstream_1,3.27382596891331,NA
ADF,227,pump_2,upstream_1,3.25184071924822,NA
ADF,228,pump_2,upstream_1,3.23009340604062,NA
ADF,229,pump_2,upstream_1,3.2085806058007,NA
ADF,230,pump_2,upstream_1,3.18729895298134,NA
ADF,231,pump_2,upstream_1,3.16624513898532,NA
ADF,232,pump_2,upstream_1,3.14541591118236,NA
ADF,233,pump_2,upstream_1,3.1248080719368,NA
ADF,234,pump_2,upstream_1,3.10441847764628,NA
ADF,235,pump_2,upstream_1,3.08424403779186,NA
ADF,236,pump_2,upstream_1,3.06428171400019,NA
ADF,237,pump_2,upstream_1,3.04452851911769,NA
ADF,238,pump_2,upstream_1,3.02498151629736,NA
ADF,239,pump_2,upstream_1,3.00563781809831,NA
ADF,240,pump_2,upstream_1,2.98649458559814,NA
ADF,241,pump_2,upstream_1,2.96754902751846,NA
ADF,242,pump_2,upstream_1,2.9487983993636,NA
ADF,243,pump_2,upstream_1,2.93024000257258,NA
ADF,244,pump_2,upstream_1,2.9118711836845,NA
ADF,245,pump_2,upstream_1,2.89368933351717,NA
ADF,246,pump_2,upstream_1,2.87569188635931,NA
ADF,247,pump_2,upstream_1,2.85787631917593,NA
ADF,248,pump_2,upstream_1,2.84024015082722,NA
ADF,249,pump_2,upstream_1,2.82278094130058,NA
ADF,250,pump_2,upstream_1,2.80549629095601,NA
ADF,251,pump_2,upstream_1,2.78838383978455,NA
ADF,252,pump_2,upstream_1,2.77144126667975,NA
ADF,253,pump_2,upstream_1,2.75466628872217,NA
ADF,254,pump_2,upstream_1,2.7380566604766,NA
ADF,255,pump_2,upstream_1,2.72161017330203,NA
ADF,256,pump_2,upstream_1,2.7053246546742,NA
ADF,257,pump_2,upstream_1,2.68919796752048,NA
ADF,258,pump_2,upstream_1,2.6732280095671,NA
ADF,259,pump_2,upstream_1,2.65741271269849,NA
ADF,260,pump_2,upstream_1,2.64175004232849,NA
ADF,261,pump_2,upstream_1,2.62623799678346,NA
ADF,262,pump_2,upstream_1,2.61087460669698,NA
ADF,263,pump_2,upstream_1,2.59565793441599,NA
ADF,264,pump_2,upstream_1,2.58058607341822,NA
ADF,265,pump_2,upstream_1,2.56565714774074,NA
ADF,266,pump_2,upstream_1,2.55086931141946,NA
ADF,267,pump_2,upstream_1,2.53622074793937,NA
ADF,268,pump_2,upstream_1,2.52170966969539,NA
ADF,269,pump_2,upstream_1,2.50733431746364,NA
ADF,270,pump_2,upstream_1,2.49309295988285,NA
ADF,271,pump_2,upstream_1,2.47898389294596,NA
ADF,272,pump_2,upstream_1,2.46500543950153,NA
ADF,273,pump_2,upstream_1,2.45115594876486,NA
ADF,274,pump_2,upstream_1,2.43743379583864,NA
ADF,275,pump_2,upstream_1,2.42383738124297,NA
ADF,276,pump_2,upstream_1,2.41036513045457,NA
ADF,277,pump_2,upstream_1,2.39701549345502,NA
ADF,278,pump_2,upstream_1,2.38378694428777,NA
ADF,279,pump_2,upstream_1,2.37067798062401,NA
ADF,280,pump_2,upstream_1,2.35768712333681,NA
ADF,281,pump_2,upstream_1,2.34481291608385,NA
ADF,282,pump_2,upstream_1,2.33205392489821,NA
ADF,283,pump_2,upstream_1,2.31940873778724,NA
ADF,284,pump_2,upstream_1,2.30687596433928,NA
ADF,285,pump_2,upstream_1,2.29445423533814,NA
ADF,286,pump_2,upstream_1,2.28214220238517,NA
ADF,287,pump_2,upstream_1,2.26993853752868,NA
ADF,288,pump_2,upstream_1,2.2578419329007,NA
ADF,289,pump_2,upstream_1,2.24585110036086,NA
ADF,290,pump_2,upstream_1,2.23396477114723,NA
ADF,291,pump_2,upstream_1,2.22218169553407,NA
ADF,292,pump_2,upstream_1,2.21050064249618,NA
ADF,293,pump_2,upstream_1,2.19892039937997,NA
ADF,294,pump_2,upstream_1,2.18743977158086,NA
ADF,295,pump_2,upstream_1,2.17605758222702,NA
ADF,296,pump_2,upstream_1,2.16477267186931,NA
ADF,297,pump_2,upstream_1,2.15358389817727,NA
ADF,298,pump_2,upstream_1,2.14249013564103,NA
ADF,299,pump_2,upstream_1,2.13149027527902,NA
ADF,300,pump_2,upstream_1,2.12058322435144,NA
ADF,301,pump_2,upstream_1,2.10976790607921,NA
ADF,302,pump_2,upstream_1,2.09904325936843,NA
ADF,303,pump_2,upstream_1,2.08840823854022,NA
ADF,304,pump_2,upstream_1,2.07786181306571,NA
ADF,305,pump_2,upstream_1,2.06740296730623,NA
ADF,306,pump_2,upstream_1,2.05703070025852,NA
ADF,307,pump_2,upstream_1,2.04674402530481,NA
ADF,308,pump_2,upstream_1,2.03654196996778,NA
ADF,309,pump_2,upstream_1,2.02642357567022,NA
ADF,310,pump_2,upstream_1,2.01638789749923,NA
ADF,311,pump_2,upstream_1,2.00643400397511,NA
ADF,312,pump_2,upstream_1,1.99656097682454,NA
ADF,313,pump_2,upstream_1,1.98676791075814,NA
ADF,314,pump_2,upstream_1,1.97705391325233,NA
ADF,315,pump_2,upstream_1,1.96741810433524,NA
ADF,316,pump_2,upstream_1,1.95785961637685,NA
ADF,317,pump_2,upstream_1,1.94837759388297,NA
ADF,318,pump_2,upstream_1,1.93897119329326,NA
ADF,319,pump_2,upstream_1,1.92963958278298,NA
ADF,320,pump_2,upstream_1,1.92038194206853,NA
ADF,321,pump_2,upstream_1,1.91119746221667,NA
ADF,322,pump_2,upstream_1,1.90208534545732,NA
ADF,323,pump_2,upstream_1,1.89304480499991,NA
ADF,324,pump_2,upstream_1,1.88407506485312,NA
ADF,325,pump_2,upstream_1,1.87517535964808,NA
ADF,326,pump_2,upstream_1,1.86634493446483,NA
ADF,327,pump_2,upstream_1,1.85758304466199,NA
ADF,328,pump_2,upstream_1,1.84888895570969,NA
ADF,329,pump_2,upstream_1,1.84026194302556,NA
ADF,330,pump_2,upstream_1,1.83170129181375,NA
ADF,331,pump_2,upstream_1,1.82320629690696,NA
ADF,332,pump_2,upstream_1,1.81477626261141,NA
ADF,333,pump_2,upstream_1,1.80641050255462,NA
ADF,334,pump_2,upstream_1,1.79810833953604,NA
ADF,335,pump_2,upstream_1,1.78986910538042,NA
ADF,336,pump_2,upstream_1,1.78169214079386,NA
ADF,337,pump_2,upstream_1,1.77357679522247,NA
ADF,338,pump_2,upstream_1,1.76552242671373,NA
ADF,339,pump_2,upstream_1,1.7575284017802,NA
ADF,340,pump_2,upstream_1,1.74959409526585,NA
ADF,341,pump_2,upstream_1,1.74171889021479,NA
ADF,342,pump_2,upstream_1,1.73390217774236,NA
ADF,343,pump_2,upstream_1,1.72614335690853,NA
ADF,344,pump_2,upstream_1,1.71844183459365,NA
ADF,345,pump_2,upstream_1,1.71079702537639,NA
ADF,346,pump_2,upstream_1,1.70320835141391,NA
ADF,347,pump_2,upstream_1,1.69567524232414,NA
ADF,348,pump_2,upstream_1,1.68819713507017,NA
ADF,349,pump_2,upstream_1,1.6807734738468,NA
ADF,350,pump_2,upstream_1,1.67340370996897,NA
ADF,351,pump_2,upstream_1,1.66608730176225,NA
ADF,352,pump_2,upstream_1,1.65882371445531,NA
ADF,353,pump_2,upstream_1,1.65161242007423,NA
ADF,354,pump_2,upstream_1,1.64445289733869,NA
ADF,355,pump_2,upstream_1,1.63734463156004,NA
ADF,356,pump_2,upstream_1,1.63028711454111,NA
ADF,357,pump_2,upstream_1,1.6232798444778,NA
ADF,358,pump_2,upstream_1,1.6163223258624,NA
ADF,359,pump_2,upstream_1,1.60941406938861,NA
ADF,360,pump_2,upstream_1,1.60255459185816,NA
ADF,361,pump_2,upstream_1,1.59574341608919,NA
ADF,362,pump_2,upstream_1,1.58898007082604,NA
ADF,363,pump_2,upstream_1,1.58226409065077,NA
ADF,364,pump_2,upstream_1,1.5755950158961,NA
ADF,365,pump_2,upstream_1,1.5689723925599,NA
ADF,1,pump_2,upstream_2,0,NA
ADF,2,pump_2,upstream_2,0,NA
ADF,3,pump_2,upstream_2,0,NA
ADF,4,pump_2,upstream_2,0,NA
ADF,5,pump_2,upstream_2,0,NA
ADF,6,pump_2,upstream_2,0,NA
ADF,7,pump_2,upstream_2,0,NA
ADF,8,pump_2,upstream_2,0,NA
ADF,9,pump_2,upstream_2,0,NA
ADF,10,pump_2,upstream_2,0,NA
ADF,11,pump_2,upstream_2,0,NA
ADF,12,pump_2,upstream_2,0,NA
ADF,13,pump_2,upstream_2,0,NA
ADF,14,pump_2,upstream_2,0,NA
ADF,15,pump_2,upstream_2,0,NA
ADF,16,pump_2,upstream_2,0,NA
ADF,17,pump_2,upstream_2,0,NA
ADF,18,pump_2,upstream_2,0,NA
ADF,19,pump_2,upstream_2,0,NA
ADF,20,pump_2,upstream_2,0,NA
ADF,21,pump_2,upstream_2,0,NA
ADF,22,pump_2,upstream_2,0,NA
ADF,23,pump_2,upstream_2,0,NA
ADF,24,pump_2,upstream_2,0,NA
ADF,25,pump_2,upstream_2,0,NA
ADF,26,pump_2,upstream_2,0,NA
ADF,27,pump_2,upstream_2,0,NA
ADF,28,pump_2,upstream_2,0,NA
ADF,29,pump_2,upstream_2,0,NA
ADF,30,pump_2,upstream_2,0,NA
ADF,31,pump_2,upstream_2,0,NA
ADF,32,pump_2,upstream_2,0,NA
ADF,33,pump_2,upstream_2,3.94298256420931e-10,NA
ADF,34,pump_2,upstream_2,7.33779846198872e-07,NA
ADF,35,pump_2,upstream_2,3.35838976779669e-05,NA
ADF,36,pump_2,upstream_2,0.000361505491573223,NA
ADF,37,pump_2,upstream_2,0.00187619381462579,NA
ADF,38,pump_2,upstream_2,0.00627376508531311,NA
ADF,39,pump_2,upstream_2,0.0157227322013788,NA
ADF,40,pump_2,upstream_2,0.0323189184181675,NA
ADF,41,pump_2,upstream_2,0.0576912128543292,NA
ADF,42,pump_2,upstream_2,0.0928523022993775,NA
ADF,43,pump_2,upstream_2,0.138225018581569,NA
ADF,44,pump_2,upstream_2,0.193752279424467,NA
ADF,45,pump_2,upstream_2,0.259027700309579,NA
ADF,46,pump_2,upstream_2,0.333414948165305,NA
ADF,47,pump_2,upstream_2,0.416144053825382,NA
ADF,48,pump_2,upstream_2,0.506383351867876,NA
ADF,49,pump_2,upstream_2,0.603290141854596,NA
ADF,50,pump_2,upstream_2,0.706044441958,NA
ADF,51,pump_2,upstream_2,0.81387005814334,NA
ADF,52,pump_2,upstream_2,0.926046520672029,NA
ADF,53,pump_2,upstream_2,1.0419146680471,NA
ADF,54,pump_2,upstream_2,1.1608779606231,NA
ADF,55,pump_2,upstream_2,1.28240103611568,NA
ADF,56,pump_2,upstream_2,1.40600657887946,NA
ADF,57,pump_2,upstream_2,1.53127124617922,NA
ADF,58,pump_2,upstream_2,1.65782115521596,NA
ADF,59,pump_2,upstream_2,1.78532726335034,NA
ADF,60,pump_2,upstream_2,1.91350085329433,NA
ADF,61,pump_2,upstream_2,2.04208925130418,NA
ADF,62,pump_2,upstream_2,2.17087184921882,NA
ADF,63,pump_2,upstream_2,2.29965646286343,NA
ADF,64,pump_2,upstream_2,2.42827603427462,NA
ADF,65,pump_2,upstream_2,2.55658566936625,NA
ADF,66,pump_2,upstream_2,2.68445999316023,NA
ADF,67,pump_2,upstream_2,2.81179079951293,NA
ADF,68,pump_2,upstream_2,2.9384849699392,NA
ADF,69,pump_2,upstream_2,3.06446263567072,NA
ADF,70,pump_2,upstream_2,3.18965555779015,NA
ADF,71,pump_2,upstream_2,3.31400570168298,NA
ADF,72,pump_2,upstream_2,3.43746398382568,NA
ADF,73,pump_2,upstream_2,3.55998917086725,NA
ADF,74,pump_2,upstream_2,3.68154691292628,NA
ADF,75,pump_2,upstream_2,3.80210889492927,NA
ADF,76,pump_2,upstream_2,3.92165209160824,NA
ADF,77,pump_2,upstream_2,4.04015811343039,NA
ADF,78,pump_2,upstream_2,4.15761263223706,NA
ADF,79,pump_2,upstream_2,4.27400487672394,NA
ADF,80,pump_2,upstream_2,4.38932718910349,NA
ADF,81,pump_2,upstream_2,4.5035746353638,NA
ADF,82,pump_2,upstream_2,4.61674466248533,NA
ADF,83,pump_2,upstream_2,4.72883679681106,NA
ADF,84,pump_2,upstream_2,4.83985237849681,NA
ADF,85,pump_2,upstream_2,4.94979432760906,NA
ADF,86,pump_2,upstream_2,5.05866693799747,NA
ADF,87,pump_2,upstream_2,5.16647569555781,NA
ADF,88,pump_2,upstream_2,5.27322711792748,NA
ADF,89,pump_2,upstream_2,5.3789286130274,NA
ADF,90,pump_2,upstream_2,5.48358835418795,NA
ADF,91,pump_2,upstream_2,5.58721516987888,NA
ADF,92,pump_2,upstream_2,5.68981844591484,NA
ADF,93,pump_2,upstream_2,5.79140730759718,NA
ADF,94,pump_2,upstream_2,5.89196062474022,NA
ADF,95,pump_2,upstream_2,5.99122602462826,NA
ADF,96,pump_2,upstream_2,6.08832266314541,NA
ADF,97,pump_2,upstream_2,6.18156549187357,NA
ADF,98,pump_2,upstream_2,6.26879723605598,NA
ADF,99,pump_2,upstream_2,6.34793344002001,NA
ADF,100,pump_2,upstream_2,6.41735667558022,NA
ADF,101,pump_2,upstream_2,6.47606577840334,NA
ADF,102,pump_2,upstream_2,6.52364947259708,NA
ADF,103,pump_2,upstream_2,6.56017640517026,NA
ADF,104,pump_2,upstream_2,6.58606451247234,NA
ADF,105,pump_2,upstream_2,6.60196164746013,NA
ADF,106,pump_2,upstream_2,6.60864925055504,NA
ADF,107,pump_2,upstream_2,6.60697039521908,NA
ADF,108,pump_2,upstream_2,6.59777911399922,NA
ADF,109,pump_2,upstream_2,6.58190663384744,NA
ADF,110,pump_2,upstream_2,6.56014029736708,NA
ADF,111,pump_2,upstream_2,6.53321161805711,NA
ADF,112,pump_2,upstream_2,6.5017906892895,NA
ADF,113,pump_2,upstream_2,6.46648486466909,NA
ADF,114,pump_2,upstream_2,6.42784019742613,NA
ADF,115,pump_2,upstream_2,6.38634456687121,NA
ADF,116,pump_2,upstream_2,6.34243174859637,NA
ADF,117,pump_2,upstream_2,6.29648592457984,NA
ADF,118,pump_2,upstream_2,6.24884630067917,NA
ADF,119,pump_2,upstream_2,6.19981161967731,NA
ADF,120,pump_2,upstream_2,6.14964444179045,NA
ADF,121,pump_2,upstream_2,6.09857512174166,NA
ADF,122,pump_2,upstream_2,6.04680544983431,NA
ADF,123,pump_2,upstream_2,5.99451194952713,NA
ADF,124,pump_2,upstream_2,5.94184883985475,NA
ADF,125,pump_2,upstream_2,5.88895068053609,NA
ADF,126,pump_2,upstream_2,5.83593472281,NA
ADF,127,pump_2,upstream_2,5.78290299136934,NA
ADF,128,pump_2,upstream_2,5.72994412323288,NA
ADF,129,pump_2,upstream_2,5.67713498869201,NA
ADF,130,pump_2,upstream_2,5.62454211807082,NA
ADF,131,pump_2,upstream_2,5.57222295626398,NA
ADF,132,pump_2,upstream_2,5.52022696507948,NA
ADF,133,pump_2,upstream_2,5.46859659145034,NA
ADF,134,pump_2,upstream_2,5.41736811767708,NA
ADF,135,pump_2,upstream_2,5.36657240807156,NA
ADF,136,pump_2,upstream_2,5.31623556471965,NA
ADF,137,pump_2,upstream_2,5.2663795035762,NA
ADF,138,pump_2,upstream_2,5.21702246075262,NA
ADF,139,pump_2,upstream_2,5.16817943764867,NA
ADF,140,pump_2,upstream_2,5.11986259250794,NA
ADF,141,pump_2,upstream_2,5.07208158502981,NA
ADF,142,pump_2,upstream_2,5.0248438798372,NA
ADF,143,pump_2,upstream_2,4.97815501386885,NA
ADF,144,pump_2,upstream_2,4.93201883212458,NA
ADF,145,pump_2,upstream_2,4.88643769563304,NA
ADF,146,pump_2,upstream_2,4.84141266502267,NA
ADF,147,pump_2,upstream_2,4.79694366265104,NA
ADF,148,pump_2,upstream_2,4.75302961587642,NA
ADF,149,pump_2,upstream_2,4.70966858373143,NA
ADF,150,pump_2,upstream_2,4.66685786897705,NA
ADF,151,pump_2,upstream_2,4.62459411726947,NA
ADF,152,pump_2,upstream_2,4.5828734049577,NA
ADF,153,pump_2,upstream_2,4.54169131684362,NA
ADF,154,pump_2,upstream_2,4.50104301507284,NA
ADF,155,pump_2,upstream_2,4.46092330018279,NA
ADF,156,pump_2,upstream_2,4.42132666521025,NA
ADF,157,pump_2,upstream_2,4.38224734365203,NA
ADF,158,pump_2,upstream_2,4.34367935197781,NA
ADF,159,pump_2,upstream_2,4.30561652731092,NA
ADF,160,pump_2,upstream_2,4.26805256082053,NA
ADF,161,pump_2,upstream_2,4.23098102730461,NA
ADF,162,pump_2,upstream_2,4.19439541138759,NA
ADF,163,pump_2,upstream_2,4.15828913070734,NA
ADF,164,pump_2,upstream_2,4.12265555642308,NA
ADF,165,pump_2,upstream_2,4.08748803133809,NA
ADF,166,pump_2,upstream_2,4.0527798858976,NA
ADF,167,pump_2,upstream_2,4.01852445229288,NA
ADF,168,pump_2,upstream_2,3.98471507687685,NA
ADF,169,pump_2,upstream_2,3.95134513107349,NA
ADF,170,pump_2,upstream_2,3.91840802094326,NA
ADF,171,pump_2,upstream_2,3.88589719554887,NA
ADF,172,pump_2,upstream_2,3.85380615424997,NA
ADF,173,pump_2,upstream_2,3.82212845304149,NA
ADF,174,pump_2,upstream_2,3.79085771003767,NA
ADF,175,pump_2,upstream_2,3.75998761019325,NA
ADF,176,pump_2,upstream_2,3.72951190934317,NA
ADF,177,pump_2,upstream_2,3.69942443763368,NA
ADF,178,pump_2,upstream_2,3.66971910241011,NA
ADF,179,pump_2,upstream_2,3.6403898906194,NA
ADF,180,pump_2,upstream_2,3.6114308707798,NA
ADF,181,pump_2,upstream_2,3.58283619456432,NA
ADF,182,pump_2,upstream_2,3.55460009803994,NA
ADF,183,pump_2,upstream_2,3.52671690260013,NA
ADF,184,pump_2,upstream_2,3.4991810156243,NA
ADF,185,pump_2,upstream_2,3.4719869308946,NA
ADF,186,pump_2,upstream_2,3.44512922879702,NA
ADF,187,pump_2,upstream_2,3.41860257633126,NA
ADF,188,pump_2,upstream_2,3.39240172695134,NA
ADF,189,pump_2,upstream_2,3.36652152025648,NA
ADF,190,pump_2,upstream_2,3.34095688154999,NA
ADF,191,pump_2,upstream_2,3.31570282128206,NA
ADF,192,pump_2,upstream_2,3.29075443439077,NA
ADF,193,pump_2,upstream_2,3.26610689955406,NA
ADF,194,pump_2,upstream_2,3.24175547836421,NA
ADF,195,pump_2,upstream_2,3.21769551443535,NA
ADF,196,pump_2,upstream_2,3.19392243245304,NA
ADF,197,pump_2,upstream_2,3.17043173717456,NA
ADF,198,pump_2,upstream_2,3.14721901238722,NA
ADF,199,pump_2,upstream_2,3.12427991983158,NA
ADF,200,pump_2,upstream_2,3.10161019809554,NA
ADF,201,pump_2,upstream_2,3.07920566148482,NA
ADF,202,pump_2,upstream_2,3.05706219887456,NA
ADF,203,pump_2,upstream_2,3.03517577254653,NA
ADF,204,pump_2,upstream_2,3.01354241701586,NA
ADF,205,pump_2,upstream_2,2.99215823785057,NA
ADF,206,pump_2,upstream_2,2.97101941048733,NA
ADF,207,pump_2,upstream_2,2.95012217904589,NA
ADF,208,pump_2,upstream_2,2.92946285514494,NA
ADF,209,pump_2,upstream_2,2.90903781672138,NA
ADF,210,pump_2,upstream_2,2.88884350685505,NA
ADF,211,pump_2,upstream_2,2.86887643260061,NA
ADF,212,pump_2,upstream_2,2.84913316382811,NA
ADF,213,pump_2,upstream_2,2.82961033207352,NA
ADF,214,pump_2,upstream_2,2.81030462940042,NA
ADF,215,pump_2,upstream_2,2.79121280727392,NA
ADF,216,pump_2,upstream_2,2.7723316754476,NA
ADF,217,pump_2,upstream_2,2.75365810086423,NA
ADF,218,pump_2,upstream_2,2.73518900657105,NA
ADF,219,pump_2,upstream_2,2.71692137064998,NA
ADF,220,pump_2,upstream_2,2.69885222516328,NA
ADF,221,pump_2,upstream_2,2.68097865511521,NA
ADF,222,pump_2,upstream_2,2.66329779742961,NA
ADF,223,pump_2,upstream_2,2.6458068399441,NA
ADF,224,pump_2,upstream_2,2.62850302042069,NA
ADF,225,pump_2,upstream_2,2.61138362557321,NA
ADF,226,pump_2,upstream_2,2.59444599011142,NA
ADF,227,pump_2,upstream_2,2.57768749580206,NA
ADF,228,pump_2,upstream_2,2.56110557054659,NA
ADF,229,pump_2,upstream_2,2.54469768747589,NA
ADF,230,pump_2,upstream_2,2.52846136406152,NA
ADF,231,pump_2,upstream_2,2.51239416124374,NA
ADF,232,pump_2,upstream_2,2.49649368257603,NA
ADF,233,pump_2,upstream_2,2.480757573386,NA
ADF,234,pump_2,upstream_2,2.46518351995252,NA
ADF,235,pump_2,upstream_2,2.44976924869899,NA
ADF,236,pump_2,upstream_2,2.43451252540246,NA
ADF,237,pump_2,upstream_2,2.41941115441845,NA
ADF,238,pump_2,upstream_2,2.40446297792128,NA
ADF,239,pump_2,upstream_2,2.38966587515973,NA
ADF,240,pump_2,upstream_2,2.37501776172763,NA
ADF,241,pump_2,upstream_2,2.36051658884947,NA
ADF,242,pump_2,upstream_2,2.34616034268046,NA
ADF,243,pump_2,upstream_2,2.33194704362101,NA
ADF,244,pump_2,upstream_2,2.31787474564535,NA
ADF,245,pump_2,upstream_2,2.30394153564407,NA
ADF,246,pump_2,upstream_2,2.29014553278017,NA
ADF,247,pump_2,upstream_2,2.27648488785867,NA
ADF,248,pump_2,upstream_2,2.26295778270923,NA
ADF,249,pump_2,upstream_2,2.24956242958177,NA
ADF,250,pump_2,upstream_2,2.23629707055471,NA
ADF,251,pump_2,upstream_2,2.22315997695561,NA
ADF,252,pump_2,upstream_2,2.21014944879404,NA
ADF,253,pump_2,upstream_2,2.19726381420629,NA
ADF,254,pump_2,upstream_2,2.18450142891189,NA
ADF,255,pump_2,upstream_2,2.1718606756815,NA
ADF,256,pump_2,upstream_2,2.15933996381604,NA
ADF,257,pump_2,upstream_2,2.14693772863687,NA
ADF,258,pump_2,upstream_2,2.13465243098665,NA
ADF,259,pump_2,upstream_2,2.12248255674083,NA
ADF,260,pump_2,upstream_2,2.11042661632934,NA
ADF,261,pump_2,upstream_2,2.09848314426851,NA
ADF,262,pump_2,upstream_2,2.08665069870282,NA
ADF,263,pump_2,upstream_2,2.07492786095629,NA
ADF,264,pump_2,upstream_2,2.0633132350934,NA
ADF,265,pump_2,upstream_2,2.05180544748919,NA
ADF,266,pump_2,upstream_2,2.04040314640851,NA
ADF,267,pump_2,upstream_2,2.02910500159409,NA
ADF,268,pump_2,upstream_2,2.01790970386327,NA
ADF,269,pump_2,upstream_2,2.00681596471323,NA
ADF,270,pump_2,upstream_2,1.99582251593447,NA
ADF,271,pump_2,upstream_2,1.98492810923248,NA
ADF,272,pump_2,upstream_2,1.97413151585728,NA
ADF,273,pump_2,upstream_2,1.96343152624075,NA
ADF,274,pump_2,upstream_2,1.95282694964147,NA
ADF,275,pump_2,upstream_2,1.9423166137971,NA
ADF,276,pump_2,upstream_2,1.93189936458395,NA
ADF,277,pump_2,upstream_2,1.92157406568354,NA
ADF,278,pump_2,upstream_2,1.91133959825631,NA
ADF,279,pump_2,upstream_2,1.90119486062194,NA
ADF,280,pump_2,upstream_2,1.89113876794629,NA
ADF,281,pump_2,upstream_2,1.88117025193496,NA
ADF,282,pump_2,upstream_2,1.87128826053304,NA
ADF,283,pump_2,upstream_2,1.86149175763116,NA
ADF,284,pump_2,upstream_2,1.85177972277748,NA
ADF,285,pump_2,upstream_2,1.84215115089572,NA
ADF,286,pump_2,upstream_2,1.83260505200891,NA
ADF,287,pump_2,upstream_2,1.82314045096879,NA
ADF,288,pump_2,upstream_2,1.81375638719081,NA
ADF,289,pump_2,upstream_2,1.80445191439443,NA
ADF,290,pump_2,upstream_2,1.79522610034884,NA
ADF,291,pump_2,upstream_2,1.78607802662373,NA
ADF,292,pump_2,upstream_2,1.77700678834519,NA
ADF,293,pump_2,upstream_2,1.76801149395652,NA
ADF,294,pump_2,upstream_2,1.75909126498391,NA
ADF,295,pump_2,upstream_2,1.75024523580677,NA
ADF,296,pump_2,upstream_2,1.74147255343278,NA
ADF,297,pump_2,upstream_2,1.73277237727738,NA
ADF,298,pump_2,upstream_2,1.72414387894773,NA
ADF,299,pump_2,upstream_2,1.7155862420309,NA
ADF,300,pump_2,upstream_2,1.70709866188646,NA
ADF,301,pump_2,upstream_2,1.69868034544301,NA
ADF,302,pump_2,upstream_2,1.69033051099885,NA
ADF,303,pump_2,upstream_2,1.68204838802664,NA
ADF,304,pump_2,upstream_2,1.67383321698178,NA
ADF,305,pump_2,upstream_2,1.66568424911475,NA
ADF,306,pump_2,upstream_2,1.657600746287,NA
ADF,307,pump_2,upstream_2,1.64958198079055,NA
ADF,308,pump_2,upstream_2,1.64162723517106,NA
ADF,309,pump_2,upstream_2,1.63373580205444,NA
ADF,310,pump_2,upstream_2,1.62590698397674,NA
ADF,311,pump_2,upstream_2,1.61814009321745,NA
ADF,312,pump_2,upstream_2,1.610434451636,NA
ADF,313,pump_2,upstream_2,1.60278939051139,NA
ADF,314,pump_2,upstream_2,1.59520425038499,NA
ADF,315,pump_2,upstream_2,1.58767838090634,NA
ADF,316,pump_2,upstream_2,1.58021114068188,NA
ADF,317,pump_2,upstream_2,1.57280189712667,NA
ADF,318,pump_2,upstream_2,1.56545002631887,NA
ADF,319,pump_2,upstream_2,1.55815491285706,NA
ADF,320,pump_2,upstream_2,1.55091594972025,NA
ADF,321,pump_2,upstream_2,1.54373253813052,NA
ADF,322,pump_2,upstream_2,1.53660408741835,NA
ADF,323,pump_2,upstream_2,1.52953001489045,NA
ADF,324,pump_2,upstream_2,1.52250974570007,NA
ADF,325,pump_2,upstream_2,1.51554271271979,NA
ADF,326,pump_2,upstream_2,1.50862835641667,NA
ADF,327,pump_2,upstream_2,1.50176612472979,NA
ADF,328,pump_2,upstream_2,1.49495547295,NA
ADF,329,pump_2,upstream_2,1.488195863602,NA
ADF,330,pump_2,upstream_2,1.48148676632857,NA
ADF,331,pump_2,upstream_2,1.47482765777697,NA
ADF,332,pump_2,upstream_2,1.46821802148738,NA
ADF,333,pump_2,upstream_2,1.46165734778355,NA
ADF,334,pump_2,upstream_2,1.45514513366528,NA
ADF,335,pump_2,upstream_2,1.44868088270302,NA
ADF,336,pump_2,upstream_2,1.44226410493436,NA
ADF,337,pump_2,upstream_2,1.43589431676238,NA
ADF,338,pump_2,upstream_2,1.42957104085591,NA
ADF,339,pump_2,upstream_2,1.4232938060516,NA
ADF,340,pump_2,upstream_2,1.41706214725769,NA
ADF,341,pump_2,upstream_2,1.41087560535968,NA
ADF,342,pump_2,upstream_2,1.40473372712755,NA
ADF,343,pump_2,upstream_2,1.39863606512474,NA
ADF,344,pump_2,upstream_2,1.39258217761876,NA
ADF,345,pump_2,upstream_2,1.3865716284934,NA
ADF,346,pump_2,upstream_2,1.38060398716247,NA
ADF,347,pump_2,upstream_2,1.37467882848516,NA
ADF,348,pump_2,upstream_2,1.36879573268285,NA
ADF,349,pump_2,upstream_2,1.36295428525744,NA
ADF,350,pump_2,upstream_2,1.35715407691108,NA
ADF,351,pump_2,upstream_2,1.35139470346738,NA
ADF,352,pump_2,upstream_2,1.34567576579394,NA
ADF,353,pump_2,upstream_2,1.33999686972632,NA
ADF,354,pump_2,upstream_2,1.33435762599331,NA
ADF,355,pump_2,upstream_2,1.32875765014351,NA
ADF,356,pump_2,upstream_2,1.32319656247318,NA
ADF,357,pump_2,upstream_2,1.31767398795539,NA
ADF,358,pump_2,upstream_2,1.31218955617036,NA
ADF,359,pump_2,upstream_2,1.30674290123705,NA
ADF,360,pump_2,upstream_2,1.30133366174588,NA
ADF,361,pump_2,upstream_2,1.29596148069271,NA
ADF,362,pump_2,upstream_2,1.29062600541382,NA
ADF,363,pump_2,upstream_2,1.28532688752214,NA
ADF,364,pump_2,upstream_2,1.28006378284449,NA
ADF,365,pump_2,upstream_2,1.27483635135995,NA
constant_head,1,pump_1,downstream,1.03796721866104e-42,5.75203989775117e-63
constant_head,2,pump_1,downstream,-3.80793971179746e-27,6.11572081558662e-47
constant_head,3,pump_1,downstream,-1.83273951581234e-19,2.10795707495259e-39
constant_head,4,pump_1,downstream,-1.35374307325171e-15,1.04244016109281e-35
constant_head,5,pump_1,downstream,-1.59919328312763e-12,7.11639149972694e-33
constant_head,6,pump_1,downstream,-2.86032961166404e-10,1.82179622393009e-30
constant_head,7,pump_1,downstream,-1.14062959195976e-08,5.8297479165869e-29
constant_head,8,pump_1,downstream,-1.90478514328864e-07,0
constant_head,9,pump_1,downstream,-1.73140420487119e-06,0
constant_head,10,pump_1,downstream,-9.98777019592005e-06,5.96966186935397e-26
constant_head,11,pump_1,downstream,-4.1065960644366e-05,2.38786474662965e-25
constant_head,12,pump_1,downstream,-0.000131078602070363,1.16594958331526e-28
constant_head,13,pump_1,downstream,-0.000345176015081577,1.91029202502823e-24
constant_head,14,pump_1,downstream,-0.000783124266884083,3.82058405005647e-24
constant_head,15,pump_1,downstream,-0.00157952817344652,0
constant_head,16,pump_1,downstream,-0.00289865860022485,1.52823635271415e-23
constant_head,17,pump_1,downstream,-0.00492525328596218,6.1129337513719e-23
constant_head,18,pump_1,downstream,-0.00785326706357492,0
constant_head,19,pump_1,downstream,-0.0118744690363892,6.1129337513719e-23
constant_head,20,pump_1,downstream,-0.0171683212065501,1.22259607783547e-22
constant_head,21,pump_1,downstream,-0.0238939909969724,0
constant_head,22,pump_1,downstream,-0.0321848280871409,2.44517350054876e-22
constant_head,23,pump_1,downstream,-0.0421452448345465,4.89034700109752e-22
constant_head,24,pump_1,downstream,-0.0538496987129671,1.91029179730372e-24
constant_head,25,pump_1,downstream,-0.0673433553917851,0
constant_head,26,pump_1,downstream,-0.0826439860457742,3.82058359460744e-24
constant_head,27,pump_1,downstream,-0.0997446812121732,7.64116718921488e-24
constant_head,28,pump_1,downstream,-0.11861702690814,0
constant_head,29,pump_1,downstream,-0.139214459621324,7.64116718921488e-24
constant_head,30,pump_1,downstream,-0.16147559078784,9.78188786170541e-22
constant_head,31,pump_1,downstream,-0.185327353692411,9.78188786170541e-22
constant_head,32,pump_1,downstream,-0.210687881153603,0
constant_head,33,pump_1,downstream,-0.237469062459359,1.52823343784298e-23
constant_head,34,pump_1,downstream,-0.265578761329413,3.05646687568595e-23
constant_head,35,pump_1,downstream,-0.294922697001622,3.05646687568595e-23
constant_head,36,pump_1,downstream,-0.325406007176853,1.95637757234108e-21
constant_head,37,pump_1,downstream,-0.356934518653901,1.95637757234108e-21
constant_head,38,pump_1,downstream,-0.389415757957354,3.05646687568595e-23
constant_head,39,pump_1,downstream,-0.422759733992697,3.05646687568595e-23
constant_head,40,pump_1,downstream,-0.456879526006368,3.91227760087802e-21
constant_head,41,pump_1,downstream,-0.491691706467436,3.91227760087802e-21
constant_head,42,pump_1,downstream,-0.527116627574298,3.91275514468216e-21
constant_head,43,pump_1,downstream,-0.563078595328567,3.91227760087802e-21
constant_head,44,pump_1,downstream,-0.599505953699347,3.91275514468216e-21
constant_head,45,pump_1,downstream,-0.636331096683783,3.91227760087802e-21
constant_head,46,pump_1,downstream,-0.673490424900201,3.91275514468216e-21
constant_head,47,pump_1,downstream,-0.710924259144242,3.91227760087802e-21
constant_head,48,pump_1,downstream,-0.748576722678639,3.91227760087802e-21
constant_head,49,pump_1,downstream,-0.786395600445561,3.91418742652308e-21
constant_head,50,pump_1,downstream,-0.8243321832596,3.91227760087802e-21
constant_head,51,pump_1,downstream,-0.862341102036504,0
constant_head,52,pump_1,downstream,-0.900380157427898,1.22258675027438e-22
constant_head,53,pump_1,downstream,-0.938410147710029,7.82455520175604e-21
constant_head,54,pump_1,downstream,-0.976394698426943,1.22258675027438e-22
constant_head,55,pump_1,downstream,-1.01430009513896,7.82551028936433e-21
constant_head,56,pump_1,downstream,-1.05209512152072,1.22258675027438e-22
constant_head,57,pump_1,downstream,-1.08975090317881,1.56491104035121e-20
constant_head,58,pump_1,downstream,-1.12724075861568,1.56495879691744e-20
constant_head,59,pump_1,downstream,-1.1645400570918,1.56495879691744e-20
constant_head,60,pump_1,downstream,-1.20162608429694,1.56495954310223e-20
constant_head,61,pump_1,downstream,-1.23847791521381,7.82551028936433e-21
constant_head,62,pump_1,downstream,-1.2750762947695,7.82455520175604e-21
constant_head,63,pump_1,downstream,-1.31140352545461,7.82479398458722e-21
constant_head,64,pump_1,downstream,-1.34744336232308,1.22258675027438e-22
constant_head,65,pump_1,downstream,-1.38318091434264,6.1129337513719e-23
constant_head,66,pump_1,downstream,-1.41860254864045,0
constant_head,67,pump_1,downstream,-1.45369575005325,7.82485367915647e-21
constant_head,68,pump_1,downstream,-1.48844868520804,7.82455520175604e-21
constant_head,69,pump_1,downstream,-1.52284887868303,7.82455520175604e-21
constant_head,70,pump_1,downstream,-1.55688050650139,1.56491104035121e-20
constant_head,71,pump_1,downstream,-1.59052062998568,6.1129337513719e-23
constant_head,72,pump_1,downstream,-1.62373552317845,7.82455520175604e-21
constant_head,73,pump_1,downstream,-1.65647838550135,7.82461489814698e-21
constant_head,74,pump_1,downstream,-1.68868920061014,7.82455520175604e-21
constant_head,75,pump_1,downstream,-1.72029675685293,1.56491104035121e-20
constant_head,76,pump_1,downstream,-1.75122228196278,7.82455520175604e-21
constant_head,77,pump_1,downstream,-1.78138390082323,3.05646687568595e-23
constant_head,78,pump_1,downstream,-1.81070115762475,1.56491178655876e-20
constant_head,79,pump_1,downstream,-1.83909902784299,1.56491178655876e-20
constant_head,80,pump_1,downstream,-1.86651107942449,7.64116718921488e-24
constant_head,81,pump_1,downstream,-1.8928816502747,1.56491104326608e-20
constant_head,82,pump_1,downstream,-1.91816706672817,3.82058359460744e-24
constant_head,83,pump_1,downstream,-1.94233602291326,3.12982208070242e-20
constant_head,84,pump_1,downstream,-1.96536928997843,1.5649229796294e-20
constant_head,85,pump_1,downstream,-1.98725893305106,3.12982357311753e-20
constant_head,86,pump_1,downstream,-2.00800720343347,0
constant_head,87,pump_1,downstream,-2.02762524709005,1.5649229796294e-20
constant_head,88,pump_1,downstream,-2.04613174321349,1.5649229796294e-20
constant_head,89,pump_1,downstream,-2.0635515559941,0
constant_head,90,pump_1,downstream,-2.07991445886056,1.56491104035121e-20
constant_head,91,pump_1,downstream,-2.09525396723114,4.69473312105362e-20
constant_head,92,pump_1,downstream,-2.10960630084379,3.12982208070242e-20
constant_head,93,pump_1,downstream,-2.12300948235913,1.56491104035121e-20
constant_head,94,pump_1,downstream,-2.13550257184725,0
constant_head,95,pump_1,downstream,-2.14712502909985,1.56495879691744e-20
constant_head,96,pump_1,downstream,-2.15791619370319,1.22258675027438e-22
constant_head,97,pump_1,downstream,-2.16791486376589,1.56491104035121e-20
constant_head,98,pump_1,downstream,-2.17715889093995,1.56491104035121e-20
constant_head,99,pump_1,downstream,-2.18568440136938,0
constant_head,100,pump_1,downstream,-2.19352374384622,1.56491104035121e-20
constant_head,101,pump_1,downstream,-2.20070141072863,0
constant_head,102,pump_1,downstream,-2.2072284083397,0
constant_head,103,pump_1,downstream,-2.21309679679606,1.56495879691744e-20
constant_head,104,pump_1,downstream,-2.21827633136486,1.56495879691744e-20
constant_head,105,pump_1,downstream,-2.22271433924751,1.56495879691744e-20
constant_head,106,pump_1,downstream,-2.22633885159668,1.56491104035121e-20
constant_head,107,pump_1,downstream,-2.22906416407874,1.56510205787287e-20
constant_head,108,pump_1,downstream,-2.23079763758853,1.56510205787287e-20
constant_head,109,pump_1,downstream,-2.23144659689965,0
constant_head,110,pump_1,downstream,-2.23092446495485,1.56510205787287e-20
constant_head,111,pump_1,downstream,-2.22915561871967,1.56491104035121e-20
constant_head,112,pump_1,downstream,-2.22607876763261,4.69481271587045e-20
constant_head,113,pump_1,downstream,-2.22164888924124,3.12982208070242e-20
constant_head,114,pump_1,downstream,-2.21583790282791,1.56491104035121e-20
constant_head,115,pump_1,downstream,-2.2086343325387,5.04085430786191e-22
constant_head,116,pump_1,downstream,-2.20004222808385,1.56491104035121e-20
constant_head,117,pump_1,downstream,-2.19007959267215,2.44517350054876e-22
constant_head,118,pump_1,downstream,-2.17877653118292,0
constant_head,119,pump_1,downstream,-2.16617328791573,2.44517350054876e-22
constant_head,120,pump_1,downstream,-2.15231830007912,0
constant_head,121,pump_1,downstream,-2.13726635472921,0
constant_head,122,pump_1,downstream,-2.12107690474242,2.44517350054876e-22
constant_head,123,pump_1,downstream,-2.10381257428045,3.12991759383489e-20
constant_head,124,pump_1,downstream,-2.08553786533375,1.56491104035121e-20
constant_head,125,pump_1,downstream,-2.06631806366026,1.56514980861069e-20
constant_head,126,pump_1,downstream,-2.04621833354203,3.45799752683136e-22
constant_head,127,pump_1,downstream,-2.02530298545681,1.56510205787287e-20
constant_head,128,pump_1,downstream,-2.00363489793996,1.56491104035121e-20
constant_head,129,pump_1,downstream,-1.98127507403289,1.56510205787287e-20
constant_head,130,pump_1,downstream,-1.95828231296822,3.12991759383489e-20
constant_head,131,pump_1,downstream,-1.93471297897114,1.56491104035121e-20
constant_head,132,pump_1,downstream,-1.91062085053149,1.56510205787287e-20
constant_head,133,pump_1,downstream,-1.8860570354412,1.56510205787287e-20
constant_head,134,pump_1,downstream,-1.86106993861982,1.56567497060923e-20
constant_head,135,pump_1,downstream,-1.8357052717398,7.82455520175604e-21
constant_head,136,pump_1,downstream,-1.81000609513722,7.82455520175604e-21
constant_head,137,pump_1,downstream,-1.78401288427661,2.44517350054876e-22
constant_head,138,pump_1,downstream,-1.75776361414294,7.82455520175604e-21
constant_head,139,pump_1,downstream,-1.73129385636841,2.44517350054876e-22
constant_head,140,pump_1,downstream,-1.70463688467961,1.22258675027438e-22
constant_head,141,pump_1,downstream,-1.6778237853478,7.82455520175604e-21
constant_head,142,pump_1,downstream,-1.65088356983048,1.22258675027438e-22
constant_head,143,pump_1,downstream,-1.62384328759379,7.82551028936433e-21
constant_head,144,pump_1,downstream,-1.59672813742787,7.82551028936433e-21
constant_head,145,pump_1,downstream,-1.56956157613057,7.82455520175604e-21
constant_head,146,pump_1,downstream,-1.54236542361523,1.56491104035121e-20
constant_head,147,pump_1,downstream,-1.51515996389808,7.82551028936433e-21
constant_head,148,pump_1,downstream,-1.4879640415225,0
constant_head,149,pump_1,downstream,-1.46079515320873,6.1129337513719e-23
constant_head,150,pump_1,downstream,-1.43366953461806,6.1129337513719e-23
constant_head,151,pump_1,downstream,-1.40660224222758,1.36689354100204e-22
constant_head,152,pump_1,downstream,-1.37960723038281,0
constant_head,153,pump_1,downstream,-1.35269742364885,7.82461489814698e-21
constant_head,154,pump_1,downstream,-1.32588478463256,7.82457012589647e-21
constant_head,155,pump_1,downstream,-1.29918037744598,0
constant_head,156,pump_1,downstream,-1.27259442704523,0
constant_head,157,pump_1,downstream,-1.24613637463045,7.82461489814698e-21
constant_head,158,pump_1,downstream,-1.21981492935824,6.1129337513719e-23
constant_head,159,pump_1,downstream,-1.1936381165539,6.1129337513719e-23
constant_head,160,pump_1,downstream,-1.16761332267393,1.56491104035121e-20
constant_head,161,pump_1,downstream,-1.14174733719213,7.82455520175604e-21
constant_head,162,pump_1,downstream,-1.11604639165216,0
constant_head,163,pump_1,downstream,-1.09051619602585,0
constant_head,164,pump_1,downstream,-1.06516197262778,7.82455520175604e-21
constant_head,165,pump_1,downstream,-1.03998848768294,7.82551028936433e-21
constant_head,166,pump_1,downstream,-1.01500008078637,7.83982264105757e-21
constant_head,167,pump_1,downstream,-0.990200692332597,7.82455520175604e-21
constant_head,168,pump_1,downstream,-0.965593889127237,7.82455520175604e-21
constant_head,169,pump_1,downstream,-0.941182888258884,1.56510205787287e-20
constant_head,170,pump_1,downstream,-0.916970579377352,7.82455520175604e-21
constant_head,171,pump_1,downstream,-0.892959545511297,2.44517350054876e-22
constant_head,172,pump_1,downstream,-0.869152082481588,0
constant_head,173,pump_1,downstream,-0.845550217074744,0
constant_head,174,pump_1,downstream,-0.822155723997658,3.91227760087802e-21
constant_head,175,pump_1,downstream,-0.79897014177243,0
constant_head,176,pump_1,downstream,-0.775994787567088,3.94272380014671e-21
constant_head,177,pump_1,downstream,-0.753230771134216,3.94319765674359e-21
constant_head,178,pump_1,downstream,-0.73067900779747,4.89034700109752e-22
constant_head,179,pump_1,downstream,-0.708340230707091,4.89034700109752e-22
constant_head,180,pump_1,downstream,-0.686215002234335,4.89034700109752e-22
constant_head,181,pump_1,downstream,-0.664303724762811,3.94272380014671e-21
constant_head,182,pump_1,downstream,-0.642606650715763,7.82455520175604e-21
constant_head,183,pump_1,downstream,-0.621123892061851,3.94272380014671e-21
constant_head,184,pump_1,downstream,-0.599855429170241,0
constant_head,185,pump_1,downstream,-0.578801119200107,7.82455520175604e-21
constant_head,186,pump_1,downstream,-0.557960703916345,4.89034700109752e-22
constant_head,187,pump_1,downstream,-0.537333817131578,1.22258675027438e-22
constant_head,188,pump_1,downstream,-0.516919991601318,4.89034700109752e-22
constant_head,189,pump_1,downstream,-0.496718665643098,3.91227760087802e-21
constant_head,190,pump_1,downstream,-0.476729189221793,4.89034700109752e-22
constant_head,191,pump_1,downstream,-0.456950829855706,4.03268344628953e-21
constant_head,192,pump_1,downstream,-0.437382777994148,0
constant_head,193,pump_1,downstream,-0.418024152282835,0
constant_head,194,pump_1,downstream,-0.398874004337601,4.03268344628953e-21
constant_head,195,pump_1,downstream,-0.379931323436196,4.03268344628953e-21
constant_head,196,pump_1,downstream,-0.361195040763216,9.78069400219505e-22
constant_head,197,pump_1,downstream,-0.342664033592701,0
constant_head,198,pump_1,downstream,-0.324337129074997,3.91227760087802e-21
constant_head,199,pump_1,downstream,-0.306213107958717,0
constant_head,200,pump_1,downstream,-0.28829070797948,7.82837485304615e-21
constant_head,201,pump_1,downstream,-0.270568627171455,4.03268344628953e-21
constant_head,202,pump_1,downstream,-0.253045526901258,9.78069400219505e-22
constant_head,203,pump_1,downstream,-0.235720034821763,9.78069400219505e-22
constant_head,204,pump_1,downstream,-0.218590747584161,0
constant_head,205,pump_1,downstream,-0.201656233469388,1.95613880043901e-21
constant_head,206,pump_1,downstream,-0.184915034832223,3.91227760087802e-21
constant_head,207,pump_1,downstream,-0.168365670425897,1.95613880043901e-21
constant_head,208,pump_1,downstream,-0.152006637607912,1.95613880043901e-21
constant_head,209,pump_1,downstream,-0.135836414412211,1.95613880043901e-21
constant_head,210,pump_1,downstream,-0.119853461518029,1.09351483280163e-21
constant_head,211,pump_1,downstream,-0.10405622410297,1.95613880043901e-21
constant_head,212,pump_1,downstream,-0.0884431336058613,9.78069400219505e-22
constant_head,213,pump_1,downstream,-0.0730126093853526,2.18702966560326e-21
constant_head,214,pump_1,downstream,-0.0577630602806523,2.01634172314477e-21
constant_head,215,pump_1,downstream,-0.0426928861171885,9.78069400219505e-22
constant_head,216,pump_1,downstream,-0.0278004790731365,9.78069400219505e-22
constant_head,217,pump_1,downstream,-0.0130842250509414,2.18702966560326e-21
constant_head,218,pump_1,downstream,0.00145749512724203,1.95613880043901e-21
constant_head,219,pump_1,downstream,0.015826304482396,2.18702966560326e-21
constant_head,220,pump_1,downstream,0.0300238288117066,0
constant_head,221,pump_1,downstream,0.0440516955961411,9.78069400219505e-22
constant_head,222,pump_1,downstream,0.0579115330437835,3.91227760087802e-21
constant_head,223,pump_1,downstream,0.071604969114626,0
constant_head,224,pump_1,downstream,0.0851336306827005,9.78069400219505e-22
constant_head,225,pump_1,downstream,0.0984991426484014,2.24103853071297e-21
constant_head,226,pump_1,downstream,0.111703127225452,1.95613880043901e-21
constant_head,227,pump_1,downstream,0.124747203114162,0
constant_head,228,pump_1,downstream,0.137632984915192,0
constant_head,229,pump_1,downstream,0.150362082358978,9.78069400219505e-22
constant_head,230,pump_1,downstream,0.162936099807651,2.18702966560326e-21
constant_head,231,pump_1,downstream,0.175356635577716,2.18702966560326e-21
constant_head,232,pump_1,downstream,0.187625281488938,1.95613880043901e-21
constant_head,233,pump_1,downstream,0.199743622277431,2.18702966560326e-21
constant_head,234,pump_1,downstream,0.21171323520136,9.78069400219505e-22
constant_head,235,pump_1,downstream,0.223535689515618,1.95613880043901e-21
constant_head,236,pump_1,downstream,0.235212546142227,2.93420820065851e-21
constant_head,237,pump_1,downstream,0.24674535720674,1.95613880043901e-21
constant_head,238,pump_1,downstream,0.258135665740142,9.78069400219505e-22
constant_head,239,pump_1,downstream,0.269385005293315,9.78069400219505e-22
constant_head,240,pump_1,downstream,0.280494899677295,4.89034700109752e-22
constant_head,241,pump_1,downstream,0.291466862618816,4.89034700109752e-22
constant_head,242,pump_1,downstream,0.30230239755015,2.01634172314477e-21
constant_head,243,pump_1,downstream,0.313002997304893,2.01634172314477e-21
constant_head,244,pump_1,downstream,0.323570143954651,0
constant_head,245,pump_1,downstream,0.334005308527308,0
constant_head,246,pump_1,downstream,0.344309950898189,4.89034700109752e-22
constant_head,247,pump_1,downstream,0.354485519524507,0
constant_head,248,pump_1,downstream,0.364533451386576,1.97136190007335e-21
constant_head,249,pump_1,downstream,0.374455171736612,1.97136190007335e-21
constant_head,250,pump_1,downstream,0.384252094082767,1.97136190007335e-21
constant_head,251,pump_1,downstream,0.393925619957774,2.44517350054876e-22
constant_head,252,pump_1,downstream,0.403477138933287,3.66776025082314e-22
constant_head,253,pump_1,downstream,0.412908028408205,1.95613880043901e-21
constant_head,254,pump_1,downstream,0.422219653654952,1.95709371326154e-21
constant_head,255,pump_1,downstream,0.431413367625064,3.05646687568595e-23
constant_head,256,pump_1,downstream,0.44049051101838,0
constant_head,257,pump_1,downstream,0.449452412107718,3.05646687568595e-23
constant_head,258,pump_1,downstream,0.458300386822078,1.95613880043901e-21
constant_head,259,pump_1,downstream,0.467035738611336,1.95613880043901e-21
constant_head,260,pump_1,downstream,0.475659758519525,0
constant_head,261,pump_1,downstream,0.484173725069928,1.95613880043901e-21
constant_head,262,pump_1,downstream,0.492578904383029,1.97136190007335e-21
constant_head,263,pump_1,downstream,0.500876550038531,2.44517350054876e-22
constant_head,264,pump_1,downstream,0.509067903221062,2.44517350054876e-22
constant_head,265,pump_1,downstream,0.517154192612585,2.44517350054876e-22
constant_head,266,pump_1,downstream,0.525136634516762,1.95613880043901e-21
constant_head,267,pump_1,downstream,0.533016432800357,4.89034700109752e-22
constant_head,268,pump_1,downstream,0.540794778990991,2.18702966560326e-21
constant_head,269,pump_1,downstream,0.548472852262617,2.01634172314477e-21
constant_head,270,pump_1,downstream,0.55605181952139,2.01634172314477e-21
constant_head,271,pump_1,downstream,0.563532835405753,2.18702966560326e-21
constant_head,272,pump_1,downstream,0.570917042387453,4.89034700109752e-22
constant_head,273,pump_1,downstream,0.578205570770188,1.95613880043901e-21
constant_head,274,pump_1,downstream,0.585399538804571,1.95613880043901e-21
constant_head,275,pump_1,downstream,0.592500052691013,4.89034700109752e-22
constant_head,276,pump_1,downstream,0.599508206703321,1.95613880043901e-21
constant_head,277,pump_1,downstream,0.606425083197649,1.95613880043901e-21
constant_head,278,pump_1,downstream,0.613251752739337,2.24103853071297e-21
constant_head,279,pump_1,downstream,0.619989274117543,2.01634172314477e-21
constant_head,280,pump_1,downstream,0.626638694486457,1.95613880043901e-21
constant_head,281,pump_1,downstream,0.633201049367038,4.89034700109752e-22
constant_head,282,pump_1,downstream,0.63967736281216,2.01634172314477e-21
constant_head,283,pump_1,downstream,0.646068647390585,1.95613880043901e-21
constant_head,284,pump_1,downstream,0.652375904385094,0
constant_head,285,pump_1,downstream,0.658600123746301,1.95613880043901e-21
constant_head,286,pump_1,downstream,0.664742284323157,1.95613880043901e-21
constant_head,287,pump_1,downstream,0.67080335379737,1.95613880043901e-21
constant_head,288,pump_1,downstream,0.676784288934121,9.78069400219505e-22
constant_head,289,pump_1,downstream,0.682686035510412,9.78069400219505e-22
constant_head,290,pump_1,downstream,0.688509528559111,1.38319901073254e-21
constant_head,291,pump_1,downstream,0.694255692322659,1.95613880043901e-21
constant_head,292,pump_1,downstream,0.699925440478914,9.78069400219505e-22
constant_head,293,pump_1,downstream,0.705519676097359,9.78069400219505e-22
constant_head,294,pump_1,downstream,0.71103929188169,2.76639802146508e-21
constant_head,295,pump_1,downstream,0.716485170111419,1.95613880043901e-21
constant_head,296,pump_1,downstream,0.721858182890708,1.95613880043901e-21
constant_head,297,pump_1,downstream,0.727159192092777,9.78069400219505e-22
constant_head,298,pump_1,downstream,0.732389049610262,1.95613880043901e-21
constant_head,299,pump_1,downstream,0.737548597294836,2.18702966560326e-21
constant_head,300,pump_1,downstream,0.74263866721246,1.95613880043901e-21
constant_head,301,pump_1,downstream,0.747660081580021,1.38319901073254e-21
constant_head,302,pump_1,downstream,0.752613653026879,0
constant_head,303,pump_1,downstream,0.757500184525996,1.38319901073254e-21
constant_head,304,pump_1,downstream,0.762320469653732,0
constant_head,305,pump_1,downstream,0.76707529252762,2.39577096356777e-21
constant_head,306,pump_1,downstream,0.771765428061857,2.18702966560326e-21
constant_head,307,pump_1,downstream,0.77639164190342,1.95613880043901e-21
constant_head,308,pump_1,downstream,0.780954690691025,1.95613880043901e-21
constant_head,309,pump_1,downstream,0.785455321986402,0
constant_head,310,pump_1,downstream,0.789894274542376,1.95613880043901e-21
constant_head,311,pump_1,downstream,0.794272278206054,2.18702966560326e-21
constant_head,312,pump_1,downstream,0.798590054236633,2.18702966560326e-21
constant_head,313,pump_1,downstream,0.802848315147878,0
constant_head,314,pump_1,downstream,0.807047765076622,9.78069400219505e-22
constant_head,315,pump_1,downstream,0.811189099583391,0
constant_head,316,pump_1,downstream,0.815273006053102,1.95613880043901e-21
constant_head,317,pump_1,downstream,0.819300163477838,1.95613880043901e-21
constant_head,318,pump_1,downstream,0.823271242852709,1.95613880043901e-21
constant_head,319,pump_1,downstream,0.827186906967701,2.18702966560326e-21
constant_head,320,pump_1,downstream,0.831047810797414,4.48207706142594e-21
constant_head,321,pump_1,downstream,0.834854601296687,1.95613880043901e-21
constant_head,322,pump_1,downstream,0.838607917778793,0
constant_head,323,pump_1,downstream,0.842308391718271,9.78069400219505e-22
constant_head,324,pump_1,downstream,0.845956647130702,1.95613880043901e-21
constant_head,325,pump_1,downstream,0.849553300360942,1.95613880043901e-21
constant_head,326,pump_1,downstream,0.853098960476732,1.95613880043901e-21
constant_head,327,pump_1,downstream,0.85659422904518,3.52647937345373e-21
constant_head,328,pump_1,downstream,0.860039700526889,0
constant_head,329,pump_1,downstream,0.86343596205824,1.95613880043901e-21
constant_head,330,pump_1,downstream,0.866783593834719,0
constant_head,331,pump_1,downstream,0.870083168889145,2.76639802146508e-21
constant_head,332,pump_1,downstream,0.873335253497199,3.91227760087802e-21
constant_head,333,pump_1,downstream,0.87654040691701,0
constant_head,334,pump_1,downstream,0.87969918182652,1.95613880043901e-21
constant_head,335,pump_1,downstream,0.882812124043034,0
constant_head,336,pump_1,downstream,0.885879772961885,2.76639802146508e-21
constant_head,337,pump_1,downstream,0.888902661283867,1.95613880043901e-21
constant_head,338,pump_1,downstream,0.891881315434465,2.76639802146508e-21
constant_head,339,pump_1,downstream,0.894816255312962,1.95613880043901e-21
constant_head,340,pump_1,downstream,0.897707994689749,2.76639802146508e-21
constant_head,341,pump_1,downstream,0.900557040959275,1.95613880043901e-21
constant_head,342,pump_1,downstream,0.903363895546231,3.3881317890172e-21
constant_head,343,pump_1,downstream,0.906129053645655,1.95613880043901e-21
constant_head,344,pump_1,downstream,0.908853004629826,1.95613880043901e-21
constant_head,345,pump_1,downstream,0.911536231790179,1.95613880043901e-21
constant_head,346,pump_1,downstream,0.914179212731099,0
constant_head,347,pump_1,downstream,0.91678241914347,2.76639802146508e-21
constant_head,348,pump_1,downstream,0.919346317139814,2.76639802146508e-21
constant_head,349,pump_1,downstream,0.92187136709233,2.76639802146508e-21
constant_head,350,pump_1,downstream,0.924358023909075,2.76639802146508e-21
constant_head,351,pump_1,downstream,0.926806736911183,2.76639802146508e-21
constant_head,352,pump_1,downstream,0.929217950081387,2.76639802146508e-21
constant_head,353,pump_1,downstream,0.931592101952734,2.76639802146508e-21
constant_head,354,pump_1,downstream,0.933929625862615,1.95613880043901e-21
constant_head,355,pump_1,downstream,0.936230949809971,1.95613880043901e-21
constant_head,356,pump_1,downstream,0.938496496752506,1.95613880043901e-21
constant_head,357,pump_1,downstream,0.940726684413449,4.37405933120652e-21
constant_head,358,pump_1,downstream,0.942921925622962,1.95613880043901e-21
constant_head,359,pump_1,downstream,0.945082628090138,0
constant_head,360,pump_1,downstream,0.947209194753534,2.76639802146508e-21
constant_head,361,pump_1,downstream,0.949302023566777,0
constant_head,362,pump_1,downstream,0.951361507819508,1.95613880043901e-21
constant_head,363,pump_1,downstream,0.953388035942587,1.95613880043901e-21
constant_head,364,pump_1,downstream,0.955381991824757,2.76639802146508e-21
constant_head,365,pump_1,downstream,0.957343754606424,2.76639802146508e-21
constant_head,1,pump_1,upstream_1,4.11869369857976e-29,9.67644186123412e-49
constant_head,2,pump_1,upstream_1,7.39910303959053e-14,2.17894099802631e-33
constant_head,3,pump_1,upstream_1,1.06169909010466e-08,2.85598154495383e-28
constant_head,4,pump_1,upstream_1,4.33556008020031e-06,1.4622625537294e-25
constant_head,5,pump_1,upstream_1,0.000161582089746297,4.67924072102717e-24
constant_head,6,pump_1,upstream_1,0.00172674796368581,1.87169606528732e-23
constant_head,7,pump_1,upstream_1,0.00891364180214993,2.99471370445972e-22
constant_head,8,pump_1,upstream_1,0.0295921108229264,5.99015849557567e-22
constant_head,9,pump_1,upstream_1,0.0742182750412521,2.99471370445972e-21
constant_head,10,pump_1,upstream_1,0.154040240949147,4.79154192713554e-21
constant_head,11,pump_1,upstream_1,0.279521403518018,9.58425359292107e-21
constant_head,12,pump_1,upstream_1,0.459334439535463,4.79154192713554e-21
constant_head,13,pump_1,upstream_1,0.699898154328116,1.43870983440841e-20
constant_head,14,pump_1,upstream_1,1.00531060612412,1.91755239051983e-20
constant_head,15,pump_1,upstream_1,1.37752366460254,4.79154192713554e-20
constant_head,16,pump_1,upstream_1,1.81664289767667,1.91661677085422e-20
constant_head,17,pump_1,upstream_1,2.32127195251748,5.76978052938514e-20
constant_head,18,pump_1,upstream_1,2.88885381806245,3.84071302890197e-20
constant_head,19,pump_1,upstream_1,3.51598141849575,7.68142605780394e-20
constant_head,20,pump_1,upstream_1,4.19866594641806,3.83323354170844e-20
constant_head,21,pump_1,upstream_1,4.93255912287222,1.15096786752673e-19
constant_head,22,pump_1,upstream_1,5.71313163693463,1.16583246786932e-19
constant_head,23,pump_1,upstream_1,6.535811921543,7.90241339006218e-20
constant_head,24,pump_1,upstream_1,7.39609106991047,7.90241339006218e-20
constant_head,25,pump_1,upstream_1,8.28959938215263,7.72612920566918e-20
constant_head,26,pump_1,upstream_1,9.21216002695447,7.72612920566918e-20
constant_head,27,pump_1,upstream_1,10.15982441039,3.06658683336675e-19
constant_head,28,pump_1,upstream_1,11.1288933797568,2.37072401701865e-19
constant_head,29,pump_1,upstream_1,12.1159275331376,2.29994012502506e-19
constant_head,30,pump_1,upstream_1,13.1177494240778,3.09045168226767e-19
constant_head,31,pump_1,upstream_1,14.1314397963101,4.60387147010691e-19
constant_head,32,pump_1,upstream_1,15.1543296105273,3.07257042312158e-19
constant_head,33,pump_1,upstream_1,16.1839891745782,4.61582442350811e-19
constant_head,34,pump_1,upstream_1,17.2182154326343,1.53329341668337e-19
constant_head,35,pump_1,upstream_1,18.2550181765239,3.06658683336675e-19
constant_head,36,pump_1,upstream_1,19.2926057787808,1.58048267801244e-19
constant_head,37,pump_1,upstream_1,20.3293708647679,3.27511617370337e-19
constant_head,38,pump_1,upstream_1,21.363876241659,6.14514084624315e-19
constant_head,39,pump_1,upstream_1,22.3948412921001,9.23164884701622e-19
constant_head,40,pump_1,upstream_1,23.4211289824401,6.14514084624315e-19
constant_head,41,pump_1,upstream_1,24.4417335710772,6.14514084624315e-19
constant_head,42,pump_1,upstream_1,25.4557690704348,7.67604418531884e-19
constant_head,43,pump_1,upstream_1,26.4624584798058,4.59988025005012e-19
constant_head,44,pump_1,upstream_1,27.4611237898478,3.09045168226767e-19
constant_head,45,pump_1,upstream_1,28.4511767401189,3.06658683336675e-19
constant_head,46,pump_1,upstream_1,29.4321103036774,3.83323354170844e-20
constant_head,47,pump_1,upstream_1,30.4034908633078,6.14514084624315e-19
constant_head,48,pump_1,upstream_1,31.3649510416813,6.1331736667335e-19
constant_head,49,pump_1,upstream_1,32.3161831439844,3.06658683336675e-19
constant_head,50,pump_1,upstream_1,33.256933172048,9.32665974295456e-19
constant_head,51,pump_1,upstream_1,34.1869953683365,1.53329341668337e-19
constant_head,52,pump_1,upstream_1,35.1062072500505,3.42854830915693e-19
constant_head,53,pump_1,upstream_1,36.0144450945038,6.18090336453534e-19
constant_head,54,pump_1,upstream_1,36.9116198394032,6.32193071204974e-19
constant_head,55,pump_1,upstream_1,37.797673363324,6.1331736667335e-19
constant_head,56,pump_1,upstream_1,38.6725751142304,6.18090336453534e-19
constant_head,57,pump_1,upstream_1,39.5363190558372,9.23164884701622e-19
constant_head,58,pump_1,upstream_1,40.3889209040293,6.18090336453534e-19
constant_head,59,pump_1,upstream_1,41.2304156275034,9.48289606807461e-19
constant_head,60,pump_1,upstream_1,42.0608551889885,1.22902816924863e-18
constant_head,61,pump_1,upstream_1,42.88030650521,1.53520883706377e-18
constant_head,62,pump_1,upstream_1,43.6888496014346,6.55023234740673e-19
constant_head,63,pump_1,upstream_1,44.4865742378087,6.32193071204974e-19
constant_head,64,pump_1,upstream_1,45.2735224083877,6.1331736667335e-19
constant_head,65,pump_1,upstream_1,46.0493021582093,1.22902816924863e-18
constant_head,66,pump_1,upstream_1,46.8123454018124,1.53329341668337e-18
constant_head,67,pump_1,upstream_1,47.559627940964,9.32665974295456e-19
constant_head,68,pump_1,upstream_1,48.2870963904971,9.23164884701622e-19
constant_head,69,pump_1,upstream_1,48.9903850126101,1.24801042256847e-18
constant_head,70,pump_1,upstream_1,49.6654456066096,6.1331736667335e-19
constant_head,71,pump_1,upstream_1,50.3089492042841,6.32193071204974e-19
constant_head,72,pump_1,upstream_1,50.9184706982567,1.2266347333467e-18
constant_head,73,pump_1,upstream_1,51.4925150265744,9.19976050010024e-19
constant_head,74,pump_1,upstream_1,52.0304468443933,1.23618067290707e-18
constant_head,75,pump_1,upstream_1,52.532370119427,9.32665974295456e-19
constant_head,76,pump_1,upstream_1,52.9989899793348,6.18090336453534e-19
constant_head,77,pump_1,upstream_1,53.4314758514913,1.22902816924863e-18
constant_head,78,pump_1,upstream_1,53.8313369108755,9.23164884701622e-19
constant_head,79,pump_1,upstream_1,54.2003144687516,6.1331736667335e-19
constant_head,80,pump_1,upstream_1,54.5402928236465,6.18090336453534e-19
constant_head,81,pump_1,upstream_1,54.8532276703302,2.4532694666934e-18
constant_head,82,pump_1,upstream_1,55.1410904012075,1.22902816924863e-18
constant_head,83,pump_1,upstream_1,55.4058259757089,1.84632976940324e-18
constant_head,84,pump_1,upstream_1,55.6493221594449,1.2266347333467e-18
constant_head,85,pump_1,upstream_1,55.8733879370086,6.32193071204974e-19
constant_head,86,pump_1,upstream_1,56.0797392596058,6.18090336453534e-19
constant_head,87,pump_1,upstream_1,56.2699904745967,1.23618067290707e-18
constant_head,88,pump_1,upstream_1,56.44565012702,1.8542710093606e-18
constant_head,89,pump_1,upstream_1,56.608120015928,6.18090336453534e-19
constant_head,90,pump_1,upstream_1,56.758696650171,1.23618067290707e-18
constant_head,91,pump_1,upstream_1,56.8985743976919,6.32193071204974e-19
constant_head,92,pump_1,upstream_1,57.0288498026573,1.2266347333467e-18
constant_head,93,pump_1,upstream_1,57.1505266408648,6.18090336453534e-19
constant_head,94,pump_1,upstream_1,57.2645188505222,3.06658683336675e-19
constant_head,95,pump_1,upstream_1,57.3715722240766,1.83995210002005e-18
constant_head,96,pump_1,upstream_1,57.4716928843591,1.22902816924863e-18
constant_head,97,pump_1,upstream_1,57.5630414630666,0
constant_head,98,pump_1,upstream_1,57.6415202135359,6.85709661831387e-19
constant_head,99,pump_1,upstream_1,57.7014200778177,1.22902816924863e-18
constant_head,100,pump_1,upstream_1,57.7365021895699,6.1331736667335e-19
constant_head,101,pump_1,upstream_1,57.7409485256095,1.2266347333467e-18
constant_head,102,pump_1,upstream_1,57.7099698370056,6.55023234740673e-19
constant_head,103,pump_1,upstream_1,57.6400875618685,1.22902816924863e-18
constant_head,104,pump_1,upstream_1,57.5291776723176,1.23618067290707e-18
constant_head,105,pump_1,upstream_1,57.3763693719142,6.55023234740673e-19
constant_head,106,pump_1,upstream_1,57.1818683209185,1.26438614240995e-18
constant_head,107,pump_1,upstream_1,56.9467529047398,0
constant_head,108,pump_1,upstream_1,56.6727721294798,1.22902816924863e-18
constant_head,109,pump_1,upstream_1,56.3621616911986,6.18090336453534e-19
constant_head,110,pump_1,upstream_1,56.0174851900583,6.18090336453534e-19
constant_head,111,pump_1,upstream_1,55.6415027928439,1.2266347333467e-18
constant_head,112,pump_1,upstream_1,55.2370660076426,1.2266347333467e-18
constant_head,113,pump_1,upstream_1,54.8070360910551,1.22902816924863e-18
constant_head,114,pump_1,upstream_1,54.3542226191754,6.32193071204974e-19
constant_head,115,pump_1,upstream_1,53.8813389412396,7.66646708341687e-20
constant_head,116,pump_1,upstream_1,53.3909712371609,3.06658683336675e-19
constant_head,117,pump_1,upstream_1,52.8855584345661,6.85709661831387e-19
constant_head,118,pump_1,upstream_1,52.3673805190613,1.53520883706377e-18
constant_head,119,pump_1,upstream_1,51.8385532845286,9.19976050010024e-19
constant_head,120,pump_1,upstream_1,51.3010278586347,9.32665974295456e-19
constant_head,121,pump_1,upstream_1,50.7565937304277,9.32665974295456e-19
constant_head,122,pump_1,upstream_1,50.2068842301619,9.48289606807461e-19
constant_head,123,pump_1,upstream_1,49.6533836810768,1.23618067290707e-18
constant_head,124,pump_1,upstream_1,49.0974355959741,1.2266347333467e-18
constant_head,125,pump_1,upstream_1,48.5402514660697,9.19976050010024e-19
constant_head,126,pump_1,upstream_1,47.9829197875219,1.22902816924863e-18
constant_head,127,pump_1,upstream_1,47.4264150797299,1.22902816924863e-18
constant_head,128,pump_1,upstream_1,46.8716067089336,6.32193071204974e-19
constant_head,129,pump_1,upstream_1,46.3192673961683,1.22902816924863e-18
constant_head,130,pump_1,upstream_1,45.7700813231158,9.23164884701622e-19
constant_head,131,pump_1,upstream_1,45.224651787592,6.18090336453534e-19
constant_head,132,pump_1,upstream_1,44.6835083794611,6.18090336453534e-19
constant_head,133,pump_1,upstream_1,44.1471136691141,9.23164884701622e-19
constant_head,134,pump_1,upstream_1,43.6158694104957,1.2266347333467e-18
constant_head,135,pump_1,upstream_1,43.090122271803,9.23164884701622e-19
constant_head,136,pump_1,upstream_1,42.5701691115471,1.22902816924863e-18
constant_head,137,pump_1,upstream_1,42.0562618227865,6.1331736667335e-19
constant_head,138,pump_1,upstream_1,41.5486117699118,9.19976050010024e-19
constant_head,139,pump_1,upstream_1,41.0473938441219,9.32665974295456e-19
constant_head,140,pump_1,upstream_1,40.5527501636316,1.53329341668337e-18
constant_head,141,pump_1,upstream_1,40.0647934446199,1.24801042256847e-18
constant_head,142,pump_1,upstream_1,39.5836100679706,9.23164884701622e-19
constant_head,143,pump_1,upstream_1,39.1092628659656,0
constant_head,144,pump_1,upstream_1,38.6417936517261,7.66646708341687e-20
constant_head,145,pump_1,upstream_1,38.1812255129292,4.33680868994202e-19
constant_head,146,pump_1,upstream_1,37.7275648899066,6.32193071204974e-19
constant_head,147,pump_1,upstream_1,37.2808034568264,3.27511617370337e-19
constant_head,148,pump_1,upstream_1,36.8409198232619,9.19976050010024e-19
constant_head,149,pump_1,upstream_1,36.4078810721817,6.1331736667335e-19
constant_head,150,pump_1,upstream_1,35.9816441490224,9.27135504680302e-19
constant_head,151,pump_1,upstream_1,35.5621571154168,9.23164884701622e-19
constant_head,152,pump_1,upstream_1,35.1493602798735,6.14514084624315e-19
constant_head,153,pump_1,upstream_1,34.7431872168365,3.83323354170844e-20
constant_head,154,pump_1,upstream_1,34.3435656843316,6.14514084624315e-19
constant_head,155,pump_1,upstream_1,33.9504184497768,6.1331736667335e-19
constant_head,156,pump_1,upstream_1,33.5636640323784,3.42854830915693e-19
constant_head,157,pump_1,upstream_1,33.1832173701169,9.20774294021382e-19
constant_head,158,pump_1,upstream_1,32.808990418252,6.14514084624315e-19
constant_head,159,pump_1,upstream_1,32.4408926859688,3.09045168226767e-19
constant_head,160,pump_1,upstream_1,32.0788317169152,6.14514084624315e-19
constant_head,161,pump_1,upstream_1,31.7227135190577,9.19976050010024e-19
constant_head,162,pump_1,upstream_1,31.372442948613,3.16096535602487e-19
constant_head,163,pump_1,upstream_1,31.0279240525344,6.18090336453534e-19
constant_head,164,pump_1,upstream_1,30.6890603734207,9.20774294021382e-19
constant_head,165,pump_1,upstream_1,30.3557552206147,9.19976050010024e-19
constant_head,166,pump_1,upstream_1,30.0279119105854,6.18090336453534e-19
constant_head,167,pump_1,upstream_1,29.7054339797332,3.09045168226767e-19
constant_head,168,pump_1,upstream_1,29.3882253721698,6.14514084624315e-19
constant_head,169,pump_1,upstream_1,29.0761906050155,6.18090336453534e-19
constant_head,170,pump_1,upstream_1,28.7692349133417,9.20774294021382e-19
constant_head,171,pump_1,upstream_1,28.467264376825,0
constant_head,172,pump_1,upstream_1,28.1701860298615,1.22902816924863e-18
constant_head,173,pump_1,upstream_1,27.8779079568629,1.22723352993269e-18
constant_head,174,pump_1,upstream_1,27.5903393741225,7.66646708341687e-20
constant_head,175,pump_1,upstream_1,27.3073906996962,9.19976050010024e-19
constant_head,176,pump_1,upstream_1,27.0289736124452,3.27511617370337e-19
constant_head,177,pump_1,upstream_1,26.7550011013789,9.20774294021382e-19
constant_head,178,pump_1,upstream_1,26.4853875062947,6.24005211284235e-19
constant_head,179,pump_1,upstream_1,26.2200485506151,3.06658683336675e-19
constant_head,180,pump_1,upstream_1,25.9589013672162,6.14514084624315e-19
constant_head,181,pump_1,upstream_1,25.7018645180618,3.09045168226767e-19
constant_head,182,pump_1,upstream_1,25.4488580082098,6.18090336453534e-19
constant_head,183,pump_1,upstream_1,25.1998032948925,4.61582442350811e-19
constant_head,184,pump_1,upstream_1,24.9546232921553,3.27511617370337e-19
constant_head,185,pump_1,upstream_1,24.7132423715849,6.14514084624315e-19
constant_head,186,pump_1,upstream_1,24.4755863595603,4.66332987147728e-19
constant_head,187,pump_1,upstream_1,24.2415825314199,4.61582442350811e-19
constant_head,188,pump_1,upstream_1,24.0111596029598,6.18090336453534e-19
constant_head,189,pump_1,upstream_1,23.784247719507,4.61582442350811e-19
constant_head,190,pump_1,upstream_1,23.5607784429771,6.14514084624315e-19
constant_head,191,pump_1,upstream_1,23.3406847370587,6.14514084624315e-19
constant_head,192,pump_1,upstream_1,23.123900950906,4.59988025005012e-19
constant_head,193,pump_1,upstream_1,22.9103628014006,4.66332987147728e-19
constant_head,194,pump_1,upstream_1,22.7000073543642,4.61582442350811e-19
constant_head,195,pump_1,upstream_1,22.4927730046806,6.18090336453534e-19
constant_head,196,pump_1,upstream_1,22.2885994557318,3.09045168226767e-19
constant_head,197,pump_1,upstream_1,22.0874276980311,4.61582442350811e-19
constant_head,198,pump_1,upstream_1,21.8891999874366,3.06658683336675e-19
constant_head,199,pump_1,upstream_1,21.6938598228389,4.61582442350811e-19
constant_head,200,pump_1,upstream_1,21.5013519235677,7.66646708341687e-19
constant_head,201,pump_1,upstream_1,21.3116222065845,7.68799878559324e-19
constant_head,202,pump_1,upstream_1,21.1246177634499,4.60387147010691e-19
constant_head,203,pump_1,upstream_1,20.9402868372982,6.13616764966346e-19
constant_head,204,pump_1,upstream_1,20.7585787997312,6.18090336453534e-19
constant_head,205,pump_1,upstream_1,20.5794441277875,4.60387147010691e-19
constant_head,206,pump_1,upstream_1,20.402834380992,4.61582442350811e-19
constant_head,207,pump_1,upstream_1,20.2287021785491,4.60387147010691e-19
constant_head,208,pump_1,upstream_1,20.0570011767138,4.60387147010691e-19
constant_head,209,pump_1,upstream_1,19.8876860463554,4.60387147010691e-19
constant_head,210,pump_1,upstream_1,19.7207124508022,6.1331736667335e-19
constant_head,211,pump_1,upstream_1,19.5560370239077,6.14514084624315e-19
constant_head,212,pump_1,upstream_1,19.3936173484382,4.66332987147728e-19
constant_head,213,pump_1,upstream_1,19.2334119347563,4.59988025005012e-19
constant_head,214,pump_1,upstream_1,19.0753801998288,4.59988025005012e-19
constant_head,215,pump_1,upstream_1,18.9194824465834,4.60387147010691e-19
constant_head,216,pump_1,upstream_1,18.765679843596,1.63755808685168e-19
constant_head,217,pump_1,upstream_1,18.6139344051502,5.74985031256265e-20
constant_head,218,pump_1,upstream_1,18.4642089716717,3.06658683336675e-19
constant_head,219,pump_1,upstream_1,18.3164671904964,1.53329341668337e-19
constant_head,220,pump_1,upstream_1,18.1706734970657,1.58048267801244e-19
constant_head,221,pump_1,upstream_1,18.0267930964469,1.54522584113384e-19
constant_head,222,pump_1,upstream_1,17.8847919452749,3.07257042312158e-19
constant_head,223,pump_1,upstream_1,17.744636734043,0
constant_head,224,pump_1,upstream_1,17.6062948697884,3.07257042312158e-19
constant_head,225,pump_1,upstream_1,17.469734459142,1.63755808685168e-19
constant_head,226,pump_1,upstream_1,17.3349242917706,1.54522584113384e-19
constant_head,227,pump_1,upstream_1,17.2018338241653,1.63755808685168e-19
constant_head,228,pump_1,upstream_1,17.0704331638151,3.07257042312158e-19
constant_head,229,pump_1,upstream_1,16.9406930537412,1.54522584113384e-19
constant_head,230,pump_1,upstream_1,16.8125848573904,1.63755808685168e-19
constant_head,231,pump_1,upstream_1,16.6860805438534,1.58048267801244e-19
constant_head,232,pump_1,upstream_1,16.5611526735192,1.54522584113384e-19
constant_head,233,pump_1,upstream_1,16.4377743839165,3.07257042312158e-19
constant_head,234,pump_1,upstream_1,16.3159193761015,3.07257042312158e-19
constant_head,235,pump_1,upstream_1,16.1955619011436,1.91661677085422e-20
constant_head,236,pump_1,upstream_1,16.0766767471747,4.60387147010691e-19
constant_head,237,pump_1,upstream_1,15.9592392265234,3.07257042312158e-19
constant_head,238,pump_1,upstream_1,15.8432251633829,3.09045168226767e-19
constant_head,239,pump_1,upstream_1,15.7286108815979,1.58048267801244e-19
constant_head,240,pump_1,upstream_1,15.6153731928912,1.54522584113384e-19
constant_head,241,pump_1,upstream_1,15.5034893852887,1.91661677085422e-20
constant_head,242,pump_1,upstream_1,15.3929372119011,3.09045168226767e-19
constant_head,243,pump_1,upstream_1,15.2836948799351,3.07257042312158e-19
constant_head,244,pump_1,upstream_1,15.1757410400121,3.09045168226767e-19
constant_head,245,pump_1,upstream_1,15.0690547757435,6.16006712727077e-19
constant_head,246,pump_1,upstream_1,14.9636155935628,4.63567752340151e-19
constant_head,247,pump_1,upstream_1,14.859403412833,4.60387147010691e-19
constant_head,248,pump_1,upstream_1,14.7563985561717,3.07257042312158e-19
constant_head,249,pump_1,upstream_1,14.6545817400655,3.12002605642117e-19
constant_head,250,pump_1,upstream_1,14.5539340656786,3.07257042312158e-19
constant_head,251,pump_1,upstream_1,14.4544370099081,1.63755808685168e-19
constant_head,252,pump_1,upstream_1,14.3560724166999,3.07257042312158e-19
constant_head,253,pump_1,upstream_1,14.2588224885073,3.12002605642117e-19
constant_head,254,pump_1,upstream_1,14.1626697780712,3.06658683336675e-19
constant_head,255,pump_1,upstream_1,14.0675971802898,1.54522584113384e-19
constant_head,256,pump_1,upstream_1,13.973587924413,3.09045168226767e-19
constant_head,257,pump_1,upstream_1,13.8806255663279,3.07257042312158e-19
constant_head,258,pump_1,upstream_1,13.7886939811326,1.54522584113384e-19
constant_head,259,pump_1,upstream_1,13.6977773558162,3.07257042312158e-19
constant_head,260,pump_1,upstream_1,13.607860182193,3.12002605642117e-19
constant_head,261,pump_1,upstream_1,13.518927249954,1.54522584113384e-19
constant_head,262,pump_1,upstream_1,13.430963639967,1.54522584113384e-19
constant_head,263,pump_1,upstream_1,13.3439547176514,1.53329341668337e-19
constant_head,264,pump_1,upstream_1,13.2578861266135,1.53329341668337e-19
constant_head,265,pump_1,upstream_1,13.1727437823804,4.59988025005012e-19
constant_head,266,pump_1,upstream_1,13.0885138663132,3.07257042312158e-19
constant_head,267,pump_1,upstream_1,13.0051828196786,3.07257042312158e-19
constant_head,268,pump_1,upstream_1,12.9227373378464,3.09045168226767e-19
constant_head,269,pump_1,upstream_1,12.8411643646698,3.83323354170844e-20
constant_head,270,pump_1,upstream_1,12.7604510869561,3.83323354170844e-20
constant_head,271,pump_1,upstream_1,12.6805849291375,3.09045168226767e-19
constant_head,272,pump_1,upstream_1,12.6015535479933,3.09045168226767e-19
constant_head,273,pump_1,upstream_1,12.5233448276095,2.29994012502506e-19
constant_head,274,pump_1,upstream_1,12.4459468743406,3.07257042312158e-19
constant_head,275,pump_1,upstream_1,12.3693480120193,3.16096535602487e-19
constant_head,276,pump_1,upstream_1,12.2935367771714,3.07257042312158e-19
constant_head,277,pump_1,upstream_1,12.2185019144497,1.54522584113384e-19
constant_head,278,pump_1,upstream_1,12.1442323720979,1.54522584113384e-19
constant_head,279,pump_1,upstream_1,12.0707172975779,3.09045168226767e-19
constant_head,280,pump_1,upstream_1,11.997946033287,2.30791221175405e-19
constant_head,281,pump_1,upstream_1,11.9259081123749,2.30791221175405e-19
constant_head,282,pump_1,upstream_1,11.8545932546735,3.09045168226767e-19
constant_head,283,pump_1,upstream_1,11.7839913627132,2.30791221175405e-19
constant_head,284,pump_1,upstream_1,11.7140925178589,1.54522584113384e-19
constant_head,285,pump_1,upstream_1,11.6448869764982,1.54522584113384e-19
constant_head,286,pump_1,upstream_1,11.5763651663863,3.06658683336675e-19
constant_head,287,pump_1,upstream_1,11.5085176829906,1.53329341668337e-19
constant_head,288,pump_1,upstream_1,11.4413352860277,2.30193573505346e-19
constant_head,289,pump_1,upstream_1,11.3748088959837,3.07257042312158e-19
constant_head,290,pump_1,upstream_1,11.3089295907954,2.29994012502506e-19
constant_head,291,pump_1,upstream_1,11.2436886025494,3.06808382483173e-19
constant_head,292,pump_1,upstream_1,11.1790773143271,3.06808382483173e-19
constant_head,293,pump_1,upstream_1,11.1150872570478,2.30791221175405e-19
constant_head,294,pump_1,upstream_1,11.0517101064511,2.30791221175405e-19
constant_head,295,pump_1,upstream_1,10.9889376801168,2.29994012502506e-19
constant_head,296,pump_1,upstream_1,10.9267619345669,7.72612920566918e-20
constant_head,297,pump_1,upstream_1,10.8651749624267,2.31783876170075e-19
constant_head,298,pump_1,upstream_1,10.8041689896575,2.30193573505346e-19
constant_head,299,pump_1,upstream_1,10.7437363728775,3.07257042312158e-19
constant_head,300,pump_1,upstream_1,10.6838695966828,1.58048267801244e-19
constant_head,301,pump_1,upstream_1,10.6245612711085,3.83443124007908e-19
constant_head,302,pump_1,upstream_1,10.5658041290861,1.53628521156079e-19
constant_head,303,pump_1,upstream_1,10.5075910240006,2.29994012502506e-19
constant_head,304,pump_1,upstream_1,10.449914927275,2.30193573505346e-19
constant_head,305,pump_1,upstream_1,10.3927689260363,2.30193573505346e-19
constant_head,306,pump_1,upstream_1,10.3361462208055,4.60087837965936e-19
constant_head,307,pump_1,upstream_1,10.2800401232883,1.53628521156079e-19
constant_head,308,pump_1,upstream_1,10.2244440541333,3.07257042312158e-19
constant_head,309,pump_1,upstream_1,10.1693515408577,3.06658683336675e-19
constant_head,310,pump_1,upstream_1,10.1147562156973,2.30791221175405e-19
constant_head,311,pump_1,upstream_1,10.060651813604,2.30791221175405e-19
constant_head,312,pump_1,upstream_1,10.00703217023,3.07257042312158e-19
constant_head,313,pump_1,upstream_1,9.95389121996931,3.06808382483173e-19
constant_head,314,pump_1,upstream_1,9.90122299407999,2.33166493573864e-19
constant_head,315,pump_1,upstream_1,9.84902161877014,2.30791221175405e-19
constant_head,316,pump_1,upstream_1,9.79728131342379,3.06658683336675e-19
constant_head,317,pump_1,upstream_1,9.74599638878643,2.30193573505346e-19
constant_head,318,pump_1,upstream_1,9.69516124522272,3.08003356363539e-19
constant_head,319,pump_1,upstream_1,9.64477037103382,3.06808382483173e-19
constant_head,320,pump_1,upstream_1,9.59481834075748,3.06808382483173e-19
constant_head,321,pump_1,upstream_1,9.54529981357273,2.30791221175405e-19
constant_head,322,pump_1,upstream_1,9.49620953166012,3.08003356363539e-19
constant_head,323,pump_1,upstream_1,9.4475423187058,1.53628521156079e-19
constant_head,324,pump_1,upstream_1,9.39929307829743,7.90241339006218e-20
constant_head,325,pump_1,upstream_1,9.35145679250319,8.18779043425841e-20
constant_head,326,pump_1,upstream_1,9.30402852035883,7.72612920566918e-20
constant_head,327,pump_1,upstream_1,9.25700339648354,7.72612920566918e-20
constant_head,328,pump_1,upstream_1,9.2103766296304,2.30193573505346e-19
constant_head,329,pump_1,upstream_1,9.16414350137755,7.90241339006218e-20
constant_head,330,pump_1,upstream_1,9.11829936473318,7.90241339006218e-20
constant_head,331,pump_1,upstream_1,9.07283964287129,7.66646708341687e-20
constant_head,332,pump_1,upstream_1,9.02775982782351,1.53628521156079e-19
constant_head,333,pump_1,upstream_1,8.98305547923364,7.72612920566918e-20
constant_head,334,pump_1,upstream_1,8.93872222312573,1.53329341668337e-19
constant_head,335,pump_1,upstream_1,8.89475575071054,7.72612920566918e-20
constant_head,336,pump_1,upstream_1,8.85115181719851,1.54522584113384e-19
constant_head,337,pump_1,upstream_1,8.80790624065964,1.56001302821059e-19
constant_head,338,pump_1,upstream_1,8.76501490087598,7.90241339006218e-20
constant_head,339,pump_1,upstream_1,8.72247373827337,2.33166493573864e-19
constant_head,340,pump_1,upstream_1,8.68027875279519,7.66646708341687e-20
constant_head,341,pump_1,upstream_1,8.63842600288121,9.58308385427109e-21
constant_head,342,pump_1,upstream_1,8.59691160441688,1.53628521156079e-19
constant_head,343,pump_1,upstream_1,8.55573172970753,1.56001302821059e-19
constant_head,344,pump_1,upstream_1,8.51488260651222,1.53628521156079e-19
constant_head,345,pump_1,upstream_1,8.47436051703483,1.53628521156079e-19
constant_head,346,pump_1,upstream_1,8.43416179700683,8.18779043425841e-20
constant_head,347,pump_1,upstream_1,8.39428283471904,1.53628521156079e-19
constant_head,348,pump_1,upstream_1,8.3547200701363,7.90241339006218e-20
constant_head,349,pump_1,upstream_1,8.31546999397498,1.53329341668337e-19
constant_head,350,pump_1,upstream_1,8.2765291468484,7.90241339006218e-20
constant_head,351,pump_1,upstream_1,8.2378941183891,7.72612920566918e-20
constant_head,352,pump_1,upstream_1,8.19956154640888,7.72612920566918e-20
constant_head,353,pump_1,upstream_1,8.16152811608289,1.53628521156079e-19
constant_head,354,pump_1,upstream_1,8.12379055912707,7.90241339006218e-20
constant_head,355,pump_1,upstream_1,8.08634565300902,2.30193573505346e-19
constant_head,356,pump_1,upstream_1,8.04919022017891,2.30193573505346e-19
constant_head,357,pump_1,upstream_1,8.01232112728735,7.66646708341687e-20
constant_head,358,pump_1,upstream_1,7.97573528446729,7.72612920566918e-20
constant_head,359,pump_1,upstream_1,7.93942964456574,1.53628521156079e-19
constant_head,360,pump_1,upstream_1,7.90340120246404,8.18779043425841e-20
constant_head,361,pump_1,upstream_1,7.86764699434249,7.66646708341687e-20
constant_head,362,pump_1,upstream_1,7.83216409701072,1.53329341668337e-19
constant_head,363,pump_1,upstream_1,7.7969496272213,1.56001302821059e-19
constant_head,364,pump_1,upstream_1,7.76200074100589,7.72612920566918e-20
constant_head,365,pump_1,upstream_1,7.72731463304134,2.29994012502506e-19
constant_head,1,pump_1,upstream_2,4.11869369857976e-29,9.67644186123412e-49
constant_head,2,pump_1,upstream_2,7.39910303959053e-14,2.17894099802631e-33
constant_head,3,pump_1,upstream_2,1.06169909010466e-08,2.85598154493305e-28
constant_head,4,pump_1,upstream_2,4.33556008020031e-06,1.4622625537294e-25
constant_head,5,pump_1,upstream_2,0.0001615820897463,4.67924016321831e-24
constant_head,6,pump_1,upstream_2,0.00172674796368764,1.87171034514057e-23
constant_head,7,pump_1,upstream_2,0.00891364180245136,2.99471941641736e-22
constant_head,8,pump_1,upstream_2,0.0295921108364498,2.99507924778783e-22
constant_head,9,pump_1,upstream_2,0.0742182753202562,2.39642889137549e-21
constant_head,10,pump_1,upstream_2,0.154040244251612,3.59365644535166e-21
constant_head,11,pump_1,upstream_2,0.279521428872267,9.58425359292107e-21
constant_head,12,pump_1,upstream_2,0.459334577335093,4.80089128612746e-21
constant_head,13,pump_1,upstream_2,0.699898723593982,1.91755239051983e-20
constant_head,14,pump_1,upstream_2,1.00531249844921,1.91755239051983e-20
constant_head,15,pump_1,upstream_2,1.37752895464645,2.87492515628133e-20
constant_head,16,pump_1,upstream_2,1.81665576111982,3.83510478103966e-20
constant_head,17,pump_1,upstream_2,2.32129987204994,9.58308385427109e-20
constant_head,18,pump_1,upstream_2,2.88890899794258,5.75483933763364e-20
constant_head,19,pump_1,upstream_2,3.51608228653934,1.15096786752673e-19
constant_head,20,pump_1,upstream_2,4.19883860711052,7.68142605780394e-20
constant_head,21,pump_1,upstream_2,4.93283863514523,1.53329341668337e-19
constant_head,22,pump_1,upstream_2,5.7135630176938,7.66646708341687e-20
constant_head,23,pump_1,upstream_2,6.53645081222744,7.66646708341687e-20
constant_head,24,pump_1,upstream_2,7.39700404031122,2.30193573505346e-19
constant_head,25,pump_1,upstream_2,8.29086387794976,7.72612920566918e-20
constant_head,26,pump_1,upstream_2,9.21386399208865,1.54522584113384e-19
constant_head,27,pump_1,upstream_2,10.1620656316878,2.29994012502506e-19
constant_head,28,pump_1,upstream_2,11.1317786098213,1.54522584113384e-19
constant_head,29,pump_1,upstream_2,12.1195714497826,3.83802209265942e-19
constant_head,30,pump_1,upstream_2,13.1222734821855,2.33166493573864e-19
constant_head,31,pump_1,upstream_2,14.1369710225068,3.09045168226767e-19
constant_head,32,pump_1,upstream_2,15.16099938387,3.07257042312158e-19
constant_head,33,pump_1,upstream_2,16.1919320285666,1.53329341668337e-19
constant_head,34,pump_1,upstream_2,17.2275679060724,4.66332987147728e-19
constant_head,35,pump_1,upstream_2,18.2659177335356,3.09045168226767e-19
constant_head,36,pump_1,upstream_2,19.305189811917,1.58048267801244e-19
constant_head,37,pump_1,upstream_2,20.3437757897501,4.59988025005012e-19
constant_head,38,pump_1,upstream_2,21.3802366878967,4.61582442350811e-19
constant_head,39,pump_1,upstream_2,22.4132893896408,6.14514084624315e-19
constant_head,40,pump_1,upstream_2,23.4417937433656,3.16096535602487e-19
constant_head,41,pump_1,upstream_2,24.4647403614251,4.59988025005012e-19
constant_head,42,pump_1,upstream_2,25.4812391673968,4.61582442350811e-19
constant_head,43,pump_1,upstream_2,26.4905087080992,6.14514084624315e-19
constant_head,44,pump_1,upstream_2,27.4918662306958,3.09045168226767e-19
constant_head,45,pump_1,upstream_2,28.4847185060971,3.16096535602487e-19
constant_head,46,pump_1,upstream_2,29.4685533727374,6.14514084624315e-19
constant_head,47,pump_1,upstream_2,30.4429319654855,9.20774294021382e-19
constant_head,48,pump_1,upstream_2,31.4074815923201,0
constant_head,49,pump_1,upstream_2,32.3618892176774,6.1331736667335e-19
constant_head,50,pump_1,upstream_2,33.3058955119354,6.32193071204974e-19
constant_head,51,pump_1,upstream_2,34.2392894258301,6.18090336453534e-19
constant_head,52,pump_1,upstream_2,35.1619032505047,7.66646708341687e-20
constant_head,53,pump_1,upstream_2,36.07360812478,3.06658683336675e-19
constant_head,54,pump_1,upstream_2,36.9743099536951,6.18090336453534e-19
constant_head,55,pump_1,upstream_2,37.8639457039945,9.19976050010024e-19
constant_head,56,pump_1,upstream_2,38.7424800447842,6.18090336453534e-19
constant_head,57,pump_1,upstream_2,39.6099023034796,6.18090336453534e-19
constant_head,58,pump_1,upstream_2,40.4662237095763,6.32193071204974e-19
constant_head,59,pump_1,upstream_2,41.3114749006864,9.23164884701622e-19
constant_head,60,pump_1,upstream_2,42.1457036674515,1.2266347333467e-18
constant_head,61,pump_1,upstream_2,42.968972915719,9.19976050010024e-19
constant_head,62,pump_1,upstream_2,43.781358822039,1.22902816924863e-18
constant_head,63,pump_1,upstream_2,44.5829474598545,1.2266347333467e-18
constant_head,64,pump_1,upstream_2,45.3737772974708,1.22902816924863e-18
constant_head,65,pump_1,upstream_2,46.1534530132762,9.19976050010024e-19
constant_head,66,pump_1,upstream_2,46.9204033117702,9.23164884701622e-19
constant_head,67,pump_1,upstream_2,47.6716009382382,9.23164884701622e-19
constant_head,68,pump_1,upstream_2,48.4029896010348,9.23164884701622e-19
constant_head,69,pump_1,upstream_2,49.1102008012236,9.48289606807461e-19
constant_head,70,pump_1,upstream_2,49.7891837136257,9.23164884701622e-19
constant_head,71,pump_1,upstream_2,50.4366068613201,9.23164884701622e-19
constant_head,72,pump_1,upstream_2,51.0500426986791,9.23164884701622e-19
constant_head,73,pump_1,upstream_2,51.6279937166759,9.23164884701622e-19
constant_head,74,pump_1,upstream_2,52.1698220033383,6.18090336453534e-19
constant_head,75,pump_1,upstream_2,52.6756287115165,6.18090336453534e-19
constant_head,76,pump_1,upstream_2,53.1461157864268,6.1331736667335e-19
constant_head,77,pump_1,upstream_2,53.5824490173369,6.18090336453534e-19
constant_head,78,pump_1,upstream_2,53.9861334459337,1.22902816924863e-18
constant_head,79,pump_1,upstream_2,54.358905770037,6.18090336453534e-19
constant_head,80,pump_1,upstream_2,54.7026452603121,6.1331736667335e-19
constant_head,81,pump_1,upstream_2,55.0193022746277,1.23618067290707e-18
constant_head,82,pump_1,upstream_2,55.3108426900462,1.22902816924863e-18
constant_head,83,pump_1,upstream_2,55.5792059132167,6.18090336453534e-19
constant_head,84,pump_1,upstream_2,55.826274258097,1.22902816924863e-18
constant_head,85,pump_1,upstream_2,56.0538514849794,6.18090336453534e-19
constant_head,86,pump_1,upstream_2,56.2636486555325,6.1331736667335e-19
constant_head,87,pump_1,upstream_2,56.4572756474624,1.2266347333467e-18
constant_head,88,pump_1,upstream_2,56.6362370179918,1.2266347333467e-18
constant_head,89,pump_1,upstream_2,56.8019310999231,1.2266347333467e-18
constant_head,90,pump_1,upstream_2,56.9556514771285,1.22902816924863e-18
constant_head,91,pump_1,upstream_2,57.0985901364015,7.66646708341687e-20
constant_head,92,pump_1,upstream_2,57.2318417731487,1.83995210002005e-18
constant_head,93,pump_1,upstream_2,57.3564088244712,1.22902816924863e-18
constant_head,94,pump_1,upstream_2,57.473204369618,6.18090336453534e-19
constant_head,95,pump_1,upstream_2,57.5829737860405,1.22902816924863e-18
constant_head,96,pump_1,upstream_2,57.6857231864426,1.84154858804276e-18
constant_head,97,pump_1,upstream_2,57.7796135566532,1.2266347333467e-18
constant_head,98,pump_1,upstream_2,57.8605478275939,6.18090336453534e-19
constant_head,99,pump_1,upstream_2,57.9228179023582,1.84154858804276e-18
constant_head,100,pump_1,upstream_2,57.9601861196545,1.22902816924863e-18
constant_head,101,pump_1,upstream_2,57.9668358624541,1.2266347333467e-18
constant_head,102,pump_1,upstream_2,57.9379794307921,6.1331736667335e-19
constant_head,103,pump_1,upstream_2,57.8701398625005,1.83995210002005e-18
constant_head,104,pump_1,upstream_2,57.7611946401695,1.84632976940324e-18
constant_head,105,pump_1,upstream_2,57.6102742034373,1.2266347333467e-18
constant_head,106,pump_1,upstream_2,57.417584967203,1.84154858804276e-18
constant_head,107,pump_1,upstream_2,57.1842053972613,1.2266347333467e-18
constant_head,108,pump_1,upstream_2,56.9118837630784,6.18090336453534e-19
constant_head,109,pump_1,upstream_2,56.6028541391923,6.1331736667335e-19
constant_head,110,pump_1,upstream_2,56.2596776353152,6.1331736667335e-19
constant_head,111,pump_1,upstream_2,55.8851111525476,1.84154858804276e-18
constant_head,112,pump_1,upstream_2,55.4820023127562,1.2266347333467e-18
constant_head,113,pump_1,upstream_2,55.0532080596595,6.18090336453534e-19
constant_head,114,pump_1,upstream_2,54.6015334404655,6.18090336453534e-19
constant_head,115,pump_1,upstream_2,54.1296872675265,1.84154858804276e-18
constant_head,116,pump_1,upstream_2,53.6402513662667,9.23164884701622e-19
constant_head,117,pump_1,upstream_2,53.1356606551038,1.24801042256847e-18
constant_head,118,pump_1,upstream_2,52.6181915858274,1.22902816924863e-18
constant_head,119,pump_1,upstream_2,52.0899569897339,1.54094081283514e-18
constant_head,120,pump_1,upstream_2,51.5529056661282,9.19976050010024e-19
constant_head,121,pump_1,upstream_2,51.0088254431604,9.23164884701622e-19
constant_head,122,pump_1,upstream_2,50.4593486654979,1.53520883706377e-18
constant_head,123,pump_1,upstream_2,49.9059593331317,6.1331736667335e-19
constant_head,124,pump_1,upstream_2,49.3500012688272,6.1331736667335e-19
constant_head,125,pump_1,upstream_2,48.792686865954,1.22902816924863e-18
constant_head,126,pump_1,upstream_2,48.2351060658729,1.53520883706377e-18
constant_head,127,pump_1,upstream_2,47.6782353221731,9.23164884701622e-19
constant_head,128,pump_1,upstream_2,47.1229463678866,6.18090336453534e-19
constant_head,129,pump_1,upstream_2,46.5700146668179,1.2266347333467e-18
constant_head,130,pump_1,upstream_2,46.0201274640355,6.32193071204974e-19
constant_head,131,pump_1,upstream_2,45.4738913884815,6.1331736667335e-19
constant_head,132,pump_1,upstream_2,44.9318395791696,1.53520883706377e-18
constant_head,133,pump_1,upstream_2,44.3944383276999,1.22902816924863e-18
constant_head,134,pump_1,upstream_2,43.8620932392553,1.2266347333467e-18
constant_head,135,pump_1,upstream_2,43.3351549253496,6.32193071204974e-19
constant_head,136,pump_1,upstream_2,42.813924245947,6.1331736667335e-19
constant_head,137,pump_1,upstream_2,42.2986571236514,6.18090336453534e-19
constant_head,138,pump_1,upstream_2,41.7895689541172,9.48289606807461e-19
constant_head,139,pump_1,upstream_2,41.2868386386357,1.22902816924863e-18
constant_head,140,pump_1,upstream_2,40.7906122646133,6.55023234740673e-19
constant_head,141,pump_1,upstream_2,40.3010064597424,1.22902816924863e-18
constant_head,142,pump_1,upstream_2,39.8181114445991,9.19976050010024e-19
constant_head,143,pump_1,upstream_2,39.341993807599,9.19976050010024e-19
constant_head,144,pump_1,upstream_2,38.8726990248322,6.1331736667335e-19
constant_head,145,pump_1,upstream_2,38.4102537460861,7.66646708341687e-20
constant_head,146,pump_1,upstream_2,37.9546678669305,3.42854830915693e-19
constant_head,147,pump_1,upstream_2,37.5059364053741,3.42854830915693e-19
constant_head,148,pump_1,upstream_2,37.0640412001969,3.16096535602487e-19
constant_head,149,pump_1,upstream_2,36.6289524468426,3.16096535602487e-19
constant_head,150,pump_1,upstream_2,36.2006300853706,3.09045168226767e-19
constant_head,151,pump_1,upstream_2,35.7790250538929,6.14514084624315e-19
constant_head,152,pump_1,upstream_2,35.3640804196999,6.14514084624315e-19
constant_head,153,pump_1,upstream_2,34.9557323993657,6.18090336453534e-19
constant_head,154,pump_1,upstream_2,34.5539112779461,9.20774294021382e-19
constant_head,155,pump_1,upstream_2,34.1585422367889,3.16096535602487e-19
constant_head,156,pump_1,upstream_2,33.7695460982676,6.14514084624315e-19
constant_head,157,pump_1,upstream_2,33.386839995384,6.18090336453534e-19
constant_head,158,pump_1,upstream_2,33.0103379731451,3.09045168226767e-19
constant_head,159,pump_1,upstream_2,32.6399515282244,3.09045168226767e-19
constant_head,160,pump_1,upstream_2,32.2755900926694,3.09045168226767e-19
constant_head,161,pump_1,upstream_2,31.9171614670159,3.16096535602487e-19
constant_head,162,pump_1,upstream_2,31.5645722075333,9.23164884701622e-19
constant_head,163,pump_1,upstream_2,31.2177279720615,9.19976050010024e-19
constant_head,164,pump_1,upstream_2,30.8765338282881,3.06658683336675e-19
constant_head,165,pump_1,upstream_2,30.5408945281756,6.14514084624315e-19
constant_head,166,pump_1,upstream_2,30.2107147516727,6.14514084624315e-19
constant_head,167,pump_1,upstream_2,29.8858993227827,3.09045168226767e-19
constant_head,168,pump_1,upstream_2,29.5663534005555,6.14514084624315e-19
constant_head,169,pump_1,upstream_2,29.2519826475412,9.20774294021382e-19
constant_head,170,pump_1,upstream_2,28.942693377784,6.1331736667335e-19
constant_head,171,pump_1,upstream_2,28.6383926864847,9.20774294021382e-19
constant_head,172,pump_1,upstream_2,28.3389885630096,3.09045168226767e-19
constant_head,173,pump_1,upstream_2,28.0443899889895,3.06658683336675e-19
constant_head,174,pump_1,upstream_2,27.7545070229268,3.06658683336675e-19
constant_head,175,pump_1,upstream_2,27.4692508726795,3.16096535602487e-19
constant_head,176,pump_1,upstream_2,27.1885339570496,9.20774294021382e-19
constant_head,177,pump_1,upstream_2,26.9122699575546,6.14514084624315e-19
constant_head,178,pump_1,upstream_2,26.6403738614068,0
constant_head,179,pump_1,upstream_2,26.3727619965987,6.14514084624315e-19
constant_head,180,pump_1,upstream_2,26.1093520598864,6.1331736667335e-19
constant_head,181,pump_1,upstream_2,25.850063138483,6.14514084624315e-19
constant_head,182,pump_1,upstream_2,25.5948157260412,4.59988025005012e-19
constant_head,183,pump_1,upstream_2,25.3435317336266,4.61582442350811e-19
constant_head,184,pump_1,upstream_2,25.0961344961461,3.09045168226767e-19
constant_head,185,pump_1,upstream_2,24.8525487748141,6.14514084624315e-19
constant_head,186,pump_1,upstream_2,24.6127007560324,4.59988025005012e-19
constant_head,187,pump_1,upstream_2,24.3765180471339,3.09045168226767e-19
constant_head,188,pump_1,upstream_2,24.1439296693621,3.06658683336675e-19
constant_head,189,pump_1,upstream_2,23.9148660483789,4.66332987147728e-19
constant_head,190,pump_1,upstream_2,23.6892590026647,4.61582442350811e-19
constant_head,191,pump_1,upstream_2,23.4670417299881,6.14514084624315e-19
constant_head,192,pump_1,upstream_2,23.2481487923411,3.06658683336675e-19
constant_head,193,pump_1,upstream_2,23.0325160993349,6.18090336453534e-19
constant_head,194,pump_1,upstream_2,22.820080890555,6.14514084624315e-19
constant_head,195,pump_1,upstream_2,22.6107817166947,6.14514084624315e-19
constant_head,196,pump_1,upstream_2,22.4045584200267,6.14514084624315e-19
constant_head,197,pump_1,upstream_2,22.2013521139573,4.61582442350811e-19
constant_head,198,pump_1,upstream_2,22.0011051621549,6.18090336453534e-19
constant_head,199,pump_1,upstream_2,21.8037611570795,6.14514084624315e-19
constant_head,200,pump_1,upstream_2,21.6092648982159,6.14514084624315e-19
constant_head,201,pump_1,upstream_2,21.417562370017,7.66646708341687e-19
constant_head,202,pump_1,upstream_2,21.2286007196122,4.60387147010691e-19
constant_head,203,pump_1,upstream_2,21.0423282344665,6.14514084624315e-19
constant_head,204,pump_1,upstream_2,20.8586943199398,6.1331736667335e-19
constant_head,205,pump_1,upstream_2,20.6776494768605,6.1331736667335e-19
constant_head,206,pump_1,upstream_2,20.4991452791813,7.66646708341687e-19
constant_head,207,pump_1,upstream_2,20.3231343517186,4.59988025005012e-19
constant_head,208,pump_1,upstream_2,20.1495703480602,3.06658683336675e-19
constant_head,209,pump_1,upstream_2,19.978407928624,6.14514084624315e-19
constant_head,210,pump_1,upstream_2,19.8096027389808,6.13616764966346e-19
constant_head,211,pump_1,upstream_2,19.6431113883693,4.59988025005012e-19
constant_head,212,pump_1,upstream_2,19.4788914285108,4.60387147010691e-19
constant_head,213,pump_1,upstream_2,19.3169013326908,3.07257042312158e-19
constant_head,214,pump_1,upstream_2,19.1571004751604,4.60387147010691e-19
constant_head,215,pump_1,upstream_2,18.9994491108403,3.06658683336675e-19
constant_head,216,pump_1,upstream_2,18.8439083553573,4.59988025005012e-19
constant_head,217,pump_1,upstream_2,18.6904401654382,3.07257042312158e-19
constant_head,218,pump_1,upstream_2,18.5390073196224,1.53329341668337e-19
constant_head,219,pump_1,upstream_2,18.3895733993637,3.06658683336675e-19
constant_head,220,pump_1,upstream_2,18.2421027704493,1.53329341668337e-19
constant_head,221,pump_1,upstream_2,18.0965605648312,1.58048267801244e-19
constant_head,222,pump_1,upstream_2,17.9529126627727,3.06658683336675e-19
constant_head,223,pump_1,upstream_2,17.8111256753991,3.06658683336675e-19
constant_head,224,pump_1,upstream_2,17.6711669275909,1.54522584113384e-19
constant_head,225,pump_1,upstream_2,17.5330044412422,3.09045168226767e-19
constant_head,226,pump_1,upstream_2,17.396606918914,3.07257042312158e-19
constant_head,227,pump_1,upstream_2,17.2619437277837,1.58048267801244e-19
constant_head,228,pump_1,upstream_2,17.1289848840236,1.53329341668337e-19
constant_head,229,pump_1,upstream_2,16.9977010374798,3.09045168226767e-19
constant_head,230,pump_1,upstream_2,16.8680634567331,3.06658683336675e-19
constant_head,231,pump_1,upstream_2,16.7400440144731,3.07257042312158e-19
constant_head,232,pump_1,upstream_2,16.6136151732722,3.07257042312158e-19
constant_head,233,pump_1,upstream_2,16.4887499715921,3.12002605642117e-19
constant_head,234,pump_1,upstream_2,16.3654220102555,3.07257042312158e-19
constant_head,235,pump_1,upstream_2,16.2436054391032,3.07257042312158e-19
constant_head,236,pump_1,upstream_2,16.1232749440996,3.83323354170844e-20
constant_head,237,pump_1,upstream_2,16.0044057346228,3.07257042312158e-19
constant_head,238,pump_1,upstream_2,15.886973531194,3.06658683336675e-19
constant_head,239,pump_1,upstream_2,15.7709545533846,3.07257042312158e-19
constant_head,240,pump_1,upstream_2,15.6563255081238,1.54522584113384e-19
constant_head,241,pump_1,upstream_2,15.5430635781977,3.06658683336675e-19
constant_head,242,pump_1,upstream_2,15.4311464111338,0
constant_head,243,pump_1,upstream_2,15.320552108253,1.53329341668337e-19
constant_head,244,pump_1,upstream_2,15.2112592141073,3.07257042312158e-19
constant_head,245,pump_1,upstream_2,15.1032467060566,3.06658683336675e-19
constant_head,246,pump_1,upstream_2,14.9964939842387,4.60387147010691e-19
constant_head,247,pump_1,upstream_2,14.8909808616642,1.54522584113384e-19
constant_head,248,pump_1,upstream_2,14.7866875546527,3.06658683336675e-19
constant_head,249,pump_1,upstream_2,14.6835946734614,1.54522584113384e-19
constant_head,250,pump_1,upstream_2,14.5816832131709,1.54522584113384e-19
constant_head,251,pump_1,upstream_2,14.4809345447606,3.06658683336675e-19
constant_head,252,pump_1,upstream_2,14.3813304064948,4.60387147010691e-19
constant_head,253,pump_1,upstream_2,14.2828528953958,3.09045168226767e-19
constant_head,254,pump_1,upstream_2,14.1854844590859,3.07257042312158e-19
constant_head,255,pump_1,upstream_2,14.0892078876701,3.06658683336675e-19
constant_head,256,pump_1,upstream_2,13.9940063059885,3.07257042312158e-19
constant_head,257,pump_1,upstream_2,13.8998631659111,1.53329341668337e-19
constant_head,258,pump_1,upstream_2,13.8067622389529,4.60387147010691e-19
constant_head,259,pump_1,upstream_2,13.7146876089807,1.91661677085422e-20
constant_head,260,pump_1,upstream_2,13.6236236651664,3.83323354170844e-20
constant_head,261,pump_1,upstream_2,13.5335550950734,1.53329341668337e-19
constant_head,262,pump_1,upstream_2,13.4444668779639,1.58048267801244e-19
constant_head,263,pump_1,upstream_2,13.356344278208,1.91661677085422e-20
constant_head,264,pump_1,upstream_2,13.2691728389355,3.07257042312158e-19
constant_head,265,pump_1,upstream_2,13.182938375774,1.91661677085422e-20
constant_head,266,pump_1,upstream_2,13.0976269708047,1.63755808685168e-19
constant_head,267,pump_1,upstream_2,13.0132249666152,1.53329341668337e-19
constant_head,268,pump_1,upstream_2,12.9297189605523,4.59988025005012e-19
constant_head,269,pump_1,upstream_2,12.8470957990664,1.91661677085422e-20
constant_head,270,pump_1,upstream_2,12.7653425722452,3.09045168226767e-19
constant_head,271,pump_1,upstream_2,12.6844466084488,3.09045168226767e-19
constant_head,272,pump_1,upstream_2,12.6043954690786,3.06658683336675e-19
constant_head,273,pump_1,upstream_2,12.5251769435209,3.07257042312158e-19
constant_head,274,pump_1,upstream_2,12.4467790441309,3.07257042312158e-19
constant_head,275,pump_1,upstream_2,12.369190001436,2.30791221175405e-19
constant_head,276,pump_1,upstream_2,12.2923982593838,3.09045168226767e-19
constant_head,277,pump_1,upstream_2,12.216392470735,7.90241339006218e-20
constant_head,278,pump_1,upstream_2,12.1411614925977,2.30791221175405e-19
constant_head,279,pump_1,upstream_2,12.0666943819827,3.07257042312158e-19
constant_head,280,pump_1,upstream_2,11.9929803915999,3.83323354170844e-19
constant_head,281,pump_1,upstream_2,11.9200089656122,3.06658683336675e-19
constant_head,282,pump_1,upstream_2,11.8477697356243,1.53329341668337e-19
constant_head,283,pump_1,upstream_2,11.7762525166552,1.58048267801244e-19
constant_head,284,pump_1,upstream_2,11.7054473033032,2.29994012502506e-19
constant_head,285,pump_1,upstream_2,11.6353442659348,2.29994012502506e-19
constant_head,286,pump_1,upstream_2,11.5659337470036,3.07257042312158e-19
constant_head,287,pump_1,upstream_2,11.4972062574424,1.53628521156079e-19
constant_head,288,pump_1,upstream_2,11.4291524731407,2.30193573505346e-19
constant_head,289,pump_1,upstream_2,11.3617632315254,2.30193573505346e-19
constant_head,290,pump_1,upstream_2,11.2950295281886,2.30193573505346e-19
constant_head,291,pump_1,upstream_2,11.228942513625,3.06658683336675e-19
constant_head,292,pump_1,upstream_2,11.1634934900502,2.30193573505346e-19
constant_head,293,pump_1,upstream_2,11.0986739082538,1.54522584113384e-19
constant_head,294,pump_1,upstream_2,11.0344753645789,2.30193573505346e-19
constant_head,295,pump_1,upstream_2,10.9708895979281,1.54522584113384e-19
constant_head,296,pump_1,upstream_2,10.9079084868944,2.30791221175405e-19
constant_head,297,pump_1,upstream_2,10.8455240468627,2.29994012502506e-19
constant_head,298,pump_1,upstream_2,10.7837284273185,3.08003356363539e-19
constant_head,299,pump_1,upstream_2,10.7225139090781,3.08003356363539e-19
constant_head,300,pump_1,upstream_2,10.6618729016809,3.83802209265942e-19
constant_head,301,pump_1,upstream_2,10.6017979408038,3.06658683336675e-19
constant_head,302,pump_1,upstream_2,10.5422816857212,2.30193573505346e-19
constant_head,303,pump_1,upstream_2,10.4833169168828,2.30791221175405e-19
constant_head,304,pump_1,upstream_2,10.4248965334497,1.53329341668337e-19
constant_head,305,pump_1,upstream_2,10.3670135510049,3.06808382483173e-19
constant_head,306,pump_1,upstream_2,10.3096610992032,3.07257042312158e-19
constant_head,307,pump_1,upstream_2,10.2528324195716,3.06808382483173e-19
constant_head,308,pump_1,upstream_2,10.1965208632671,3.84399939279662e-19
constant_head,309,pump_1,upstream_2,10.1407198889874,3.06658683336675e-19
constant_head,310,pump_1,upstream_2,10.0854230608224,2.29994012502506e-19
constant_head,311,pump_1,upstream_2,10.0306240462512,1.53329341668337e-19
constant_head,312,pump_1,upstream_2,9.97631661410197,1.54522584113384e-19
constant_head,313,pump_1,upstream_2,9.92249463262792,2.30791221175405e-19
constant_head,314,pump_1,upstream_2,9.86915206756647,3.07257042312158e-19
constant_head,315,pump_1,upstream_2,9.8162829802894,2.30193573505346e-19
constant_head,316,pump_1,upstream_2,9.76388152595102,2.30193573505346e-19
constant_head,317,pump_1,upstream_2,9.7119419517443,3.06658683336675e-19
constant_head,318,pump_1,upstream_2,9.660458595073,2.30791221175405e-19
constant_head,319,pump_1,upstream_2,9.60942588194443,2.30193573505346e-19
constant_head,320,pump_1,upstream_2,9.55883832519583,2.30791221175405e-19
constant_head,321,pump_1,upstream_2,9.50869052293925,3.06658683336675e-19
constant_head,322,pump_1,upstream_2,9.45897715689672,2.30193573505346e-19
constant_head,323,pump_1,upstream_2,9.40969299089861,9.58308385427109e-21
constant_head,324,pump_1,upstream_2,9.36083286928691,7.66646708341687e-20
constant_head,325,pump_1,upstream_2,9.31239171547193,7.72612920566918e-20
constant_head,326,pump_1,upstream_2,9.26436453043247,1.54522584113384e-19
constant_head,327,pump_1,upstream_2,9.21674639130515,9.58308385427109e-21
constant_head,328,pump_1,upstream_2,9.1695324499521,7.72612920566918e-20
constant_head,329,pump_1,upstream_2,9.12271793163143,2.29994012502506e-19
constant_head,330,pump_1,upstream_2,9.07629813359976,1.53628521156079e-19
constant_head,331,pump_1,upstream_2,9.03026842384786,7.72612920566918e-20
constant_head,332,pump_1,upstream_2,8.98462423978176,1.53329341668337e-19
constant_head,333,pump_1,upstream_2,8.93936108697493,7.72612920566918e-20
constant_head,334,pump_1,upstream_2,8.89447453792963,7.90241339006218e-20
constant_head,335,pump_1,upstream_2,8.84996023088251,7.72612920566918e-20
constant_head,336,pump_1,upstream_2,8.80581386860052,1.53628521156079e-19
constant_head,337,pump_1,upstream_2,8.76203121725559,7.66646708341687e-20
constant_head,338,pump_1,upstream_2,8.71860810524677,2.29994012502506e-19
constant_head,339,pump_1,upstream_2,8.67554042215313,1.54522584113384e-19
constant_head,340,pump_1,upstream_2,8.63282411757944,1.54522584113384e-19
constant_head,341,pump_1,upstream_2,8.59045520014857,7.72612920566918e-20
constant_head,342,pump_1,upstream_2,8.54842973642687,9.58308385427109e-21
constant_head,343,pump_1,upstream_2,8.50674384991542,1.54522584113384e-19
constant_head,344,pump_1,upstream_2,8.46539372005818,1.53329341668337e-19
constant_head,345,pump_1,upstream_2,8.42437558124272,2.29994012502506e-19
constant_head,346,pump_1,upstream_2,8.38368572186499,1.53628521156079e-19
constant_head,347,pump_1,upstream_2,8.34332048337564,2.30791221175405e-19
constant_head,348,pump_1,upstream_2,8.30327625936353,1.53628521156079e-19
constant_head,349,pump_1,upstream_2,8.2635494946533,7.72612920566918e-20
constant_head,350,pump_1,upstream_2,8.22413668443252,1.53628521156079e-19
constant_head,351,pump_1,upstream_2,8.18503437336633,7.72612920566918e-20
constant_head,352,pump_1,upstream_2,8.1462391547674,1.53329341668337e-19
constant_head,353,pump_1,upstream_2,8.10774766975869,9.58308385427109e-21
constant_head,354,pump_1,upstream_2,8.06955660645827,1.53628521156079e-19
constant_head,355,pump_1,upstream_2,8.03166269917866,7.90241339006218e-20
constant_head,356,pump_1,upstream_2,7.99406272765446,2.30193573505346e-19
constant_head,357,pump_1,upstream_2,7.95675351626301,1.91661677085422e-20
constant_head,358,pump_1,upstream_2,7.91973193328455,7.66646708341687e-20
constant_head,359,pump_1,upstream_2,7.88299489015129,2.30193573505346e-19
constant_head,360,pump_1,upstream_2,7.84653934074475,7.72612920566918e-20
constant_head,361,pump_1,upstream_2,7.8103622806683,1.53628521156079e-19
constant_head,362,pump_1,upstream_2,7.7744607465635,1.54522584113384e-19
constant_head,363,pump_1,upstream_2,7.73883181542764,1.53628521156079e-19
constant_head,364,pump_1,upstream_2,7.70347260394384,7.66646708341687e-20
constant_head,365,pump_1,upstream_2,7.66838026783299,7.90241339006218e-20
constant_head,1,pump_2,downstream,0,0
constant_head,2,pump_2,downstream,0,0
constant_head,3,pump_2,downstream,0,0
constant_head,4,pump_2,downstream,0,0
constant_head,5,pump_2,downstream,0,0
constant_head,6,pump_2,downstream,0,0
constant_head,7,pump_2,downstream,0,0
constant_head,8,pump_2,downstream,0,0
constant_head,9,pump_2,downstream,0,0
constant_head,10,pump_2,downstream,0,0
constant_head,11,pump_2,downstream,0,0
constant_head,12,pump_2,downstream,0,0
constant_head,13,pump_2,downstream,0,0
constant_head,14,pump_2,downstream,0,0
constant_head,15,pump_2,downstream,0,0
constant_head,16,pump_2,downstream,0,0
constant_head,17,pump_2,downstream,0,0
constant_head,18,pump_2,downstream,0,0
constant_head,19,pump_2,downstream,0,0
constant_head,20,pump_2,downstream,0,0
constant_head,21,pump_2,downstream,0,0
constant_head,22,pump_2,downstream,0,0
constant_head,23,pump_2,downstream,0,0
constant_head,24,pump_2,downstream,0,0
constant_head,25,pump_2,downstream,0,0
constant_head,26,pump_2,downstream,0,0
constant_head,27,pump_2,downstream,0,0
constant_head,28,pump_2,downstream,0,0
constant_head,29,pump_2,downstream,0,0
constant_head,30,pump_2,downstream,0,0
constant_head,31,pump_2,downstream,0,0
constant_head,32,pump_2,downstream,2.23384632161366e-06,1.07856309823141e-70
constant_head,33,pump_2,downstream,0.0815362812257784,0
constant_head,34,pump_2,downstream,2.63684218834789,0
constant_head,35,pump_2,downstream,3.83623180955045,0
constant_head,36,pump_2,downstream,21.7846225587887,0
constant_head,37,pump_2,downstream,-35.7366407469239,0
constant_head,38,pump_2,downstream,272.390093925329,9.78069400219505e-22
constant_head,39,pump_2,downstream,-1179.53919164579,1.00154306582477e-18
constant_head,40,pump_2,downstream,5843.64464280429,2.44517350054876e-22
constant_head,41,pump_2,downstream,-27944.4245520116,0
constant_head,42,pump_2,downstream,134786.96685456,1.28197512425571e-16
constant_head,43,pump_2,downstream,-648792.20749298,0
constant_head,44,pump_2,downstream,3124441.75156827,0
constant_head,45,pump_2,downstream,-15044964.4758955,0
constant_head,46,pump_2,downstream,72447067.0280029,0
constant_head,47,pump_2,downstream,-348857449.147433,0
constant_head,48,pump_2,downstream,1679870248.65651,0
constant_head,49,pump_2,downstream,-8089158701.57421,0
constant_head,50,pump_2,downstream,38952111052.2436,3.36062086972889e-11
constant_head,51,pump_2,downstream,-187567952521.905,6.25964416140483e-20
constant_head,52,pump_2,downstream,903204883237.255,0
constant_head,53,pump_2,downstream,-4349245431459.43,0
constant_head,54,pump_2,downstream,20943128382811,0
constant_head,55,pump_2,downstream,-100848442185757,0
constant_head,56,pump_2,downstream,485620300150793,0
constant_head,57,pump_2,downstream,-2338430528097357,0
constant_head,58,pump_2,downstream,11260355740979716,0
constant_head,59,pump_2,downstream,-54222526557833696,0
constant_head,60,pump_2,downstream,261100311033266496,0
constant_head,61,pump_2,downstream,-1257288746015089152,0.00112763724451099
constant_head,62,pump_2,downstream,6054282297100736512,0
constant_head,63,pump_2,downstream,-29153473495377616896,0
constant_head,64,pump_2,downstream,1.40384107502337e+20,6.72124173945777e-11
constant_head,65,pump_2,downstream,-6.75998269720847e+20,0
constant_head,66,pump_2,downstream,3.25516661961163e+21,0
constant_head,67,pump_2,downstream,-1.56747586437011e+22,0
constant_head,68,pump_2,downstream,7.5479410810497e+22,0
constant_head,69,pump_2,downstream,-3.63459596782319e+23,0
constant_head,70,pump_2,downstream,1.75018428303357e+24,1.10120824659276e-06
constant_head,71,pump_2,downstream,-8.42774561930829e+24,0
constant_head,72,pump_2,downstream,4.05825243160452e+25,37837.2272416113
constant_head,73,pump_2,downstream,-1.9541895950077e+26,0
constant_head,74,pump_2,downstream,9.41010210083582e+26,0.000563818622255494
constant_head,75,pump_2,downstream,-4.53129122037955e+27,0
constant_head,76,pump_2,downstream,2.18197421280531e+28,9459.30681040283
constant_head,77,pump_2,downstream,-1.05069642046723e+29,0
constant_head,78,pump_2,downstream,5.05946844606979e+29,0
constant_head,79,pump_2,downstream,-2.43630990437683e+30,0
constant_head,80,pump_2,downstream,1.17316789568585e+31,4843165.08693506
constant_head,81,pump_2,downstream,-5.649211165605e+31,0
constant_head,82,pump_2,downstream,2.72029152101363e+32,0
constant_head,83,pump_2,downstream,-1.30991491420133e+33,0
constant_head,84,pump_2,downstream,6.30769558774244e+33,0
constant_head,85,pump_2,downstream,-3.03737465664966e+34,0
constant_head,86,pump_2,downstream,1.46260146459598e+35,0
constant_head,87,pump_2,downstream,-7.04293439584407e+35,0
constant_head,88,pump_2,downstream,3.39141769681365e+36,0
constant_head,89,pump_2,downstream,-1.63308549360445e+37,0
constant_head,90,pump_2,downstream,7.86387424918792e+37,0
constant_head,91,pump_2,downstream,-3.7867287688993e+38,332819810194841792
constant_head,92,pump_2,downstream,1.82344151430071e+39,0
constant_head,93,pump_2,downstream,-8.78050464924572e+39,0
constant_head,94,pump_2,downstream,4.22811816506177e+40,0
constant_head,95,pump_2,downstream,-2.03598584954465e+41,1.70403742819759e+20
constant_head,96,pump_2,downstream,9.8039794956523e+41,0
constant_head,97,pump_2,downstream,-4.72095687564172e+42,0
constant_head,98,pump_2,downstream,2.27330481786019e+43,0
constant_head,99,pump_2,downstream,-1.09467528110048e+44,0
constant_head,100,pump_2,downstream,5.27124194537347e+44,0
constant_head,101,pump_2,downstream,-2.53828620472103e+45,0
constant_head,102,pump_2,downstream,1.22227302860419e+46,5.45291912019371e+21
constant_head,103,pump_2,downstream,-5.88566944765578e+46,0
constant_head,104,pump_2,downstream,2.83415440219834e+47,332819770519635712
constant_head,105,pump_2,downstream,-1.36474384892605e+48,0
constant_head,106,pump_2,downstream,6.5717159648635e+48,5.71780011937624e+27
constant_head,107,pump_2,downstream,-3.16450964456275e+49,0
constant_head,108,pump_2,downstream,1.52382137999762e+50,0
constant_head,109,pump_2,downstream,-7.33772956618275e+50,0
constant_head,110,pump_2,downstream,3.53337181727405e+51,0
constant_head,111,pump_2,downstream,-1.70144133638348e+52,2.18116764807748e+22
constant_head,112,pump_2,downstream,8.19303139002163e+52,0
constant_head,113,pump_2,downstream,-3.94522937244253e+53,3.74721748623441e+32
constant_head,114,pump_2,downstream,1.89976506377601e+54,0
constant_head,115,pump_2,downstream,-9.14802906708932e+54,0
constant_head,116,pump_2,downstream,4.40509394598373e+55,0
constant_head,117,pump_2,downstream,-2.12120583905367e+56,9.36804371558603e+31
constant_head,118,pump_2,downstream,1.02143433643174e+57,1.42945002984406e+27
constant_head,119,pump_2,downstream,-4.91856134106823e+57,0
constant_head,120,pump_2,downstream,2.3684582359316e+58,0
constant_head,121,pump_2,downstream,-1.14049495906743e+59,4.79643838238005e+34
constant_head,122,pump_2,downstream,5.49187961993591e+59,7.31878415280159e+29
constant_head,123,pump_2,downstream,-2.64453091353684e+60,0
constant_head,124,pump_2,downstream,1.27343354855503e+61,0
constant_head,125,pump_2,downstream,-6.13202513264119e+61,5.02943017324254e+40
constant_head,126,pump_2,downstream,2.95278322689159e+62,0
constant_head,127,pump_2,downstream,-1.42186775109594e+63,0
constant_head,128,pump_2,downstream,6.84678740787518e+63,3.14339385827659e+39
constant_head,129,pump_2,downstream,-3.29696610479458e+64,0
constant_head,130,pump_2,downstream,1.58760376927458e+65,0
constant_head,131,pump_2,downstream,-7.64486393884806e+65,0
constant_head,132,pump_2,downstream,3.68126769251779e+66,3.29608735833623e+45
constant_head,133,pump_2,downstream,-1.77265834060315e+67,0
constant_head,134,pump_2,downstream,8.53596601762132e+67,0
constant_head,135,pump_2,downstream,-4.11036431471586e+68,0
constant_head,136,pump_2,downstream,1.97928327793386e+69,8.24021839584058e+44
constant_head,137,pump_2,downstream,-9.53093690572153e+69,0
constant_head,138,pump_2,downstream,4.58947737868375e+70,0
constant_head,139,pump_2,downstream,-2.20999287035521e+71,1.05474795466759e+47
constant_head,140,pump_2,downstream,1.06418837789796e+72,0
constant_head,141,pump_2,downstream,-5.12443691038276e+72,0
constant_head,142,pump_2,downstream,2.46759447799675e+73,0
constant_head,143,pump_2,downstream,-1.18823250521494e+74,1.10598352315701e+53
constant_head,144,pump_2,downstream,5.72175249636479e+74,0
constant_head,145,pump_2,downstream,-2.75522269303132e+75,0
constant_head,146,pump_2,downstream,1.32673548760065e+76,0
constant_head,147,pump_2,downstream,-6.38869249484266e+76,2.76495847828382e+52
constant_head,148,pump_2,downstream,3.07637748255848e+77,0
constant_head,149,pump_2,downstream,-1.48138268085886e+78,0
constant_head,150,pump_2,downstream,7.13337247977619e+78,1.35007738197452e+49
constant_head,151,pump_2,downstream,-3.43496677750592e+79,2.89926944694472e+58
constant_head,152,pump_2,downstream,1.65405588955585e+80,0
constant_head,153,pump_2,downstream,-7.96485399419462e+80,0
constant_head,154,pump_2,downstream,3.83535402578646e+81,1.81204318834127e+57
constant_head,155,pump_2,downstream,-1.84685626551825e+82,0
constant_head,156,pump_2,downstream,8.89325481442252e+82,0
constant_head,157,pump_2,downstream,-4.28241128835523e+83,0
constant_head,158,pump_2,downstream,2.06212987543e+84,3.53914685220329e+54
constant_head,159,pump_2,downstream,-9.9298720669452e+84,0
constant_head,160,pump_2,downstream,4.78157852425944e+85,0
constant_head,161,pump_2,downstream,-2.30249624864429e+86,0
constant_head,162,pump_2,downstream,1.10873196960456e+87,0
constant_head,163,pump_2,downstream,-5.33892978608334e+87,0
constant_head,164,pump_2,downstream,2.57088025259109e+88,0
constant_head,165,pump_2,downstream,-1.23796819549701e+89,2.31941528105995e+59
constant_head,166,pump_2,downstream,5.96124713127929e+89,4.98090698276784e+68
constant_head,167,pump_2,downstream,-2.87054768365182e+90,0
constant_head,168,pump_2,downstream,1.38226847883599e+91,0
constant_head,169,pump_2,downstream,-6.65610314876524e+91,6.37556017791688e+70
constant_head,170,pump_2,downstream,3.20514500658445e+92,0
constant_head,171,pump_2,downstream,-1.54338871913951e+93,0
constant_head,172,pump_2,downstream,7.43195310500327e+93,1.52005199859545e+64
constant_head,173,pump_2,downstream,-3.5787437260629e+94,3.26428681109344e+73
constant_head,174,pump_2,downstream,1.72328948741785e+95,0
constant_head,175,pump_2,downstream,-8.29823783082669e+95,0
constant_head,176,pump_2,downstream,3.99588993026025e+96,0
constant_head,177,pump_2,downstream,-1.92415988313082e+97,1.67131504651609e+76
constant_head,178,pump_2,downstream,9.26549860098096e+97,0
constant_head,179,pump_2,downstream,-4.46165960934045e+98,0
constant_head,180,pump_2,downstream,2.1484441719642e+99,0
constant_head,181,pump_2,downstream,-1.03455054042755e+100,0
constant_head,182,pump_2,downstream,4.98172042199463e+100,0
constant_head,183,pump_2,downstream,-2.3988715285637e+101,0
constant_head,184,pump_2,downstream,1.15514001651852e+102,5.34820751129549e+77
constant_head,185,pump_2,downstream,-5.56240066162001e+102,0
constant_head,186,pump_2,downstream,2.67848924614713e+103,6.52857362218688e+73
constant_head,187,pump_2,downstream,-1.28978566596753e+104,0
constant_head,188,pump_2,downstream,6.21076626134769e+104,0
constant_head,189,pump_2,downstream,-2.99069981710168e+105,0
constant_head,190,pump_2,downstream,1.44012590711653e+106,0
constant_head,191,pump_2,downstream,-6.93470677494506e+106,0
constant_head,192,pump_2,downstream,3.3393023357768e+107,2.87129704415446e+86
constant_head,193,pump_2,downstream,-1.6079901359366e+108,0
constant_head,194,pump_2,downstream,7.74303137984043e+108,0
constant_head,195,pump_2,downstream,-3.72853872727721e+109,0
constant_head,196,pump_2,downstream,1.79542098679864e+110,1.47010408660708e+89
constant_head,197,pump_2,downstream,-8.64557607047043e+110,0
constant_head,198,pump_2,downstream,4.16314536478535e+111,0
constant_head,199,pump_2,downstream,-2.00469918800803e+112,1.88173323085707e+91
constant_head,200,pump_2,downstream,9.65332334631866e+112,0
constant_head,201,pump_2,downstream,-4.64841070351187e+113,0
constant_head,202,pump_2,downstream,2.238371314555e+114,0
constant_head,203,pump_2,downstream,-1.07785358510542e+115,9.63447414198819e+93
constant_head,204,pump_2,downstream,5.1902396325856e+115,0
constant_head,205,pump_2,downstream,-2.49928077578622e+116,0
constant_head,206,pump_2,downstream,1.20349055889407e+117,0
constant_head,207,pump_2,downstream,-5.79522532794069e+117,4.93285134873955e+96
constant_head,208,pump_2,downstream,2.79060241506734e+118,7.35052043303542e+88
constant_head,209,pump_2,downstream,-1.34377205342366e+119,0
constant_head,210,pump_2,downstream,6.47072948053361e+119,3.08303172543622e+95
constant_head,211,pump_2,downstream,-3.11588114245787e+120,0
constant_head,212,pump_2,downstream,1.50040506609526e+121,0
constant_head,213,pump_2,downstream,-7.2249718761368e+121,0
constant_head,214,pump_2,downstream,3.47907507049525e+122,1.57851224342334e+98
constant_head,215,pump_2,downstream,-1.67529556566434e+123,0
constant_head,216,pump_2,downstream,8.06713041674918e+123,0
constant_head,217,pump_2,downstream,-3.88460367798042e+124,0
constant_head,218,pump_2,downstream,1.87057168477759e+125,8.08198268632753e+100
constant_head,219,pump_2,downstream,-9.00745280072122e+125,2.46642538034898e+96
constant_head,220,pump_2,downstream,4.33740158783957e+126,0
constant_head,221,pump_2,downstream,-2.08860961588241e+127,0
constant_head,222,pump_2,downstream,1.005738122056e+128,4.13797513539969e+103
constant_head,223,pump_2,downstream,-4.84297861345129e+128,0
constant_head,224,pump_2,downstream,2.33206252562044e+129,0
constant_head,225,pump_2,downstream,-1.12296915957832e+130,1.08474535389422e+109
constant_head,226,pump_2,downstream,5.40748680410506e+130,0
constant_head,227,pump_2,downstream,-2.60389283954605e+131,0
constant_head,228,pump_2,downstream,1.25386490350601e+132,0
constant_head,229,pump_2,downstream,-6.03779530542516e+132,5.55389621193839e+111
constant_head,230,pump_2,downstream,2.90740829002233e+133,8.27595027079939e+103
constant_head,231,pump_2,downstream,-1.40001814193589e+134,0
constant_head,232,pump_2,downstream,6.74157394568951e+134,0
constant_head,233,pump_2,downstream,-3.24630216593871e+135,0
constant_head,234,pump_2,downstream,1.56320732183269e+136,0
constant_head,235,pump_2,downstream,-7.5273865651528e+136,0
constant_head,236,pump_2,downstream,3.62469825402387e+137,0
constant_head,237,pump_2,downstream,-1.74541818983319e+138,0
constant_head,238,pump_2,downstream,8.40479522403997e+138,0
constant_head,239,pump_2,downstream,-4.04720101861641e+139,0
constant_head,240,pump_2,downstream,1.94886795554983e+140,9.09950355363986e+115
constant_head,241,pump_2,downstream,-9.38447655725142e+140,0
constant_head,242,pump_2,downstream,4.51895163049951e+141,0
constant_head,243,pump_2,downstream,-2.17603227140196e+142,0
constant_head,244,pump_2,downstream,1.04783516916275e+143,9.54152103826147e+121
constant_head,245,pump_2,downstream,-5.04569052657917e+143,0
constant_head,246,pump_2,downstream,2.42967535727524e+144,0
constant_head,247,pump_2,downstream,-1.1699731306654e+145,0
constant_head,248,pump_2,downstream,5.63382726165557e+145,4.88525877158987e+124
constant_head,249,pump_2,downstream,-2.71288363657736e+146,0
constant_head,250,pump_2,downstream,1.30634776037604e+147,0
constant_head,251,pump_2,downstream,-6.29051850226981e+147,3.05328673224367e+123
constant_head,252,pump_2,downstream,3.02910329298596e+148,2.50125249105402e+127
constant_head,253,pump_2,downstream,-1.4586185155115e+149,0
constant_head,254,pump_2,downstream,7.02375511168422e+149,0
constant_head,255,pump_2,downstream,-3.38218220489341e+150,0
constant_head,256,pump_2,downstream,1.62863828325511e+151,0
constant_head,257,pump_2,downstream,-7.84245938567859e+151,0
constant_head,258,pump_2,downstream,3.77641676782225e+152,0
constant_head,259,pump_2,downstream,-1.81847592737709e+153,6.10657346448734e+123
constant_head,260,pump_2,downstream,8.75659362236375e+153,0
constant_head,261,pump_2,downstream,-4.21660417456387e+154,0
constant_head,262,pump_2,downstream,2.03044146293842e+155,0
constant_head,263,pump_2,downstream,-9.7772813471303e+155,0
constant_head,264,pump_2,downstream,4.70810078920466e+156,0
constant_head,265,pump_2,downstream,-2.26711416541322e+157,0
constant_head,266,pump_2,downstream,1.09169426678428e+158,0
constant_head,267,pump_2,downstream,-5.25688732535641e+158,0
constant_head,268,pump_2,downstream,2.53137395627209e+159,0
constant_head,269,pump_2,downstream,-1.21894454073318e+160,0
constant_head,270,pump_2,downstream,5.86964162170401e+160,5.50031239583515e+139
constant_head,271,pump_2,downstream,-2.82643644693771e+161,0
constant_head,272,pump_2,downstream,1.36102738522198e+162,0
constant_head,273,pump_2,downstream,-6.55381990043025e+162,0
constant_head,274,pump_2,downstream,3.1558920675406e+163,1.37507809899881e+139
constant_head,275,pump_2,downstream,-1.51967171714802e+164,0
constant_head,276,pump_2,downstream,7.31774749730061e+164,0
constant_head,277,pump_2,downstream,-3.52374975660837e+165,0
constant_head,278,pump_2,downstream,1.69680797974758e+166,7.04039986666899e+141
constant_head,279,pump_2,downstream,-8.17072016744532e+166,0
constant_head,280,pump_2,downstream,3.93448574332078e+167,0
constant_head,281,pump_2,downstream,-1.89459163294716e+168,1.84559858264808e+147
constant_head,282,pump_2,downstream,9.12311719956519e+168,0
constant_head,283,pump_2,downstream,-4.39309801593131e+169,0
constant_head,284,pump_2,downstream,2.11542938180159e+170,0
constant_head,285,pump_2,downstream,-1.0186527714977e+171,0
constant_head,286,pump_2,downstream,4.90516713914708e+171,0
constant_head,287,pump_2,downstream,-2.36200846217624e+172,0
constant_head,288,pump_2,downstream,1.13738916883519e+173,0
constant_head,289,pump_2,downstream,-5.47692416051589e+173,4.83812594849697e+152
constant_head,290,pump_2,downstream,2.63732934003254e+174,0
constant_head,291,pump_2,downstream,-1.26996574061404e+175,0
constant_head,292,pump_2,downstream,6.11532643213028e+175,2.3069982283101e+146
constant_head,293,pump_2,downstream,-2.94474222221375e+176,0
constant_head,294,pump_2,downstream,1.41799572786954e+177,0
constant_head,295,pump_2,downstream,-6.82814227027548e+177,0
constant_head,296,pump_2,downstream,3.28798782300791e+178,Inf
constant_head,297,pump_2,downstream,-1.58328041454416e+179,0
constant_head,298,pump_2,downstream,7.6240454831913e+179,0
constant_head,299,pump_2,downstream,-3.67124288255057e+180,0
constant_head,300,pump_2,downstream,1.76783104618055e+181,0
constant_head,301,pump_2,downstream,-8.51272091719688e+181,0
constant_head,302,pump_2,downstream,4.09917099095227e+182,0
constant_head,303,pump_2,downstream,-1.97389330350533e+183,0
constant_head,304,pump_2,downstream,9.50498230550282e+183,Inf
constant_head,305,pump_2,downstream,-4.57697933659756e+184,0
constant_head,306,pump_2,downstream,2.20397462870741e+185,0
constant_head,307,pump_2,downstream,-1.06129038537389e+186,Inf
constant_head,308,pump_2,downstream,5.11048206914995e+186,Inf
constant_head,309,pump_2,downstream,-2.46087473692718e+187,0
constant_head,310,pump_2,downstream,1.1849967163379e+188,0
constant_head,311,pump_2,downstream,-5.70617104828756e+188,Inf
constant_head,312,pump_2,downstream,2.74771968423165e+189,0
constant_head,313,pump_2,downstream,-1.32312252808822e+190,0
constant_head,314,pump_2,downstream,6.37129483906622e+190,0
constant_head,315,pump_2,downstream,-3.06799990662733e+191,Inf
constant_head,316,pump_2,downstream,1.47734858687608e+192,0
constant_head,317,pump_2,downstream,-7.11394691515503e+192,0
constant_head,318,pump_2,downstream,3.42561269298381e+193,Inf
constant_head,319,pump_2,downstream,-1.64955157274688e+194,0
constant_head,320,pump_2,downstream,7.94316414323426e+194,0
constant_head,321,pump_2,downstream,-3.82490960869424e+195,0
constant_head,322,pump_2,downstream,1.84182691568106e+196,0
constant_head,323,pump_2,downstream,-8.8690367469502e+196,Inf
constant_head,324,pump_2,downstream,4.27074944714155e+197,0
constant_head,325,pump_2,downstream,-2.0565142935654e+198,Inf
constant_head,326,pump_2,downstream,9.90283108850947e+198,Inf
constant_head,327,pump_2,downstream,-4.76855735330347e+199,0
constant_head,328,pump_2,downstream,2.29622610226377e+200,0
constant_head,329,pump_2,downstream,-1.10571267619646e+201,0
constant_head,330,pump_2,downstream,5.32439083893445e+201,Inf
constant_head,331,pump_2,downstream,-2.56387924422168e+202,0
constant_head,332,pump_2,downstream,1.23459696663934e+203,0
constant_head,333,pump_2,downstream,-5.94501349262166e+203,0
constant_head,334,pump_2,downstream,2.86273062242007e+204,Inf
constant_head,335,pump_2,downstream,-1.37850429216228e+205,0
constant_head,336,pump_2,downstream,6.63797728164655e+205,0
constant_head,337,pump_2,downstream,-3.19641677158221e+206,0
constant_head,338,pump_2,downstream,1.53918577062646e+207,0
constant_head,339,pump_2,downstream,-7.4117144471316e+207,0
constant_head,340,pump_2,downstream,3.56899810888072e+208,0
constant_head,341,pump_2,downstream,-1.71859663402491e+209,0
constant_head,342,pump_2,downstream,8.27564011068648e+209,0
constant_head,343,pump_2,downstream,-3.98500834260393e+210,Inf
constant_head,344,pump_2,downstream,1.91892002047267e+211,0
constant_head,345,pump_2,downstream,-9.24026684110966e+211,Inf
constant_head,346,pump_2,downstream,4.44950964000465e+212,0
constant_head,347,pump_2,downstream,-2.14259353944337e+213,0
constant_head,348,pump_2,downstream,1.03173325752356e+214,0
constant_head,349,pump_2,downstream,-4.968154225634e+214,Inf
constant_head,350,pump_2,downstream,2.39233893350787e+215,0
constant_head,351,pump_2,downstream,-1.15199434495156e+216,0
constant_head,352,pump_2,downstream,5.54725315971211e+216,0
constant_head,353,pump_2,downstream,-2.67119519751026e+217,0
constant_head,354,pump_2,downstream,1.28627332803614e+218,Inf
constant_head,355,pump_2,downstream,-6.19385313345608e+218,0
constant_head,356,pump_2,downstream,2.98255555818738e+219,0
constant_head,357,pump_2,downstream,-1.43620416338655e+220,0
constant_head,358,pump_2,downstream,6.91582221583973e+220,0
constant_head,359,pump_2,downstream,-3.33020876421381e+221,0
constant_head,360,pump_2,downstream,1.60361126517187e+222,0
constant_head,361,pump_2,downstream,-7.72194559518319e+222,0
constant_head,362,pump_2,downstream,3.71838518910494e+223,0
constant_head,363,pump_2,downstream,-1.79053170527123e+224,0
constant_head,364,pump_2,downstream,8.62203248059196e+224,Inf
constant_head,365,pump_2,downstream,-4.15180830797532e+225,Inf
constant_head,1,pump_2,upstream_1,0,0
constant_head,2,pump_2,upstream_1,0,0
constant_head,3,pump_2,upstream_1,0,0
constant_head,4,pump_2,upstream_1,0,0
constant_head,5,pump_2,upstream_1,0,0
constant_head,6,pump_2,upstream_1,0,0
constant_head,7,pump_2,upstream_1,0,0
constant_head,8,pump_2,upstream_1,0,0
constant_head,9,pump_2,upstream_1,0,0
constant_head,10,pump_2,upstream_1,0,0
constant_head,11,pump_2,upstream_1,0,0
constant_head,12,pump_2,upstream_1,0,0
constant_head,13,pump_2,upstream_1,0,0
constant_head,14,pump_2,upstream_1,0,0
constant_head,15,pump_2,upstream_1,0,0
constant_head,16,pump_2,upstream_1,0,0
constant_head,17,pump_2,upstream_1,0,0
constant_head,18,pump_2,upstream_1,0,0
constant_head,19,pump_2,upstream_1,0,0
constant_head,20,pump_2,upstream_1,0,0
constant_head,21,pump_2,upstream_1,0,0
constant_head,22,pump_2,upstream_1,0,0
constant_head,23,pump_2,upstream_1,0,0
constant_head,24,pump_2,upstream_1,0,0
constant_head,25,pump_2,upstream_1,0,0
constant_head,26,pump_2,upstream_1,0,0
constant_head,27,pump_2,upstream_1,0,0
constant_head,28,pump_2,upstream_1,0,0
constant_head,29,pump_2,upstream_1,0,0
constant_head,30,pump_2,upstream_1,0,0
constant_head,31,pump_2,upstream_1,0,0
constant_head,32,pump_2,upstream_1,-3.71279316037328e-24,2.7616187085952e-45
constant_head,33,pump_2,upstream_1,4.27172944708386e-14,1.36183812376644e-34
constant_head,34,pump_2,upstream_1,1.25389085183745e-08,1.01464847010854e-42
constant_head,35,pump_2,upstream_1,6.75049391185509e-06,1.82782818875715e-26
constant_head,36,pump_2,upstream_1,0.000276954757660822,5.84905020402288e-25
constant_head,37,pump_2,upstream_1,0.00254425652236018,9.35848032643661e-24
constant_head,38,pump_2,upstream_1,0.0104238749745496,4.46247116395789e-30
constant_head,39,pump_2,upstream_1,0.0299929074536902,0
constant_head,40,pump_2,upstream_1,0.0634812466791914,1.49735685224075e-22
constant_head,41,pump_2,upstream_1,0.124113500698203,2.99471370480835e-22
constant_head,42,pump_2,upstream_1,0.184478648028226,0
constant_head,43,pump_2,upstream_1,0.331555373531726,0
constant_head,44,pump_2,upstream_1,0.354434665921787,0
constant_head,45,pump_2,upstream_1,0.524556870289491,2.92452510201144e-25
constant_head,46,pump_2,upstream_1,2.21194361017885,4.79154192713554e-21
constant_head,47,pump_2,upstream_1,-10.9121469248461,1.91661677107734e-20
constant_head,48,pump_2,upstream_1,74.9795536525855,1.53329341668616e-19
constant_head,49,pump_2,upstream_1,-415.761727663189,0
constant_head,50,pump_2,upstream_1,2232.17545757142,4.9065389333868e-18
constant_head,51,pump_2,upstream_1,-11544.3832614485,1.96261557335472e-17
constant_head,52,pump_2,upstream_1,58515.8856868189,3.74339213057464e-23
constant_head,53,pump_2,upstream_1,-292319.935875942,1.49735685222986e-22
constant_head,54,pump_2,upstream_1,1445872.18630321,5.02429586778808e-15
constant_head,55,pump_2,upstream_1,-7100844.26499274,2.00971834711529e-14
constant_head,56,pump_2,upstream_1,34694592.2188787,0
constant_head,57,pump_2,upstream_1,-168882946.192542,0
constant_head,58,pump_2,upstream_1,819808746.776292,2.5724394843075e-12
constant_head,59,pump_2,upstream_1,-3971490013.59025,2.4532694666934e-18
constant_head,60,pump_2,upstream_1,19210395782.8062,0
constant_head,61,pump_2,upstream_1,-92817254379.0853,3.92523114670944e-17
constant_head,62,pump_2,upstream_1,448079207520.323,1.31708901596545e-09
constant_head,63,pump_2,upstream_1,-2161756436399.93,6.2803698347351e-16
constant_head,64,pump_2,upstream_1,10424455214828.8,2.10734242554476e-08
constant_head,65,pump_2,upstream_1,-50251145624549.8,8.42936970217905e-08
constant_head,66,pump_2,upstream_1,242171475233631,0
constant_head,67,pump_2,upstream_1,-1166845137778684,2.69739830469724e-06
constant_head,68,pump_2,upstream_1,5621319382647558,0
constant_head,69,pump_2,upstream_1,-27077858443510980,8.6316745750311e-05
constant_head,70,pump_2,upstream_1,130422808271450688,0
constant_head,71,pump_2,upstream_1,-628152515571962880,0.00138106793200498
constant_head,72,pump_2,upstream_1,3025212253588657152,0.0110485434560399
constant_head,73,pump_2,upstream_1,-14569040561674123264,0.0441941738241595
constant_head,74,pump_2,upstream_1,70160760692668375040,0.176776695296638
constant_head,75,pump_2,upstream_1,-3.37869336192453e+20,1.4142135623731
constant_head,76,pump_2,upstream_1,1.62703394880043e+21,0
constant_head,77,pump_2,upstream_1,-7.83500805766145e+21,22.6274169979695
constant_head,78,pump_2,upstream_1,3.77292799647162e+22,181.019335983756
constant_head,79,pump_2,upstream_1,-1.81683194196953e+23,362.038671967512
constant_head,80,pump_2,upstream_1,8.74880763951394e+23,1448.15468787005
constant_head,81,pump_2,upstream_1,-4.21290220703293e+24,0.00138106793200498
constant_head,82,pump_2,upstream_1,2.02867596752541e+25,92681.9000236832
constant_head,83,pump_2,upstream_1,-9.76884199542725e+25,185363.800047366
constant_head,84,pump_2,upstream_1,4.70405948555959e+26,2965820.80075787
constant_head,85,pump_2,upstream_1,-2.26517631827661e+27,5931641.60151576
constant_head,86,pump_2,upstream_1,1.09076409791994e+28,23726566.4060629
constant_head,87,pump_2,upstream_1,-5.25241904539502e+28,189812531.248503
constant_head,88,pump_2,upstream_1,2.5292262586974e+29,0
constant_head,89,pump_2,upstream_1,-1.21791178467244e+30,3037000499.97607
constant_head,90,pump_2,upstream_1,5.86467378749212e+30,24296003999.8084
constant_head,91,pump_2,upstream_1,-2.82404618492613e+31,0
constant_head,92,pump_2,upstream_1,1.3598770985387e+32,46340.9500118416
constant_head,93,pump_2,upstream_1,-6.54828348654279e+32,1554944255987.75
constant_head,94,pump_2,upstream_1,3.15322706525106e+33,6219777023950.95
constant_head,95,pump_2,upstream_1,-1.51838879092669e+34,0
constant_head,96,pump_2,upstream_1,7.31157114360099e+34,398065729532862
constant_head,97,pump_2,upstream_1,-3.52077615703298e+35,1592262918131446
constant_head,98,pump_2,upstream_1,1.69537629384712e+36,3184525836262977
constant_head,99,pump_2,upstream_1,-8.16382691402469e+36,25476206690103272
constant_head,100,pump_2,upstream_1,3.93116672848452e+37,101904826760412368
constant_head,101,pump_2,upstream_1,-1.89299354564779e+38,0
constant_head,102,pump_2,upstream_1,9.1154224128178e+38,1630477228166597888
constant_head,103,pump_2,upstream_1,-4.38939294715953e+39,1554944255987.74
constant_head,104,pump_2,upstream_1,2.11364536613384e+40,52175271301331501056
constant_head,105,pump_2,upstream_1,-1.01779375186528e+41,2.08701085205325e+20
constant_head,106,pump_2,upstream_1,4.90103086757501e+41,199032864766430
constant_head,107,pump_2,upstream_1,-2.36001679781719e+42,6.67843472657057e+21
constant_head,108,pump_2,upstream_1,1.13643015665355e+43,2.67137389062815e+22
constant_head,109,pump_2,upstream_1,-5.47230638574582e+43,1.06854955625129e+23
constant_head,110,pump_2,upstream_1,2.63510581584151e+44,8.54839645001015e+23
constant_head,111,pump_2,upstream_1,-1.26889508120286e+45,3.41935858000404e+24
constant_head,112,pump_2,upstream_1,6.11017104722678e+45,2.73548686400323e+25
constant_head,113,pump_2,upstream_1,-2.94225982623003e+46,13043817825332783104
constant_head,114,pump_2,upstream_1,1.41680041614187e+47,0
constant_head,115,pump_2,upstream_1,-6.82238665948035e+47,2.08701085205325e+20
constant_head,116,pump_2,upstream_1,3.28521640685134e+48,1.6696086816426e+21
constant_head,117,pump_2,upstream_1,-1.58194593433787e+49,2.80113854873939e+28
constant_head,118,pump_2,upstream_1,7.61761975163944e+49,2.24091083899145e+29
constant_head,119,pump_2,upstream_1,-3.66814879173472e+50,0
constant_head,120,pump_2,upstream_1,1.76634119268908e+51,0
constant_head,121,pump_2,upstream_1,-8.5055470374891e+51,1.43418293695457e+31
constant_head,122,pump_2,upstream_1,4.09571665452386e+52,1.36774343200161e+25
constant_head,123,pump_2,upstream_1,-1.97222998589193e+53,5.47097372800646e+25
constant_head,124,pump_2,upstream_1,9.49697316802007e+53,3.67150831860358e+33
constant_head,125,pump_2,upstream_1,-4.57312281012234e+54,1.75071159296207e+27
constant_head,126,pump_2,upstream_1,2.20211765014521e+55,1.17488266195315e+35
constant_head,127,pump_2,upstream_1,-1.06039622078614e+56,0
constant_head,128,pump_2,upstream_1,5.1061765250237e+56,9.39906129562518e+35
constant_head,129,pump_2,upstream_1,-2.45880154922304e+57,7.51924903650014e+36
constant_head,130,pump_2,upstream_1,1.1839984436132e+58,0
constant_head,131,pump_2,upstream_1,-5.7013642069572e+58,1.20307984584006e+38
constant_head,132,pump_2,upstream_1,2.74540511397268e+59,0
constant_head,133,pump_2,upstream_1,-1.32200802583699e+60,3.84985550668807e+39
constant_head,134,pump_2,upstream_1,6.36592833414902e+60,1.53994220267524e+40
constant_head,135,pump_2,upstream_1,-3.06541584948648e+61,6.15976881070092e+40
constant_head,136,pump_2,upstream_1,1.47610432242379e+62,0
constant_head,137,pump_2,upstream_1,-7.10795558469585e+62,0
constant_head,138,pump_2,upstream_1,3.42272777245397e+63,9.39906129562518e+35
constant_head,139,pump_2,upstream_1,-1.64816243781101e+64,3.15380163107896e+43
constant_head,140,pump_2,upstream_1,7.93647523847056e+64,2.52304130486311e+44
constant_head,141,pump_2,upstream_1,-3.82168879509863e+65,1.20307984584002e+38
constant_head,142,pump_2,upstream_1,1.84027604291946e+66,4.03686608778095e+45
constant_head,143,pump_2,upstream_1,-8.86156904896711e+66,3.84985550668807e+39
constant_head,144,pump_2,upstream_1,4.26715363229037e+67,1.29179714808991e+47
constant_head,145,pump_2,upstream_1,-2.05478285176716e+68,5.16718859235962e+47
constant_head,146,pump_2,upstream_1,9.89449392205274e+68,4.92781504856073e+41
constant_head,147,pump_2,upstream_1,-4.76454287562985e+69,8.26750174777563e+48
constant_head,148,pump_2,upstream_1,2.29429306769487e+70,0
constant_head,149,pump_2,upstream_1,-1.10478188944345e+71,2.64560055928814e+50
constant_head,150,pump_2,upstream_1,5.31990895334283e+71,2.5230413048631e+44
constant_head,151,pump_2,upstream_1,-2.56172114534882e+72,8.46592178972206e+51
constant_head,152,pump_2,upstream_1,1.23355780786504e+73,6.77273743177761e+52
constant_head,153,pump_2,upstream_1,-5.94000977861156e+73,1.35454748635552e+53
constant_head,154,pump_2,upstream_1,2.86032125491286e+74,5.41818994542223e+53
constant_head,155,pump_2,upstream_1,-1.37734414356784e+75,4.33455195633766e+54
constant_head,156,pump_2,upstream_1,6.63239098252415e+75,0
constant_head,157,pump_2,upstream_1,-3.1937268801333e+76,6.93528313014046e+55
constant_head,158,pump_2,upstream_1,1.53789054531946e+77,0
constant_head,159,pump_2,upstream_1,-7.40547773228579e+77,2.64560055928812e+50
constant_head,160,pump_2,upstream_1,3.56599503197995e+78,8.87716240657954e+57
constant_head,161,pump_2,upstream_1,-1.71715060497259e+79,8.465921789722e+51
constant_head,162,pump_2,upstream_1,8.26867725197181e+79,2.84069197010547e+59
constant_head,163,pump_2,upstream_1,-3.98165561595387e+80,1.13627678804218e+60
constant_head,164,pump_2,upstream_1,1.91730562954024e+81,9.09021430433746e+60
constant_head,165,pump_2,upstream_1,-9.23249329333586e+81,1.81804286086754e+61
constant_head,166,pump_2,upstream_1,4.4457665537618e+82,1.45443428869399e+62
constant_head,167,pump_2,upstream_1,-2.1407911841987e+83,5.81773715477596e+62
constant_head,168,pump_2,upstream_1,1.03086539495983e+84,6.98128458573116e+63
constant_head,169,pump_2,upstream_1,-4.96397533009948e+84,9.30837944764154e+63
constant_head,170,pump_2,upstream_1,2.39032672920375e+85,1.77543248131591e+58
constant_head,171,pump_2,upstream_1,-1.15102543675038e+86,3.55086496263181e+58
constant_head,172,pump_2,upstream_1,5.54258771347016e+86,2.84069197010545e+59
constant_head,173,pump_2,upstream_1,-2.66894871135439e+87,1.42976708315775e+67
constant_head,174,pump_2,upstream_1,1.28519160942253e+88,3.81271222175398e+67
constant_head,175,pump_2,upstream_1,-6.18864448725918e+88,0
constant_head,176,pump_2,upstream_1,2.98004751267341e+89,1.22006791096128e+69
constant_head,177,pump_2,upstream_1,-1.43499649981089e+90,4.88027164384509e+69
constant_head,178,pump_2,upstream_1,6.91000712475957e+90,3.90421731507607e+70
constant_head,179,pump_2,upstream_1,-3.32740870591114e+91,7.8084346301522e+70
constant_head,180,pump_2,upstream_1,1.60226299282703e+92,0
constant_head,181,pump_2,upstream_1,-7.71545345067564e+92,4.99739816329737e+72
constant_head,182,pump_2,upstream_1,3.71525911888606e+93,1.19147256929812e+66
constant_head,183,pump_2,upstream_1,-1.7890264530411e+94,4.76589027719247e+66
constant_head,184,pump_2,upstream_1,8.61478445315128e+94,3.19833482451034e+74
constant_head,185,pump_2,upstream_1,-4.14831826819009e+95,1.27933392980413e+75
constant_head,186,pump_2,upstream_1,1.99755949179957e+96,6.10033955480636e+68
constant_head,187,pump_2,upstream_1,-9.61894354605407e+96,4.09386857537321e+76
constant_head,188,pump_2,upstream_1,4.63185578812586e+97,0
constant_head,189,pump_2,upstream_1,-2.2303996212553e+98,6.55018972059718e+77
constant_head,190,pump_2,upstream_1,1.0740149732746e+99,3.12337385206086e+71
constant_head,191,pump_2,upstream_1,-5.17175555369235e+99,1.04803035529554e+79
constant_head,192,pump_2,upstream_1,2.49038013181489e+100,4.19212142118216e+79
constant_head,193,pump_2,upstream_1,-1.19920462917287e+101,0
constant_head,194,pump_2,upstream_1,5.77458727789327e+101,2.68295770955658e+81
constant_head,195,pump_2,upstream_1,-2.78066456873224e+102,1.07318308382263e+82
constant_head,196,pump_2,upstream_1,1.33898667934303e+103,4.29273233529057e+82
constant_head,197,pump_2,upstream_1,-6.44768645459278e+103,0
constant_head,198,pump_2,upstream_1,3.10478522737332e+104,1.63754743014928e+77
constant_head,199,pump_2,upstream_1,-1.49506204682908e+105,6.55018972059713e+77
constant_head,200,pump_2,upstream_1,7.19924361969399e+105,2.19787895566875e+85
constant_head,201,pump_2,upstream_1,-3.46668613557748e+106,8.79151582267502e+85
constant_head,202,pump_2,upstream_1,1.66932991817772e+107,0
constant_head,203,pump_2,upstream_1,-8.03840401680615e+107,1.40664253162804e+87
constant_head,204,pump_2,upstream_1,3.87077104614174e+108,1.1253140253024e+88
constant_head,205,pump_2,upstream_1,-1.86391085348835e+109,4.50125610120964e+88
constant_head,206,pump_2,upstream_1,8.97537888017074e+109,1.80050244048384e+89
constant_head,207,pump_2,upstream_1,-4.32195702341935e+110,7.20200976193537e+89
constant_head,208,pump_2,upstream_1,2.08117259022366e+111,5.7616078095483e+90
constant_head,209,pump_2,upstream_1,-1.00215696889822e+112,2.30464312381932e+91
constant_head,210,pump_2,upstream_1,4.82573427609542e+112,9.21857249527754e+91
constant_head,211,pump_2,upstream_1,-2.32375885477151e+113,1.47497159924436e+93
constant_head,212,pump_2,upstream_1,1.11897069050768e+114,2.94994319848873e+93
constant_head,213,pump_2,upstream_1,-5.38823296420893e+114,1.17997727939553e+94
constant_head,214,pump_2,upstream_1,2.5946215323491e+115,1.1253140253024e+88
constant_head,215,pump_2,upstream_1,-1.24940048822073e+116,3.7759272940656e+95
constant_head,216,pump_2,upstream_1,6.01629779335449e+116,1.51037091762624e+96
constant_head,217,pump_2,upstream_1,-2.89705658670491e+117,1.44040195238707e+90
constant_head,218,pump_2,upstream_1,1.39503348318978e+118,0
constant_head,219,pump_2,upstream_1,-6.71757130375601e+118,1.93327477456157e+98
constant_head,220,pump_2,upstream_1,3.23474416670379e+119,7.73309909824635e+98
constant_head,221,pump_2,upstream_1,-1.55764179505974e+120,3.09323963929861e+99
constant_head,222,pump_2,upstream_1,7.50058686770667e+120,0
constant_head,223,pump_2,upstream_1,-3.61179338782804e+121,9.89836684575526e+100
constant_head,224,pump_2,upstream_1,1.73920410581777e+122,3.95934673830213e+101
constant_head,225,pump_2,upstream_1,-8.37487252700359e+122,3.77592729406557e+95
constant_head,226,pump_2,upstream_1,4.03279233351285e+123,1.26699095625667e+103
constant_head,227,pump_2,upstream_1,-1.94192973717521e+124,0
constant_head,228,pump_2,upstream_1,9.35106693391389e+124,4.05437106002138e+104
constant_head,229,pump_2,upstream_1,-4.50286388475288e+125,8.10874212004271e+104
constant_head,230,pump_2,upstream_1,2.16828553446416e+126,1.54661981964926e+99
constant_head,231,pump_2,upstream_1,-1.04410488064854e+127,2.59479747841367e+106
constant_head,232,pump_2,upstream_1,5.02772805733596e+127,0
constant_head,233,pump_2,upstream_1,-2.42102588418335e+128,8.30335193092373e+107
constant_head,234,pump_2,upstream_1,1.1658081473467e+129,3.9593467383021e+101
constant_head,235,pump_2,upstream_1,-5.61377160524825e+129,1.58373869532084e+102
constant_head,236,pump_2,upstream_1,2.7032262304579e+130,5.31414523579134e+109
constant_head,237,pump_2,upstream_1,-1.30169742677169e+131,0
constant_head,238,pump_2,upstream_1,6.26812573721226e+131,0
constant_head,239,pump_2,upstream_1,-3.01832049825462e+132,1.62174842400854e+105
constant_head,240,pump_2,upstream_1,1.45342627319978e+133,0
constant_head,241,pump_2,upstream_1,-6.99875289204355e+133,2.17667388858007e+113
constant_head,242,pump_2,upstream_1,3.3701428787338e+134,8.70669555432028e+113
constant_head,243,pump_2,upstream_1,-1.62284098299744e+135,3.48267822172821e+114
constant_head,244,pump_2,upstream_1,7.81454362874243e+135,1.39307128869125e+115
constant_head,245,pump_2,upstream_1,-3.76297448519731e+136,1.114457030953e+116
constant_head,246,pump_2,upstream_1,1.81200306108276e+137,4.45782812381202e+116
constant_head,247,pump_2,upstream_1,-8.72542481031766e+137,1.78313124952479e+117
constant_head,248,pump_2,upstream_1,4.20159544736166e+138,7.13252499809918e+117
constant_head,249,pump_2,upstream_1,-2.0232143061293e+139,1.14120399969587e+119
constant_head,250,pump_2,upstream_1,9.74248039776579e+139,0
constant_head,251,pump_2,upstream_1,-4.69134307785901e+140,9.1296319975672e+119
constant_head,252,pump_2,upstream_1,2.25904481975894e+141,1.46074111961071e+121
constant_head,253,pump_2,upstream_1,-1.08780863240738e+142,5.84296447844285e+121
constant_head,254,pump_2,upstream_1,5.23817681875958e+142,1.16859289568858e+122
constant_head,255,pump_2,upstream_1,-2.52236428055065e+143,4.67437158275441e+122
constant_head,256,pump_2,upstream_1,1.21460610894469e+144,4.45782812381198e+116
constant_head,257,pump_2,upstream_1,-5.84875075841026e+144,1.49579890648141e+124
constant_head,258,pump_2,upstream_1,2.81637686342004e+145,0
constant_head,259,pump_2,upstream_1,-1.35618339102617e+146,2.39327825037019e+125
constant_head,260,pump_2,upstream_1,6.53049460100233e+146,3.82924520059231e+126
constant_head,261,pump_2,upstream_1,-3.14466022928144e+147,0
constant_head,262,pump_2,upstream_1,1.5142632467848e+148,0
constant_head,263,pump_2,upstream_1,-7.29170407413842e+148,2.92148223922142e+121
constant_head,264,pump_2,upstream_1,3.51120905943532e+149,1.96057354270326e+129
constant_head,265,pump_2,upstream_1,-1.69076925417018e+150,3.92114708540655e+129
constant_head,266,pump_2,upstream_1,8.14164187451406e+150,3.13691766832524e+130
constant_head,267,pump_2,upstream_1,-3.92048366442375e+151,2.50953413466017e+131
constant_head,268,pump_2,upstream_1,1.88784920780255e+152,5.01906826932038e+131
constant_head,269,pump_2,upstream_1,-9.09065038005854e+152,2.00762730772819e+132
constant_head,270,pump_2,upstream_1,4.3774642588457e+153,1.60610184618251e+133
constant_head,271,pump_2,upstream_1,-2.10790125418379e+154,1.28488147694601e+134
constant_head,272,pump_2,upstream_1,1.01502775000641e+155,2.56976295389202e+134
constant_head,273,pump_2,upstream_1,-4.88771156257036e+155,1.02790518155681e+135
constant_head,274,pump_2,upstream_1,2.3536030732887e+156,4.11162072622722e+135
constant_head,275,pump_2,upstream_1,-1.13334171946942e+157,3.92114708540652e+129
constant_head,276,pump_2,upstream_1,5.45743446576618e+157,1.31571863239271e+137
constant_head,277,pump_2,upstream_1,-2.62794446162946e+158,1.05257490591418e+138
constant_head,278,pump_2,upstream_1,1.26544663737696e+159,5.01906826932034e+131
constant_head,279,pump_2,upstream_1,-6.09356558112243e+159,1.68411984946268e+139
constant_head,280,pump_2,upstream_1,2.93426371327728e+160,6.73647939785068e+139
constant_head,281,pump_2,upstream_1,-1.41295000840377e+161,0
constant_head,282,pump_2,upstream_1,6.80384560261082e+161,2.15567340731222e+141
constant_head,283,pump_2,upstream_1,-3.27628824153968e+162,8.62269362924894e+141
constant_head,284,pump_2,upstream_1,1.57764671166733e+163,3.44907745169955e+142
constant_head,285,pump_2,upstream_1,-7.5969174972988e+163,1.37963098067986e+143
constant_head,286,pump_2,upstream_1,3.65817993559353e+164,2.63143726478542e+137
constant_head,287,pump_2,upstream_1,-1.76154084152387e+165,4.41481913817546e+144
constant_head,288,pump_2,upstream_1,8.48243167637724e+165,1.76592765527022e+145
constant_head,289,pump_2,upstream_1,-4.08458580399214e+166,7.06371062108088e+145
constant_head,290,pump_2,upstream_1,1.96687009417798e+167,6.73647939785068e+139
constant_head,291,pump_2,upstream_1,-9.4711634251645e+167,4.52077479749164e+147
constant_head,292,pump_2,upstream_1,4.56069452129547e+168,2.15567340731222e+141
constant_head,293,pump_2,upstream_1,-2.19613299685125e+169,3.61661983799331e+148
constant_head,294,pump_2,upstream_1,1.05751440210227e+170,2.89329587039465e+149
constant_head,295,pump_2,upstream_1,-5.09229956590589e+170,2.31463669631572e+150
constant_head,296,pump_2,upstream_1,2.45211931084579e+171,4.62927339263157e+150
constant_head,297,pump_2,upstream_1,-1.18078071346795e+172,3.70341871410517e+151
constant_head,298,pump_2,upstream_1,5.68586971739554e+172,1.48136748564206e+152
constant_head,299,pump_2,upstream_1,-2.73794397845852e+173,5.92546994256824e+152
constant_head,300,pump_2,upstream_1,1.31841522964249e+174,2.37018797702729e+153
constant_head,301,pump_2,upstream_1,-6.34862777116386e+174,Inf
constant_head,302,pump_2,upstream_1,3.05708502682589e+175,9.04154959498327e+147
constant_head,303,pump_2,upstream_1,-1.47209274163034e+176,Inf
constant_head,304,pump_2,upstream_1,7.0886384282571e+176,Inf
constant_head,305,pump_2,upstream_1,-3.41342588992816e+177,Inf
constant_head,306,pump_2,upstream_1,1.64368325792808e+178,4.62927339263143e+150
constant_head,307,pump_2,upstream_1,-7.91490642982714e+178,Inf
constant_head,308,pump_2,upstream_1,3.81130266374351e+179,Inf
constant_head,309,pump_2,upstream_1,-1.83527475952432e+180,Inf
constant_head,310,pump_2,upstream_1,8.83748613036859e+180,Inf
constant_head,311,pump_2,upstream_1,-4.25555686957195e+181,Inf
constant_head,312,pump_2,upstream_1,2.04919860727473e+182,Inf
constant_head,313,pump_2,upstream_1,-9.86760384306441e+182,Inf
constant_head,314,pump_2,upstream_1,4.75159436757341e+183,0
constant_head,315,pump_2,upstream_1,-2.2880579108194e+184,Inf
constant_head,316,pump_2,upstream_1,1.10177944459868e+185,0
constant_head,317,pump_2,upstream_1,-5.30545113740342e+185,Inf
constant_head,318,pump_2,upstream_1,2.55475920424601e+186,Inf
constant_head,319,pump_2,upstream_1,-1.23020539114305e+187,Inf
constant_head,320,pump_2,upstream_1,5.92386672639113e+187,Inf
constant_head,321,pump_2,upstream_1,-2.85254781394166e+188,Inf
constant_head,322,pump_2,upstream_1,1.37360096144172e+189,Inf
constant_head,323,pump_2,upstream_1,-6.61436625900567e+189,0
constant_head,324,pump_2,upstream_1,3.18504734900251e+190,0
constant_head,325,pump_2,upstream_1,-1.53371104927487e+191,Inf
constant_head,326,pump_2,upstream_1,7.38535200553459e+191,Inf
constant_head,327,pump_2,upstream_1,-3.55630379473646e+192,Inf
constant_head,328,pump_2,upstream_1,1.71248393725567e+193,0
constant_head,329,pump_2,upstream_1,-8.24620562421887e+193,Inf
constant_head,330,pump_2,upstream_1,3.97083474580624e+194,Inf
constant_head,331,pump_2,upstream_1,-1.91209500430031e+195,0
constant_head,332,pump_2,upstream_1,9.20740232096443e+195,Inf
constant_head,333,pump_2,upstream_1,-4.4336843781004e+196,Inf
constant_head,334,pump_2,upstream_1,2.1349731964957e+197,Inf
constant_head,335,pump_2,upstream_1,-1.02806383157747e+198,Inf
constant_head,336,pump_2,upstream_1,4.95048482825242e+198,Inf
constant_head,337,pump_2,upstream_1,-2.38383058347196e+199,Inf
constant_head,338,pump_2,upstream_1,1.14789731669622e+200,Inf
constant_head,339,pump_2,upstream_1,-5.52752472769791e+200,Inf
constant_head,340,pump_2,upstream_1,2.66169535993416e+201,0
constant_head,341,pump_2,upstream_1,-1.28169886849979e+202,Inf
constant_head,342,pump_2,upstream_1,6.17182572521852e+202,0
constant_head,343,pump_2,upstream_1,-2.97194869392797e+203,Inf
constant_head,344,pump_2,upstream_1,1.43109663697245e+204,0
constant_head,345,pump_2,upstream_1,-6.89122792913019e+204,Inf
constant_head,346,pump_2,upstream_1,3.31836587022447e+205,0
constant_head,347,pump_2,upstream_1,-1.59790855300596e+206,Inf
constant_head,348,pump_2,upstream_1,7.69448530880917e+206,Inf
constant_head,349,pump_2,upstream_1,-3.70516222947204e+207,Inf
constant_head,350,pump_2,upstream_1,1.7841644496987e+208,Inf
constant_head,351,pump_2,upstream_1,-8.59137221643943e+208,Inf
constant_head,352,pump_2,upstream_1,4.13704446212185e+209,Inf
constant_head,353,pump_2,upstream_1,-1.99213076216437e+210,Inf
constant_head,354,pump_2,upstream_1,9.59280232517999e+210,Inf
constant_head,355,pump_2,upstream_1,-4.61926788129111e+211,Inf
constant_head,356,pump_2,upstream_1,2.22433810640704e+212,Inf
constant_head,357,pump_2,upstream_1,-1.07109614310386e+213,Inf
constant_head,358,pump_2,upstream_1,5.15770037148311e+213,Inf
constant_head,359,pump_2,upstream_1,-2.48361207285365e+214,Inf
constant_head,360,pump_2,upstream_1,1.19594557344374e+215,0
constant_head,361,pump_2,upstream_1,-5.75889379131701e+215,Inf
constant_head,362,pump_2,upstream_1,2.77310760925105e+216,Inf
constant_head,363,pump_2,upstream_1,-1.33534774058187e+217,0
constant_head,364,pump_2,upstream_1,6.43016369912416e+217,Inf
constant_head,365,pump_2,upstream_1,-3.09634741131306e+218,0
constant_head,1,pump_2,upstream_2,0,0
constant_head,2,pump_2,upstream_2,0,0
constant_head,3,pump_2,upstream_2,0,0
constant_head,4,pump_2,upstream_2,0,0
constant_head,5,pump_2,upstream_2,0,0
constant_head,6,pump_2,upstream_2,0,0
constant_head,7,pump_2,upstream_2,0,0
constant_head,8,pump_2,upstream_2,0,0
constant_head,9,pump_2,upstream_2,0,0
constant_head,10,pump_2,upstream_2,0,0
constant_head,11,pump_2,upstream_2,0,0
constant_head,12,pump_2,upstream_2,0,0
constant_head,13,pump_2,upstream_2,0,0
constant_head,14,pump_2,upstream_2,0,0
constant_head,15,pump_2,upstream_2,0,0
constant_head,16,pump_2,upstream_2,0,0
constant_head,17,pump_2,upstream_2,0,0
constant_head,18,pump_2,upstream_2,0,0
constant_head,19,pump_2,upstream_2,0,0
constant_head,20,pump_2,upstream_2,0,0
constant_head,21,pump_2,upstream_2,0,0
constant_head,22,pump_2,upstream_2,0,0
constant_head,23,pump_2,upstream_2,0,0
constant_head,24,pump_2,upstream_2,0,0
constant_head,25,pump_2,upstream_2,0,0
constant_head,26,pump_2,upstream_2,0,0
constant_head,27,pump_2,upstream_2,0,0
constant_head,28,pump_2,upstream_2,0,0
constant_head,29,pump_2,upstream_2,0,0
constant_head,30,pump_2,upstream_2,0,0
constant_head,31,pump_2,upstream_2,0,0
constant_head,32,pump_2,upstream_2,-7.45196932736151e-20,2.59961979138096e-40
constant_head,33,pump_2,upstream_2,-8.94813789304254e-13,4.83822093061706e-49
constant_head,34,pump_2,upstream_2,-3.27787328559749e-08,1.42799077246652e-28
constant_head,35,pump_2,upstream_2,-9.53743803857611e-06,0
constant_head,36,pump_2,upstream_2,-0.000374572065051499,5.44735249506578e-34
constant_head,37,pump_2,upstream_2,-0.00379796532592022,1.39452223873684e-31
constant_head,38,pump_2,upstream_2,-0.0126901172023511,3.74339213057464e-23
constant_head,39,pump_2,upstream_2,-0.0450722820494181,7.48678426114929e-23
constant_head,40,pump_2,upstream_2,-0.0450906204968813,7.48678426114929e-23
constant_head,41,pump_2,upstream_2,-0.319790100934977,9.13914094378575e-27
constant_head,42,pump_2,upstream_2,0.629648314236066,1.19788548234169e-21
constant_head,43,pump_2,upstream_2,-4.55121903744519,0
constant_head,44,pump_2,upstream_2,20.0384239419652,0
constant_head,45,pump_2,upstream_2,-100.207122972672,5.84905020402288e-25
constant_head,46,pump_2,upstream_2,481.826780102347,1.16981004080458e-24
constant_head,47,pump_2,upstream_2,-2335.85640837772,4.90653893338694e-18
constant_head,48,pump_2,upstream_2,11282.1034237474,3.92523114670944e-17
constant_head,49,pump_2,upstream_2,-54478.3449987199,1.57009245868379e-16
constant_head,50,pump_2,upstream_2,262847.043584533,6.28036983473528e-16
constant_head,51,pump_2,upstream_2,-1267602.22886505,2.51214793389411e-15
constant_head,52,pump_2,upstream_2,6110792.87879353,2.39577096356777e-21
constant_head,53,pump_2,upstream_2,-29450441.3040832,0
constant_head,54,pump_2,upstream_2,141904062.80601,3.21554935538437e-13
constant_head,55,pump_2,upstream_2,-683643247.942046,0
constant_head,56,pump_2,upstream_2,3293160074.01848,1.02897579372301e-11
constant_head,57,pump_2,upstream_2,-15861985242.2636,4.9065389333868e-18
constant_head,58,pump_2,upstream_2,76396455975.6927,1.64636126995685e-10
constant_head,59,pump_2,upstream_2,-367931573266.07,6.58544507982719e-10
constant_head,60,pump_2,upstream_2,1771921556052.36,0
constant_head,61,pump_2,upstream_2,-8533154018167.86,2.1073424255447e-08
constant_head,62,pump_2,upstream_2,41092768021539.3,0
constant_head,63,pump_2,upstream_2,-197885616655023,3.37174788087162e-07
constant_head,64,pump_2,upstream_2,952923004208219,0
constant_head,65,pump_2,upstream_2,-4588782207076338,1.28621974215375e-12
constant_head,66,pump_2,upstream_2,22097040445848632,0
constant_head,67,pump_2,upstream_2,-106406594020347856,0.000345266983001246
constant_head,68,pump_2,upstream_2,512390764851815296,0.00138106793200501
constant_head,69,pump_2,upstream_2,-2467361487142715904,0
constant_head,70,pump_2,upstream_2,1.1881282419117e+19,0.0220970869120802
constant_head,71,pump_2,upstream_2,-57212792008517459978,2.1073424255447e-08
constant_head,72,pump_2,upstream_2,2.75500522718508e+20,0.707106781186553
constant_head,73,pump_2,upstream_2,-1.3266345632945e+21,6.74349576174305e-07
constant_head,74,pump_2,upstream_2,6.38822029987158e+21,11.3137084989851
constant_head,75,pump_2,upstream_2,-3.07615512439547e+22,90.5096679918781
constant_head,76,pump_2,upstream_2,1.48127743808904e+23,362.038671967515
constant_head,77,pump_2,upstream_2,-7.13287238743689e+23,1448.15468787005
constant_head,78,pump_2,upstream_2,3.43472841626285e+24,0
constant_head,79,pump_2,upstream_2,-1.65394201149614e+25,0
constant_head,80,pump_2,upstream_2,7.96430896106567e+25,185363.800047366
constant_head,81,pump_2,upstream_2,-3.83509281071474e+26,1482910.40037894
constant_head,82,pump_2,upstream_2,1.8467309446862e+27,0.707106781186548
constant_head,83,pump_2,upstream_2,-8.89265310208417e+27,2.82842712474619
constant_head,84,pump_2,upstream_2,4.28212221229746e+28,11.3137084989848
constant_head,85,pump_2,upstream_2,-2.06199093461332e+29,379625062.497006
constant_head,86,pump_2,upstream_2,9.92920403945222e+29,3037000499.97605
constant_head,87,pump_2,upstream_2,-4.78125725477319e+30,1448.15468787005
constant_head,88,pump_2,upstream_2,2.30234171323816e+31,48592007999.6168
constant_head,89,pump_2,upstream_2,-1.10865762502501e+32,46340.9500118416
constant_head,90,pump_2,upstream_2,5.3385720869468e+32,1554944255987.75
constant_head,91,pump_2,upstream_2,-2.57070813627413e+33,741455.200189465
constant_head,92,pump_2,upstream_2,1.23788537211663e+34,0
constant_head,93,pump_2,upstream_2,-5.96084856185866e+34,23726566.4060629
constant_head,94,pump_2,upstream_2,2.87035587415126e+35,0
constant_head,95,pump_2,upstream_2,-1.3821761690796e+36,3184525836262909
constant_head,96,pump_2,upstream_2,6.65565889244786e+36,0
constant_head,97,pump_2,upstream_2,-3.20493119757408e+37,0
constant_head,98,pump_2,upstream_2,1.54328581729196e+38,407619307041661056
constant_head,99,pump_2,upstream_2,-7.43145785565745e+38,1630477228166597888
constant_head,100,pump_2,upstream_2,3.57850536939355e+39,13043817825332783104
constant_head,101,pump_2,upstream_2,-1.72317476912362e+40,6219777023950.95
constant_head,102,pump_2,upstream_2,8.29768570315628e+40,0
constant_head,103,pump_2,upstream_2,-3.99562419608182e+41,0
constant_head,104,pump_2,upstream_2,1.92403198738468e+42,0
constant_head,105,pump_2,upstream_2,-9.26488304813517e+42,2.67137389062815e+22
constant_head,106,pump_2,upstream_2,4.46136334800122e+43,1.06854955625127e+23
constant_head,107,pump_2,upstream_2,-2.1483015833362e+44,4.27419822500517e+23
constant_head,108,pump_2,upstream_2,1.03448191343372e+45,1.70967929000207e+24
constant_head,109,pump_2,upstream_2,-4.9813901245861e+45,0
constant_head,110,pump_2,upstream_2,2.39871255847731e+46,0
constant_head,111,pump_2,upstream_2,-1.15506350520337e+47,2.18838949120265e+26
constant_head,112,pump_2,upstream_2,5.56203241742725e+47,1.75071159296208e+27
constant_head,113,pump_2,upstream_2,-2.67831201252779e+48,8.34804340821298e+20
constant_head,114,pump_2,upstream_2,1.28970036454984e+49,2.80113854873939e+28
constant_head,115,pump_2,upstream_2,-6.21035571109679e+49,1.12045541949572e+29
constant_head,116,pump_2,upstream_2,2.99050222193602e+50,1.06854955625126e+23
constant_head,117,pump_2,upstream_2,-1.44003080586745e+51,0
constant_head,118,pump_2,upstream_2,6.93424905900764e+51,0
constant_head,119,pump_2,upstream_2,-3.33908204021316e+52,5.7367317478181e+31
constant_head,120,pump_2,upstream_2,1.60788410920645e+53,5.47097372800646e+25
constant_head,121,pump_2,upstream_2,-7.74252108064643e+53,1.83575415930181e+33
constant_head,122,pump_2,upstream_2,3.72829312392371e+54,7.34301663720738e+33
constant_head,123,pump_2,upstream_2,-1.7953027796894e+55,0
constant_head,124,pump_2,upstream_2,8.6450071483837e+55,2.34976532390636e+35
constant_head,125,pump_2,upstream_2,-4.16287154685459e+56,9.39906129562524e+35
constant_head,126,pump_2,upstream_2,2.00456740152575e+57,7.51924903650019e+36
constant_head,127,pump_2,upstream_2,-9.65268906818677e+57,3.58545734238631e+30
constant_head,128,pump_2,upstream_2,4.64810543043654e+58,2.86836587390905e+31
constant_head,129,pump_2,upstream_2,-2.23822438906236e+59,4.81231938336009e+38
constant_head,130,pump_2,upstream_2,1.07778287105736e+60,3.8498555066881e+39
constant_head,131,pump_2,upstream_2,-5.1898992916934e+60,0
constant_head,132,pump_2,upstream_2,2.4991169725581e+61,6.15976881070096e+40
constant_head,133,pump_2,upstream_2,-1.2034117217889e+62,4.92781504856073e+41
constant_head,134,pump_2,upstream_2,5.79484589173318e+62,9.85563009712175e+41
constant_head,135,pump_2,upstream_2,-2.79041979573029e+63,7.88450407769723e+42
constant_head,136,pump_2,upstream_2,1.34368416035211e+64,3.15380163107889e+43
constant_head,137,pump_2,upstream_2,-6.47030645906313e+64,3.00769961460006e+37
constant_head,138,pump_2,upstream_2,3.11567754607029e+65,1.00921652194525e+45
constant_head,139,pump_2,upstream_2,-1.50030707703019e+66,4.03686608778095e+45
constant_head,140,pump_2,upstream_2,7.2245002639181e+66,1.92492775334404e+39
constant_head,141,pump_2,upstream_2,-3.47884808799729e+67,6.45898574044971e+46
constant_head,142,pump_2,upstream_2,1.67518632116415e+68,5.16718859235966e+47
constant_head,143,pump_2,upstream_2,-8.06660463357849e+68,2.06687543694386e+48
constant_head,144,pump_2,upstream_2,3.88435062371154e+69,8.26750174777563e+48
constant_head,145,pump_2,upstream_2,-1.87044989227827e+70,7.88450407769717e+42
constant_head,146,pump_2,upstream_2,9.00686662570344e+70,2.64560055928812e+50
constant_head,147,pump_2,upstream_2,-4.33711946778746e+71,0
constant_head,148,pump_2,upstream_2,2.08847383441652e+72,4.232960894861e+51
constant_head,149,pump_2,upstream_2,-1.00567277185646e+73,1.6931843579444e+52
constant_head,150,pump_2,upstream_2,4.84266408985689e+73,0
constant_head,151,pump_2,upstream_2,-2.33191114878237e+74,0
constant_head,152,pump_2,upstream_2,1.12289630354605e+75,5.16718859235962e+47
constant_head,153,pump_2,upstream_2,-5.40713615600568e+75,1.73382078253508e+55
constant_head,154,pump_2,upstream_2,2.60372407650239e+76,1.65350034955508e+49
constant_head,155,pump_2,upstream_2,-1.25378367974485e+77,5.54822650411221e+56
constant_head,156,pump_2,upstream_2,6.03740438466961e+77,2.64560055928812e+50
constant_head,157,pump_2,upstream_2,-2.90722014434306e+78,0
constant_head,158,pump_2,upstream_2,1.39992758960051e+79,3.55086496263192e+58
constant_head,159,pump_2,upstream_2,-6.74113812790585e+79,2.84069197010545e+59
constant_head,160,pump_2,upstream_2,3.24609241199925e+80,5.68138394021106e+59
constant_head,161,pump_2,upstream_2,-1.56310636977149e+81,5.41818994542208e+53
constant_head,162,pump_2,upstream_2,7.52690069508956e+81,2.16727597816883e+54
constant_head,163,pump_2,upstream_2,-3.6244644106992e+82,7.27217144347016e+61
constant_head,164,pump_2,upstream_2,1.74530564392796e+83,2.90886857738806e+62
constant_head,165,pump_2,upstream_2,-8.40425355463532e+83,2.7741132520561e+56
constant_head,166,pump_2,upstream_2,4.0469403199567e+84,1.10964530082244e+57
constant_head,167,pump_2,upstream_2,-1.94874248460271e+85,8.87716240657954e+57
constant_head,168,pump_2,upstream_2,9.38387268171081e+85,2.97868142324529e+65
constant_head,169,pump_2,upstream_2,-4.51866099304088e+86,1.19147256929813e+66
constant_head,170,pump_2,upstream_2,2.17589239140302e+87,4.7658902771925e+66
constant_head,171,pump_2,upstream_2,-1.04776784677078e+88,1.90635611087704e+67
constant_head,172,pump_2,upstream_2,5.04536651290371e+88,1.81804286086749e+61
constant_head,173,pump_2,upstream_2,-2.42951941386489e+89,0
constant_head,174,pump_2,upstream_2,1.16989807722598e+90,0
constant_head,175,pump_2,upstream_2,-5.63346603977027e+90,1.95210865753805e+70
constant_head,176,pump_2,upstream_2,2.71270978549654e+91,7.80843463015214e+70
constant_head,177,pump_2,upstream_2,-1.30626408828565e+92,3.72335177905662e+64
constant_head,178,pump_2,upstream_2,6.29011580032481e+92,1.24934954082438e+72
constant_head,179,pump_2,upstream_2,-3.02890947828335e+93,4.99739816329737e+72
constant_head,180,pump_2,upstream_2,1.45852523528438e+94,7.99583706127581e+73
constant_head,181,pump_2,upstream_2,-7.0233061674957e+94,1.90635611087699e+67
constant_head,182,pump_2,upstream_2,3.38196613463225e+95,6.39666964902082e+74
constant_head,183,pump_2,upstream_2,-1.62853429183165e+96,0
constant_head,184,pump_2,upstream_2,7.84195889046059e+96,0
constant_head,185,pump_2,upstream_2,-3.77617588700006e+97,0
constant_head,186,pump_2,upstream_2,1.81835999509087e+98,0
constant_head,187,pump_2,upstream_2,-8.75603565800436e+98,0
constant_head,188,pump_2,upstream_2,4.21633563492539e+99,1.04803035529554e+79
constant_head,189,pump_2,upstream_2,-2.03031221898809e+100,9.99479632659474e+72
constant_head,190,pump_2,upstream_2,9.77665931627214e+100,3.9979185306379e+73
constant_head,191,pump_2,upstream_2,-4.70780141559162e+101,1.3414788547783e+81
constant_head,192,pump_2,upstream_2,2.26697008166768e+102,6.39666964902064e+74
constant_head,193,pump_2,upstream_2,-1.09162492159422e+103,2.14636616764533e+82
constant_head,194,pump_2,upstream_2,5.25655357819704e+103,1.71709293411623e+83
constant_head,195,pump_2,upstream_2,-2.53121332921779e+104,0
constant_head,196,pump_2,upstream_2,1.21886723357767e+105,2.74734869458594e+84
constant_head,197,pump_2,upstream_2,-5.86926955519935e+105,1.09893947783438e+85
constant_head,198,pump_2,upstream_2,2.82625737755506e+106,8.79151582267508e+85
constant_head,199,pump_2,upstream_2,-1.36094120214813e+107,3.51660632907003e+86
constant_head,200,pump_2,upstream_2,6.55340511594403e+107,1.40664253162804e+87
constant_head,201,pump_2,upstream_2,-3.15569243887195e+108,5.62657012651201e+87
constant_head,202,pump_2,upstream_2,1.51957563931542e+109,5.36591541911317e+81
constant_head,203,pump_2,upstream_2,-7.31728509140232e+109,1.80050244048384e+89
constant_head,204,pump_2,upstream_2,3.52352720875284e+110,7.20200976193537e+89
constant_head,205,pump_2,upstream_2,-1.69670087139413e+111,0
constant_head,206,pump_2,upstream_2,8.17020467399357e+111,0
constant_head,207,pump_2,upstream_2,-3.93423764556084e+112,0
constant_head,208,pump_2,upstream_2,1.89447222797448e+113,0
constant_head,209,pump_2,upstream_2,-9.12254252514772e+113,3.51660632907001e+86
constant_head,210,pump_2,upstream_2,4.39282143566213e+114,0
constant_head,211,pump_2,upstream_2,-2.11529626882175e+115,4.719909117582e+94
constant_head,212,pump_2,upstream_2,1.01858870669456e+116,1.88796364703279e+95
constant_head,213,pump_2,upstream_2,-4.90485880724219e+116,0
constant_head,214,pump_2,upstream_2,2.36186006784341e+117,6.04148367050496e+96
constant_head,215,pump_2,upstream_2,-1.13731774946031e+118,4.83318693640397e+97
constant_head,216,pump_2,upstream_2,5.4765804327203e+118,1.93327477456157e+98
constant_head,217,pump_2,upstream_2,-2.63716391046279e+119,9.21857249527728e+91
constant_head,218,pump_2,upstream_2,1.26988612256954e+120,3.68742899811091e+92
constant_head,219,pump_2,upstream_2,-6.11494324602568e+120,1.23729585571944e+100
constant_head,220,pump_2,upstream_2,2.94455780227391e+121,4.94918342287763e+100
constant_head,221,pump_2,upstream_2,-1.41790697020244e+122,3.95934673830213e+101
constant_head,222,pump_2,upstream_2,6.82771509730973e+122,1.58373869532085e+102
constant_head,223,pump_2,upstream_2,-3.28778223322898e+123,6.33495478128336e+102
constant_head,224,pump_2,upstream_2,1.58318146833563e+124,5.06796382502669e+103
constant_head,225,pump_2,upstream_2,-7.6235692752063e+124,2.02718553001069e+104
constant_head,226,pump_2,upstream_2,3.67101369339352e+125,0
constant_head,227,pump_2,upstream_2,-1.76772074216091e+126,6.48699369603416e+105
constant_head,228,pump_2,upstream_2,8.51219004682403e+126,0
constant_head,229,pump_2,upstream_2,-4.09891549412248e+127,2.47459171143881e+100
constant_head,230,pump_2,upstream_2,1.97377033824873e+128,4.15167596546198e+107
constant_head,231,pump_2,upstream_2,-9.50439049972301e+128,3.9593467383021e+101
constant_head,232,pump_2,upstream_2,4.5766945130696e+129,1.3285363089478e+109
constant_head,233,pump_2,upstream_2,-2.20383754924336e+130,0
constant_head,234,pump_2,upstream_2,1.06122441198232e+131,0
constant_head,235,pump_2,upstream_2,-5.11016455352561e+131,8.50263237726614e+110
constant_head,236,pump_2,upstream_2,2.46072192358733e+132,8.10874212004271e+104
constant_head,237,pump_2,upstream_2,-1.18492317063367e+133,2.72084236072509e+112
constant_head,238,pump_2,upstream_2,5.70581708906659e+133,1.08833694429004e+113
constant_head,239,pump_2,upstream_2,-2.74754933152958e+134,8.70669555432028e+113
constant_head,240,pump_2,upstream_2,1.32304054114423e+135,3.48267822172814e+114
constant_head,241,pump_2,upstream_2,-6.37090025436136e+135,1.39307128869125e+115
constant_head,242,pump_2,upstream_2,3.06781000194589e+136,0
constant_head,243,pump_2,upstream_2,-1.47725719008022e+137,4.45782812381202e+116
constant_head,244,pump_2,upstream_2,7.11350704332898e+137,1.78313124952481e+117
constant_head,245,pump_2,upstream_2,-3.42540099281853e+138,0
constant_head,246,pump_2,upstream_2,1.64944968636893e+139,2.85300999923967e+118
constant_head,247,pump_2,upstream_2,-7.94267378787646e+139,2.72084236072509e+112
constant_head,248,pump_2,upstream_2,3.82467361217281e+140,2.17667388858007e+113
constant_head,249,pump_2,upstream_2,-1.84171333612859e+141,0
constant_head,250,pump_2,upstream_2,8.86849011554467e+141,2.92148223922142e+121
constant_head,251,pump_2,upstream_2,-4.27048636650704e+142,1.16859289568858e+122
constant_head,252,pump_2,upstream_2,2.05638767917852e+143,4.67437158275441e+122
constant_head,253,pump_2,upstream_2,-9.90222172407032e+143,4.45782812381198e+116
constant_head,254,pump_2,upstream_2,4.7682640810132e+144,1.78313124952479e+117
constant_head,255,pump_2,upstream_2,-2.29608495748113e+145,5.98319562592551e+124
constant_head,256,pump_2,upstream_2,1.10564474668334e+146,2.39327825037026e+125
constant_head,257,pump_2,upstream_2,-5.32406391098671e+146,0
constant_head,258,pump_2,upstream_2,2.56372190193107e+147,0
constant_head,259,pump_2,upstream_2,-1.23452124172998e+148,3.06339616047386e+127
constant_head,260,pump_2,upstream_2,5.94464904767781e+148,2.45071692837907e+128
constant_head,261,pump_2,upstream_2,-2.86255522428558e+149,4.90143385675829e+128
constant_head,262,pump_2,upstream_2,1.3784198775007e+150,3.92114708540663e+129
constant_head,263,pump_2,upstream_2,-6.63757101546658e+150,1.86974863310171e+123
constant_head,264,pump_2,upstream_2,3.1962212461159e+151,6.27383533665061e+130
constant_head,265,pump_2,upstream_2,-1.53909166927453e+152,5.98319562592547e+124
constant_head,266,pump_2,upstream_2,7.41126156178602e+152,0
constant_head,267,pump_2,upstream_2,-3.56878014700044e+153,8.0305092309126e+132
constant_head,268,pump_2,upstream_2,1.71849173469938e+154,7.6584904011846e+126
constant_head,269,pump_2,upstream_2,-8.27513525794594e+154,2.56976295389203e+134
constant_head,270,pump_2,upstream_2,3.98476537038912e+155,1.02790518155681e+135
constant_head,271,pump_2,upstream_2,-1.91880308443366e+156,4.11162072622734e+135
constant_head,272,pump_2,upstream_2,9.23970405934486e+156,1.64464829049094e+136
constant_head,273,pump_2,upstream_2,-4.44923878832891e+157,1.31571863239271e+137
constant_head,274,pump_2,upstream_2,2.14246318587981e+158,5.26287452957085e+137
constant_head,275,pump_2,upstream_2,-1.03167052190837e+159,2.1051498118284e+138
constant_head,276,pump_2,upstream_2,4.96785229631666e+159,1.68411984946268e+139
constant_head,277,pump_2,upstream_2,-2.39219362324775e+160,1.60610184618251e+133
constant_head,278,pump_2,upstream_2,1.15192441114848e+161,2.69459175914027e+140
constant_head,279,pump_2,upstream_2,-5.5469165877897e+161,0
constant_head,280,pump_2,upstream_2,2.6710332148635e+162,8.62269362924888e+141
constant_head,281,pump_2,upstream_2,-1.28619537034483e+163,0
constant_head,282,pump_2,upstream_2,6.19347794512924e+163,1.64464829049089e+136
constant_head,283,pump_2,upstream_2,-2.98237499070753e+164,5.51852392271944e+143
constant_head,284,pump_2,upstream_2,1.43611726141574e+165,5.26287452957085e+137
constant_head,285,pump_2,upstream_2,-6.91540398159975e+165,0
constant_head,286,pump_2,upstream_2,3.33000748014e+166,0
constant_head,287,pump_2,upstream_2,-1.60351439298317e+167,5.65096849686454e+146
constant_head,288,pump_2,upstream_2,7.72147937756614e+167,2.69459175914027e+140
constant_head,289,pump_2,upstream_2,-3.71816081221822e+168,1.07783670365611e+141
constant_head,290,pump_2,upstream_2,1.79042371927864e+169,3.61661983799331e+148
constant_head,291,pump_2,upstream_2,-8.62151277594453e+169,0
constant_head,292,pump_2,upstream_2,4.15155818957327e+170,1.15731834815787e+150
constant_head,293,pump_2,upstream_2,-1.99911962660458e+171,9.25854678526293e+150
constant_head,294,pump_2,upstream_2,9.62645613763263e+171,3.70341871410515e+151
constant_head,295,pump_2,upstream_2,-4.63547336219987e+172,1.48136748564206e+152
constant_head,296,pump_2,upstream_2,2.23214160896274e+173,0
constant_head,297,pump_2,upstream_2,-1.07485380092838e+174,2.37018797702729e+153
constant_head,298,pump_2,upstream_2,5.17579480052366e+174,Inf
constant_head,299,pump_2,upstream_2,-2.49232516961744e+175,Inf
constant_head,300,pump_2,upstream_2,1.20014123250794e+176,0
constant_head,301,pump_2,upstream_2,-5.77909734862867e+176,Inf
constant_head,302,pump_2,upstream_2,2.78283632461617e+177,1.15731834815786e+150
constant_head,303,pump_2,upstream_2,-1.34003245531776e+178,Inf
constant_head,304,pump_2,upstream_2,6.45272222954979e+178,3.70341871410515e+151
constant_head,305,pump_2,upstream_2,-3.10721012811982e+179,0
constant_head,306,pump_2,upstream_2,1.49622972085752e+180,5.92546994256824e+152
constant_head,307,pump_2,upstream_2,-7.20486637616628e+180,Inf
constant_head,308,pump_2,upstream_2,3.46939368833421e+181,Inf
constant_head,309,pump_2,upstream_2,-1.6706336989775e+182,Inf
constant_head,310,pump_2,upstream_2,8.04468217470966e+182,Inf
constant_head,311,pump_2,upstream_2,-3.87379419747734e+183,Inf
constant_head,312,pump_2,upstream_2,1.8653666059779e+184,Inf
constant_head,313,pump_2,upstream_2,-8.9823888346043e+184,Inf
constant_head,314,pump_2,upstream_2,4.32533256023024e+185,Inf
constant_head,315,pump_2,upstream_2,-2.08279802857277e+186,Inf
constant_head,316,pump_2,upstream_2,1.00293967398329e+187,Inf
constant_head,317,pump_2,upstream_2,-4.82950327324338e+187,Inf
constant_head,318,pump_2,upstream_2,2.32557375795438e+188,Inf
constant_head,319,pump_2,upstream_2,-1.1198446294983e+189,Inf
constant_head,320,pump_2,upstream_2,5.39244128433612e+189,0
constant_head,321,pump_2,upstream_2,-2.59664798482268e+190,Inf
constant_head,322,pump_2,upstream_2,1.25037629555085e+191,Inf
constant_head,323,pump_2,upstream_2,-6.02099664495818e+191,Inf
constant_head,324,pump_2,upstream_2,2.89931924714125e+192,Inf
constant_head,325,pump_2,upstream_2,-1.39612303286744e+193,Inf
constant_head,326,pump_2,upstream_2,6.72281786431376e+193,0
constant_head,327,pump_2,upstream_2,-3.23727056804653e+194,0
constant_head,328,pump_2,upstream_2,1.55885834515465e+195,Inf
constant_head,329,pump_2,upstream_2,-7.50644497943424e+195,Inf
constant_head,330,pump_2,upstream_2,3.61461427232398e+196,Inf
constant_head,331,pump_2,upstream_2,-1.74056245979078e+197,Inf
constant_head,332,pump_2,upstream_2,8.38141347371243e+197,0
constant_head,333,pump_2,upstream_2,-4.03594202679588e+198,Inf
constant_head,334,pump_2,upstream_2,1.94344642401258e+199,Inf
constant_head,335,pump_2,upstream_2,-9.35837030842044e+199,0
constant_head,336,pump_2,upstream_2,4.50638071353175e+200,Inf
constant_head,337,pump_2,upstream_2,-2.16997900980888e+201,Inf
constant_head,338,pump_2,upstream_2,1.0449203479128e+202,Inf
constant_head,339,pump_2,upstream_2,-5.03165481576879e+202,Inf
constant_head,340,pump_2,upstream_2,2.4229167549106e+203,Inf
constant_head,341,pump_2,upstream_2,-1.1667186673515e+204,0
constant_head,342,pump_2,upstream_2,5.61815607567865e+204,Inf
constant_head,343,pump_2,upstream_2,-2.70533750542759e+205,Inf
constant_head,344,pump_2,upstream_2,1.30271407908316e+206,Inf
constant_head,345,pump_2,upstream_2,-6.2730212716038e+206,0
constant_head,346,pump_2,upstream_2,3.02067786829238e+207,Inf
constant_head,347,pump_2,upstream_2,-1.45456142884377e+208,Inf
constant_head,348,pump_2,upstream_2,7.00421906118738e+208,Inf
constant_head,349,pump_2,upstream_2,-3.37277502924698e+209,Inf
constant_head,350,pump_2,upstream_2,1.62410845499505e+210,Inf
constant_head,351,pump_2,upstream_2,-7.82064694713818e+210,Inf
constant_head,352,pump_2,upstream_2,3.76591344523036e+211,0
constant_head,353,pump_2,upstream_2,-1.81341827253262e+212,Inf
constant_head,354,pump_2,upstream_2,8.73223954554811e+212,Inf
constant_head,355,pump_2,upstream_2,-4.20487697933808e+213,Inf
constant_head,356,pump_2,upstream_2,2.02479447788185e+214,Inf
constant_head,357,pump_2,upstream_2,-9.75008947421389e+214,Inf
constant_head,358,pump_2,upstream_2,4.69500711275269e+215,Inf
constant_head,359,pump_2,upstream_2,-2.26080917996659e+216,0
constant_head,360,pump_2,upstream_2,1.08865823319796e+217,Inf
constant_head,361,pump_2,upstream_2,-5.24226794199066e+217,Inf
constant_head,362,pump_2,upstream_2,2.52433429864356e+218,0
constant_head,363,pump_2,upstream_2,-1.21555474115818e+219,Inf
constant_head,364,pump_2,upstream_2,5.85331875237797e+219,Inf
constant_head,365,pump_2,upstream_2,-2.81857651135444e+220,Inf
